{
  "1": {
    "diameter": 189.3079161299662,
    "min_x": -38.50000351667404,
    "min_y": -38.49983215332031,
    "min_z": -93.33360940217972,
    "max_x": 38.499996066093445,
    "max_y": 38.50017115473747,
    "max_z": 91.98366850614548,
    "size_x": 76.99999958276749,
    "size_y": 77.00000330805779,
    "size_z": 185.3172779083252,
    "plane_adaptation": true
  },
  "2": {
    "diameter": 128.32755525225633,
    "min_x": -24.499842897057533,
    "min_y": -24.492353200912476,
    "min_z": -64.43099677562714,
    "max_x": 24.469703435897827,
    "max_y": 24.492422118782997,
    "max_z": 60.62701344490051,
    "size_x": 48.96954633295536,
    "size_y": 48.98477531969547,
    "size_z": 125.05801022052765,
    "plane_adaptation": true
  },
  "3": {
    "diameter": 90.06027558253119,
    "min_x": -16.60710759460926,
    "min_y": -52.56035551428795,
    "min_z": -46.75000160932541,
    "max_x": 16.380460932850838,
    "max_y": 16.226325184106827,
    "max_z": 42.750000953674316,
    "size_x": 32.9875685274601,
    "size_y": 68.78668069839478,
    "size_z": 89.50000256299973,
    "plane_adaptation": true
  },
  "4": {
    "diameter": 47.305694492413096,
    "min_x": -5.367361009120941,
    "min_y": -6.110355257987976,
    "min_z": -50.25000125169754,
    "max_x": 5.132637917995453,
    "max_y": 4.389643669128418,
    "max_z": -3.250002861022949,
    "size_x": 10.499998927116394,
    "size_y": 10.499998927116394,
    "size_z": 46.99999839067459
  },
  "5": {
    "diameter": 20.01611984305185,
    "min_x": -9.99995693564415,
    "min_y": -3.9999959990382195,
    "min_z": -6.061251275241375,
    "max_x": 10.000042617321014,
    "max_y": 4.000004846602678,
    "max_z": 7.9387491568923,
    "size_x": 19.999999552965164,
    "size_y": 8.000000845640898,
    "size_z": 14.000000432133675
  },
  "6": {
    "diameter": 124.13903772951012,
    "min_x": -25.500081479549408,
    "min_y": -26.069819927215576,
    "min_z": -12.21325621008873,
    "max_x": 25.499917566776276,
    "max_y": 24.93017166852951,
    "max_z": 108.28673839569092,
    "size_x": 50.999999046325684,
    "size_y": 50.99999159574509,
    "size_z": 120.49999460577965,
    "frame_correction": [
      [1,0,0,0],
      [0,1,0,0],
      [0,0,1,0.048],
      [0,0,0,1]
    ],
    "plane_adaptation": true
  },
  "7": {
    "diameter": 232.2077114873638,
    "min_x": -48.99998381733894,
    "min_y": -48.99982362985611,
    "min_z": -115.01385271549225,
    "max_x": 49.00001361966133,
    "max_y": 49.00017753243446,
    "max_z": 112.31100559234619,
    "size_x": 97.99999743700027,
    "size_y": 98.00000116229057,
    "size_z": 227.32485830783844,
    "plane_adaptation": true
  },
  "8": {
    "diameter": 30.54272731968984,
    "min_x": -14.999999664723873,
    "min_y": -5.499999970197678,
    "min_z": -3.8185107987374067,
    "max_x": 14.999999664723873,
    "max_y": 5.499999970197678,
    "max_z": 4.931489937007427,
    "size_x": 29.999999329447746,
    "size_y": 10.999999940395355,
    "size_z": 8.750000735744834
  },
  "9": {
    "diameter": 38.221168840052684,
    "min_x": -15.333765186369419,
    "min_y": -7.499868515878916,
    "min_z": -11.057046242058277,
    "max_x": 17.16623455286026,
    "max_y": 7.500131148844957,
    "max_z": 8.9404983446002,
    "size_x": 32.49999973922968,
    "size_y": 14.999999664723873,
    "size_z": 19.997544586658478
  },
  "10": {
    "diameter": 38.142121727928746,
    "min_x": -15.333765186369419,
    "min_y": -7.499868515878916,
    "min_z": -11.057046242058277,
    "max_x": 17.16623455286026,
    "max_y": 7.500131148844957,
    "max_z": 8.9404983446002,
    "size_x": 32.49999973922968,
    "size_y": 14.999999664723873,
    "size_z": 19.997544586658478
  }
}
