####
#
# OBJ File Generated by Meshlab
#
####
# Object obj_000012.obj
#
# Vertices: 2304
# Faces: 770
#
####
vn -0.785648 -0.618673 0.001059
v 7.252367 5.757778 -13.683517
vn -0.785648 -0.618673 0.001059
v 7.714155 5.171258 -13.741463
vn -0.785648 -0.618673 0.001059
v 7.227993 5.806901 -3.068029
vn -0.830794 -0.556560 -0.004696
v 7.227993 5.806901 -3.068029
vn -0.830794 -0.556560 -0.004696
v 7.714155 5.171258 -13.741463
vn -0.830794 -0.556560 -0.004696
v 8.411132 4.040703 -3.057158
vn -0.713031 -0.701131 0.001607
v 7.252367 5.757778 -13.683517
vn -0.713031 -0.701131 0.001607
v 7.227993 5.806901 -3.068029
vn -0.713031 -0.701131 0.001607
v 6.388920 6.636250 -13.521860
vn -0.677094 -0.735886 -0.004034
v 6.388920 6.636250 -13.521860
vn -0.677094 -0.735886 -0.004034
v 7.227993 5.806901 -3.068029
vn -0.677094 -0.735886 -0.004034
v 5.663639 7.246332 -3.078351
vn -0.625157 -0.780496 0.002179
v 6.388920 6.636250 -13.521860
vn -0.625157 -0.780496 0.002179
v 5.663639 7.246332 -3.078351
vn -0.625157 -0.780496 0.002179
v 5.687207 7.198730 -13.369132
vn -0.834429 -0.551101 -0.003882
v 7.714155 5.171258 -13.741463
vn -0.834429 -0.551101 -0.003882
v 8.130125 4.541564 -13.760029
vn -0.834429 -0.551101 -0.003882
v 8.411132 4.040703 -3.057158
vn -0.874333 -0.485326 0.000244
v 8.411132 4.040703 -3.057158
vn -0.874333 -0.485326 0.000244
v 8.130125 4.541564 -13.760029
vn -0.874333 -0.485326 0.000244
v 8.435646 3.991158 -13.756811
vn -0.938187 -0.346130 -0.000547
v 8.411132 4.040703 -3.057158
vn -0.938187 -0.346130 -0.000547
v 8.435646 3.991158 -13.756811
vn -0.938187 -0.346130 -0.000547
v 9.146927 2.046309 -3.046197
vn -0.938184 -0.346136 -0.000548
v 9.146927 2.046309 -3.046197
vn -0.938184 -0.346136 -0.000548
v 8.435646 3.991158 -13.756811
vn -0.938184 -0.346136 -0.000548
v 9.171428 1.996839 -13.745965
vn -0.993201 -0.116398 -0.001736
v 9.146927 2.046309 -3.046197
vn -0.993201 -0.116398 -0.001736
v 9.171428 1.996839 -13.745965
vn -0.993201 -0.116398 -0.001736
v 9.394348 -0.065033 -3.035975
vn -0.993197 -0.116430 -0.001742
v 9.394348 -0.065033 -3.035975
vn -0.993197 -0.116430 -0.001742
v 9.171428 1.996839 -13.745965
vn -0.993197 -0.116430 -0.001742
v 9.418904 -0.114393 -13.735682
vn -0.865739 0.500477 -0.004305
v 5.463208 8.612074 -12.791688
vn -0.865739 0.500477 -0.004305
v 5.406377 8.513334 -12.841957
vn -0.865739 0.500477 -0.004305
v 5.383925 8.558433 -3.084885
vn -0.865123 0.501542 -0.004273
v 6.899923 11.107094 -10.870150
vn -0.865123 0.501542 -0.004273
v 6.467101 10.354214 -11.609100
vn -0.865123 0.501542 -0.004273
v 5.383925 8.558433 -3.084885
vn -0.865226 0.501363 -0.004323
v 5.383925 8.558433 -3.084885
vn -0.865226 0.501363 -0.004323
v 6.467101 10.354214 -11.609100
vn -0.865226 0.501363 -0.004323
v 5.986035 9.518466 -12.252636
vn -0.865108 0.501568 -0.004294
v 5.383925 8.558433 -3.084885
vn -0.865108 0.501568 -0.004294
v 5.986035 9.518466 -12.252636
vn -0.865108 0.501568 -0.004294
v 5.463208 8.612074 -12.791688
vn -0.865169 0.501463 -0.004297
v 6.412832 10.463976 12.127123
vn -0.865169 0.501463 -0.004297
v 5.371330 8.583866 2.415029
vn -0.865169 0.501463 -0.004297
v 5.928711 9.634290 12.776243
vn -0.865204 0.501401 -0.004289
v 5.928711 9.634290 12.776243
vn -0.865204 0.501401 -0.004289
v 5.371330 8.583866 2.415029
vn -0.865204 0.501401 -0.004289
v 5.346350 8.634479 13.372070
vn -0.865083 0.501611 -0.004335
v 6.412832 10.463976 12.127123
vn -0.865083 0.501611 -0.004335
v 6.848931 11.209649 11.383240
vn -0.865083 0.501611 -0.004335
v 5.371330 8.583866 2.415029
vn -0.865258 0.501310 -0.004218
v 5.371330 8.583866 2.415029
vn -0.865258 0.501310 -0.004218
v 6.848931 11.209649 11.383240
vn -0.865258 0.501310 -0.004218
v 7.230592 11.861427 10.555210
vn -0.865186 0.501433 -0.004284
v 5.371330 8.583866 2.415029
vn -0.865186 0.501433 -0.004284
v 7.230592 11.861427 10.555210
vn -0.865186 0.501433 -0.004284
v 7.552655 12.409431 9.654652
vn -0.865126 0.501536 -0.004243
v 7.849069 12.767483 -8.193116
vn -0.865126 0.501536 -0.004243
v 7.595799 12.322511 -9.149770
vn -0.865126 0.501536 -0.004243
v 5.383925 8.558433 -3.084885
vn -0.865182 0.501439 -0.004323
v 5.383925 8.558433 -3.084885
vn -0.865182 0.501439 -0.004323
v 7.595799 12.322511 -9.149770
vn -0.865182 0.501439 -0.004323
v 7.277931 11.766332 -10.046392
vn -0.865166 0.501468 -0.004305
v 5.383925 8.558433 -3.084885
vn -0.865166 0.501468 -0.004305
v 7.277931 11.766332 -10.046392
vn -0.865166 0.501468 -0.004305
v 6.899923 11.107094 -10.870150
vn -0.865045 0.501674 -0.004453
v 8.118573 13.359532 6.654260
vn -0.865045 0.501674 -0.004453
v 6.399497 10.357620 2.409172
vn -0.865045 0.501674 -0.004453
v 7.999848 13.164009 7.690247
vn -0.865159 0.501480 -0.004315
v 7.999848 13.164009 7.690247
vn -0.865159 0.501480 -0.004315
v 6.399497 10.357620 2.409172
vn -0.865159 0.501480 -0.004315
v 5.371330 8.583866 2.415029
vn -0.865172 0.501456 -0.004288
v 7.999848 13.164009 7.690247
vn -0.865172 0.501456 -0.004288
v 5.371330 8.583866 2.415029
vn -0.865172 0.501456 -0.004288
v 7.810351 12.845657 8.695093
vn -0.865137 0.501517 -0.004343
v 7.810351 12.845657 8.695093
vn -0.865137 0.501517 -0.004343
v 5.371330 8.583866 2.415029
vn -0.865137 0.501517 -0.004343
v 7.552655 12.409431 9.654652
vn -0.865170 0.501461 -0.004252
v 8.118573 13.359532 6.654260
vn -0.865170 0.501461 -0.004252
v 8.345540 13.714947 2.388603
vn -0.865170 0.501461 -0.004252
v 6.399497 10.357620 2.409172
vn -0.865169 0.501461 -0.004295
v 6.399497 10.357620 2.409172
vn -0.865169 0.501461 -0.004295
v 8.345540 13.714947 2.388603
vn -0.865169 0.501461 -0.004295
v 8.355320 13.695152 -1.892416
vn -0.865172 0.501457 -0.004300
v 6.399497 10.357620 2.409172
vn -0.865172 0.501457 -0.004300
v 8.355320 13.695152 -1.892416
vn -0.865172 0.501457 -0.004300
v 6.412091 10.332188 -3.090740
vn -0.865171 0.501459 -0.004310
v 6.412091 10.332188 -3.090740
vn -0.865171 0.501459 -0.004310
v 8.355320 13.695152 -1.892416
vn -0.865171 0.501459 -0.004310
v 8.147883 13.300621 -6.155521
vn -0.865159 0.501480 -0.004283
v 6.412091 10.332188 -3.090740
vn -0.865159 0.501480 -0.004283
v 8.147883 13.300621 -6.155521
vn -0.865159 0.501480 -0.004283
v 5.383925 8.558433 -3.084885
vn -0.865162 0.501475 -0.004293
v 5.383925 8.558433 -3.084885
vn -0.865162 0.501475 -0.004293
v 8.147883 13.300621 -6.155521
vn -0.865162 0.501475 -0.004293
v 8.033956 13.095209 -7.190286
vn -0.865187 0.501430 -0.004359
v 5.383925 8.558433 -3.084885
vn -0.865187 0.501430 -0.004359
v 8.033956 13.095209 -7.190286
vn -0.865187 0.501430 -0.004359
v 7.849069 12.767483 -8.193116
vn -0.999996 0.001702 -0.002257
v 9.410279 -6.117685 -14.407919
vn -0.999996 0.001702 -0.002257
v 9.407964 -7.116427 -14.135394
vn -0.999996 0.001702 -0.002257
v 9.405064 -7.845064 -13.399949
vn -0.999996 0.001522 -0.002219
v 9.343835 -7.990506 13.100774
vn -0.999996 0.001522 -0.002219
v 9.342033 -7.717962 14.099614
vn -0.999996 0.001522 -0.002219
v 9.341537 -6.982510 14.827968
vn -0.999996 0.001790 -0.002375
v 9.341537 -6.982510 14.827968
vn -0.999996 0.001790 -0.002375
v 9.342703 -5.981273 15.091555
vn -0.999996 0.001790 -0.002375
v 9.343835 -7.990506 13.100774
vn -0.999996 0.001699 -0.002283
v 9.343835 -7.990506 13.100774
vn -0.999996 0.001699 -0.002283
v 9.342703 -5.981273 15.091555
vn -0.999996 0.001699 -0.002283
v 9.354555 0.015431 14.363935
vn -0.999996 0.001702 -0.002301
v 9.343835 -7.990506 13.100774
vn -0.999996 0.001702 -0.002301
v 9.354555 0.015431 14.363935
vn -0.999996 0.001702 -0.002301
v 9.368144 -8.039501 2.501021
vn -0.999996 0.001691 -0.002294
v 9.368144 -8.039501 2.501021
vn -0.999996 0.001691 -0.002294
v 9.354555 0.015431 14.363935
vn -0.999996 0.001691 -0.002294
v 9.381755 -0.039545 2.464061
vn -0.999996 0.001696 -0.002308
v 9.342703 -5.981273 15.091555
vn -0.999996 0.001696 -0.002308
v 9.351529 -0.810970 15.067592
vn -0.999996 0.001696 -0.002308
v 9.354555 0.015431 14.363935
vn -0.999996 0.001480 -0.002561
v 9.354555 0.015431 14.363935
vn -0.999996 0.001480 -0.002561
v 9.351529 -0.810970 15.067592
vn -0.999996 0.001480 -0.002561
v 9.352327 -0.481918 14.946182
vn -0.999996 0.001694 -0.002379
v 9.354555 0.015431 14.363935
vn -0.999996 0.001694 -0.002379
v 9.352327 -0.481918 14.946182
vn -0.999996 0.001694 -0.002379
v 9.362489 4.669222 14.342378
vn -0.999996 0.001697 -0.002350
v 9.362489 4.669222 14.342378
vn -0.999996 0.001697 -0.002350
v 9.352327 -0.481918 14.946182
vn -0.999996 0.001697 -0.002350
v 9.361131 4.671978 14.922282
vn -0.999996 0.001670 -0.002349
v 9.362489 4.669222 14.342378
vn -0.999996 0.001670 -0.002349
v 9.361131 4.671978 14.922282
vn -0.999996 0.001670 -0.002349
v 9.366594 6.758654 14.080508
vn -0.999996 0.001688 -0.002306
v 9.366594 6.758654 14.080508
vn -0.999996 0.001688 -0.002306
v 9.361131 4.671978 14.922282
vn -0.999996 0.001688 -0.002306
v 9.365533 6.899027 14.643559
vn -0.999996 0.001698 -0.002309
v 9.366594 6.758654 14.080508
vn -0.999996 0.001698 -0.002309
v 9.365533 6.899027 14.643559
vn -0.999996 0.001698 -0.002309
v 9.371667 8.726109 13.330334
vn -0.999996 0.001676 -0.002340
v 9.371667 8.726109 13.330334
vn -0.999996 0.001676 -0.002340
v 9.365533 6.899027 14.643559
vn -0.999996 0.001676 -0.002340
v 9.370919 8.996207 13.843312
vn -0.999996 0.001660 -0.002332
v 9.371667 8.726109 13.330334
vn -0.999996 0.001660 -0.002332
v 9.370919 8.996207 13.843312
vn -0.999996 0.001660 -0.002332
v 9.377334 10.458935 12.133627
vn -0.999996 0.001713 -0.002286
v 9.377334 10.458935 12.133627
vn -0.999996 0.001713 -0.002286
v 9.370919 8.996207 13.843312
vn -0.999996 0.001713 -0.002286
v 9.376998 10.843184 12.568357
vn -0.999996 0.001718 -0.002290
v 9.377334 10.458935 12.133627
vn -0.999996 0.001718 -0.002290
v 9.376998 10.843184 12.568357
vn -0.999996 0.001718 -0.002290
v 9.383340 11.857923 10.560102
vn -0.999996 0.001689 -0.002304
v 9.383340 11.857923 10.560102
vn -0.999996 0.001689 -0.002304
v 9.376998 10.843184 12.568357
vn -0.999996 0.001689 -0.002304
v 9.383382 12.334388 10.890827
vn -0.999996 0.001683 -0.002295
v 9.383340 11.857923 10.560102
vn -0.999996 0.001683 -0.002295
v 9.383382 12.334388 10.890827
vn -0.999996 0.001683 -0.002295
v 9.389268 12.842700 8.699040
vn -0.999996 0.001698 -0.002292
v 9.389268 12.842700 8.699040
vn -0.999996 0.001698 -0.002292
v 9.383382 12.334388 10.890827
vn -0.999996 0.001698 -0.002292
v 9.389711 13.384135 8.906773
vn -0.999996 0.001706 -0.002312
v 9.389268 12.842700 8.699040
vn -0.999996 0.001706 -0.002312
v 9.389711 13.384135 8.906773
vn -0.999996 0.001706 -0.002312
v 9.394867 13.357375 6.657187
vn -0.999996 0.001601 -0.002311
v 9.394867 13.357375 6.657187
vn -0.999996 0.001601 -0.002311
v 9.389711 13.384135 8.906773
vn -0.999996 0.001601 -0.002311
v 9.395619 13.933064 6.730368
vn -0.999996 0.001599 -0.002296
v 9.394867 13.357375 6.657187
vn -0.999996 0.001599 -0.002296
v 9.395619 13.933064 6.730368
vn -0.999996 0.001599 -0.002296
v 9.405231 13.713166 2.390998
vn -0.999996 0.001772 -0.002304
v 9.405231 13.713166 2.390998
vn -0.999996 0.001772 -0.002304
v 9.395619 13.933064 6.730368
vn -0.999996 0.001772 -0.002304
v 9.406204 14.292402 2.413750
vn -0.999996 0.001771 -0.002281
v 9.405231 13.713166 2.390998
vn -0.999996 0.001771 -0.002281
v 9.406204 14.292402 2.413750
vn -0.999996 0.001771 -0.002281
v 9.414960 13.693361 -1.889898
vn -0.999996 0.001845 -0.002291
v 9.414960 13.693361 -1.889898
vn -0.999996 0.001845 -0.002291
v 9.406204 14.292402 2.413750
vn -0.999996 0.001845 -0.002291
v 9.416093 14.272712 -1.918098
vn -0.999996 0.001846 -0.002264
v 9.414960 13.693361 -1.889898
vn -0.999996 0.001846 -0.002264
v 9.416093 14.272712 -1.918098
vn -0.999996 0.001846 -0.002264
v 9.423881 13.298441 -6.152571
vn -0.999995 0.002208 -0.002347
v 9.423881 13.298441 -6.152571
vn -0.999995 0.002208 -0.002347
v 9.416093 14.272712 -1.918098
vn -0.999995 0.002208 -0.002347
v 9.425335 13.873108 -6.231368
vn -0.999995 0.002198 -0.002416
v 9.423881 13.298441 -6.152571
vn -0.999995 0.002198 -0.002416
v 9.425335 13.873108 -6.231368
vn -0.999995 0.002198 -0.002416
v 9.427629 12.764880 -8.189555
vn -0.999995 0.002186 -0.002409
v 9.427629 12.764880 -8.189555
vn -0.999995 0.002186 -0.002409
v 9.425335 13.873108 -6.231368
vn -0.999995 0.002186 -0.002409
v 9.429321 13.304346 -8.402489
vn -0.999994 0.002100 -0.002627
v 9.427629 12.764880 -8.189555
vn -0.999994 0.002100 -0.002627
v 9.429321 13.304346 -8.402489
vn -0.999994 0.002100 -0.002627
v 9.430389 11.762688 -10.041489
vn -0.999997 0.001456 -0.002021
v 9.430389 11.762688 -10.041489
vn -0.999997 0.001456 -0.002021
v 9.429321 13.304346 -8.402489
vn -0.999997 0.001456 -0.002021
v 9.431756 12.236049 -10.376483
vn -0.999997 0.001403 -0.002096
v 9.430389 11.762688 -10.041489
vn -0.999997 0.001403 -0.002096
v 9.431756 12.236049 -10.376483
vn -0.999997 0.001403 -0.002096
v 9.431678 10.349218 -11.602229
vn -0.999997 0.001327 -0.001980
v 9.431678 10.349218 -11.602229
vn -0.999997 0.001327 -0.001980
v 9.431756 12.236049 -10.376483
vn -0.999997 0.001327 -0.001980
v 9.433050 10.729402 -12.040262
vn -0.999997 0.001417 -0.001902
v 9.431678 10.349218 -11.602229
vn -0.999997 0.001417 -0.001902
v 9.433050 10.729402 -12.040262
vn -0.999997 0.001417 -0.001902
v 9.431451 8.605389 -12.782597
vn -0.999997 0.001402 -0.001856
v 9.431451 8.605389 -12.782597
vn -0.999997 0.001402 -0.001856
v 9.433050 10.729402 -12.040262
vn -0.999997 0.001402 -0.001856
v 9.432779 8.870594 -13.298389
vn -0.999997 0.001515 -0.001798
v 9.431451 8.605389 -12.782597
vn -0.999997 0.001515 -0.001798
v 9.432779 8.870594 -13.298389
vn -0.999997 0.001515 -0.001798
v 9.429776 6.631022 -13.514882
vn -0.999996 0.001568 -0.002352
v 9.429776 6.631022 -13.514882
vn -0.999996 0.001568 -0.002352
v 9.432779 8.870594 -13.298389
vn -0.999996 0.001568 -0.002352
v 9.431314 6.766249 -14.078847
vn -0.999996 0.001667 -0.002328
v 9.429776 6.631022 -13.514882
vn -0.999996 0.001667 -0.002328
v 9.431314 6.766249 -14.078847
vn -0.999996 0.001667 -0.002328
v 9.426853 4.539274 -13.757122
vn -0.999996 0.001712 -0.002015
v 9.426853 4.539274 -13.757122
vn -0.999996 0.001712 -0.002015
v 9.431314 6.766249 -14.078847
vn -0.999996 0.001712 -0.002015
v 9.428018 4.536628 -14.337124
vn -0.999996 0.001699 -0.002015
v 9.426853 4.539274 -13.757122
vn -0.999996 0.001699 -0.002015
v 9.428018 4.536628 -14.337124
vn -0.999996 0.001699 -0.002015
v 9.418904 -0.114393 -13.735682
vn -0.999996 0.001665 -0.002280
v 9.418904 -0.114393 -13.735682
vn -0.999996 0.001665 -0.002280
v 9.428018 4.536628 -14.337124
vn -0.999996 0.001665 -0.002280
v 9.419383 -0.617136 -14.313226
vn -0.999996 0.001691 -0.002303
v 9.418904 -0.114393 -13.735682
vn -0.999996 0.001691 -0.002303
v 9.419383 -0.617136 -14.313226
vn -0.999996 0.001691 -0.002303
v 9.394348 -0.065033 -3.035975
vn -0.999996 0.001827 -0.002309
v 9.394348 -0.065033 -3.035975
vn -0.999996 0.001827 -0.002309
v 9.419383 -0.617136 -14.313226
vn -0.999996 0.001827 -0.002309
v 9.419054 -0.947393 -14.431759
vn -0.999996 0.001693 -0.002299
v 9.394348 -0.065033 -3.035975
vn -0.999996 0.001693 -0.002299
v 9.419054 -0.947393 -14.431759
vn -0.999996 0.001693 -0.002299
v 9.380717 -8.064631 -2.998877
vn -0.999996 0.001687 -0.002303
v 9.380717 -8.064631 -2.998877
vn -0.999996 0.001687 -0.002303
v 9.419054 -0.947393 -14.431759
vn -0.999996 0.001687 -0.002303
v 9.410279 -6.117685 -14.407919
vn -0.999996 0.001693 -0.002302
v 9.380717 -8.064631 -2.998877
vn -0.999996 0.001693 -0.002302
v 9.410279 -6.117685 -14.407919
vn -0.999996 0.001693 -0.002302
v 9.402284 -8.108377 -12.398593
vn -0.999996 0.001653 -0.002342
v 9.402284 -8.108377 -12.398593
vn -0.999996 0.001653 -0.002342
v 9.410279 -6.117685 -14.407919
vn -0.999996 0.001653 -0.002342
v 9.405064 -7.845064 -13.399949
vn -0.764730 -0.644350 0.001229
v 5.687207 7.198730 -13.369132
vn -0.764730 -0.644350 0.001229
v 5.663639 7.246332 -3.078351
vn -0.764730 -0.644350 0.001229
v 5.350957 7.617425 -3.080717
vn -0.764697 -0.644389 0.001232
v 5.687207 7.198730 -13.369132
vn -0.764697 -0.644389 0.001232
v 5.350957 7.617425 -3.080717
vn -0.764697 -0.644389 0.001232
v 5.374193 7.570420 -13.245334
vn -0.978022 -0.208499 -0.001272
v 5.374193 7.570420 -13.245334
vn -0.978022 -0.208499 -0.001272
v 5.350957 7.617425 -3.080717
vn -0.978022 -0.208499 -0.001272
v 5.249776 8.092057 -3.083198
vn -0.978044 -0.208396 -0.001277
v 5.374193 7.570420 -13.245334
vn -0.978044 -0.208396 -0.001277
v 5.249776 8.092057 -3.083198
vn -0.978044 -0.208396 -0.001277
v 5.272644 8.045868 -13.058491
vn -0.961031 0.276419 -0.003483
v 5.272644 8.045868 -13.058491
vn -0.961031 0.276419 -0.003483
v 5.249776 8.092057 -3.083198
vn -0.961031 0.276419 -0.003483
v 5.383925 8.558433 -3.084885
vn -0.960996 0.276539 -0.003490
v 5.272644 8.045868 -13.058491
vn -0.960996 0.276539 -0.003490
v 5.383925 8.558433 -3.084885
vn -0.960996 0.276539 -0.003490
v 5.406377 8.513334 -12.841957
vn -0.002280 0.004694 0.999986
v 8.065760 4.671456 14.339411
vn -0.002280 0.004694 0.999986
v 8.371221 4.121100 14.342690
vn -0.002280 0.004694 0.999986
v 9.362489 4.669222 14.342378
vn -0.002220 0.004585 0.999987
v 9.362489 4.669222 14.342378
vn -0.002220 0.004585 0.999987
v 8.371221 4.121100 14.342690
vn -0.002220 0.004585 0.999987
v 9.107074 2.126613 14.353470
vn -0.002729 0.004637 0.999986
v 9.362489 4.669222 14.342378
vn -0.002729 0.004637 0.999986
v 9.107074 2.126613 14.353470
vn -0.002729 0.004637 0.999986
v 9.354555 0.015431 14.363935
vn 0.002218 -0.004611 -0.999987
v 9.418904 -0.114393 -13.735682
vn 0.002218 -0.004611 -0.999987
v 9.171428 1.996839 -13.745965
vn 0.002218 -0.004611 -0.999987
v 9.426853 4.539274 -13.757122
vn 0.002238 -0.004613 -0.999987
v 9.426853 4.539274 -13.757122
vn 0.002238 -0.004613 -0.999987
v 9.171428 1.996839 -13.745965
vn 0.002238 -0.004613 -0.999987
v 8.435646 3.991158 -13.756811
vn 0.002233 -0.004605 -0.999987
v 9.426853 4.539274 -13.757122
vn 0.002233 -0.004605 -0.999987
v 8.435646 3.991158 -13.756811
vn 0.002233 -0.004605 -0.999987
v 8.130125 4.541564 -13.760029
vn 0.002127 0.980814 -0.194936
v 8.147883 13.300621 -6.155521
vn 0.002127 0.980814 -0.194936
v 9.423881 13.298441 -6.152571
vn 0.002127 0.980814 -0.194936
v 8.033956 13.095209 -7.190286
vn 0.047615 0.966289 -0.253019
v 8.033956 13.095209 -7.190286
vn 0.047615 0.966289 -0.253019
v 9.423881 13.298441 -6.152571
vn 0.047615 0.966289 -0.253019
v 9.427629 12.764880 -8.189555
vn 0.037040 0.878898 -0.475569
v 9.430389 11.762688 -10.041489
vn 0.037040 0.878898 -0.475569
v 7.595799 12.322511 -9.149770
vn 0.037040 0.878898 -0.475569
v 9.427629 12.764880 -8.189555
vn 0.002447 0.906464 -0.422275
v 9.427629 12.764880 -8.189555
vn 0.002447 0.906464 -0.422275
v 7.595799 12.322511 -9.149770
vn 0.002447 0.906464 -0.422275
v 7.849069 12.767483 -8.193116
vn 0.002268 0.950403 -0.311012
v 9.427629 12.764880 -8.189555
vn 0.002268 0.950403 -0.311012
v 7.849069 12.767483 -8.193116
vn 0.002268 0.950403 -0.311012
v 8.033956 13.095209 -7.190286
vn 0.027772 0.740937 -0.671000
v 9.431678 10.349218 -11.602229
vn 0.027772 0.740937 -0.671000
v 6.899923 11.107094 -10.870150
vn 0.027772 0.740937 -0.671000
v 9.430389 11.762688 -10.041489
vn 0.002746 0.780143 -0.625595
v 9.430389 11.762688 -10.041489
vn 0.002746 0.780143 -0.625595
v 6.899923 11.107094 -10.870150
vn 0.002746 0.780143 -0.625595
v 7.277931 11.766332 -10.046392
vn 0.002640 0.849364 -0.527801
v 9.430389 11.762688 -10.041489
vn 0.002640 0.849364 -0.527801
v 7.277931 11.766332 -10.046392
vn 0.002640 0.849364 -0.527801
v 7.595799 12.322511 -9.149770
vn 0.002805 0.452410 -0.891806
v 5.406377 8.513334 -12.841957
vn 0.002805 0.452410 -0.891806
v 5.463208 8.612074 -12.791688
vn 0.002805 0.452410 -0.891806
v 9.431451 8.605389 -12.782597
vn 0.002830 0.509948 -0.860201
v 9.431451 8.605389 -12.782597
vn 0.002830 0.509948 -0.860201
v 5.463208 8.612074 -12.791688
vn 0.002830 0.509948 -0.860201
v 5.986035 9.518466 -12.252636
vn 0.021166 0.560416 -0.827941
v 9.431451 8.605389 -12.782597
vn 0.021166 0.560416 -0.827941
v 5.986035 9.518466 -12.252636
vn 0.021166 0.560416 -0.827941
v 9.431678 10.349218 -11.602229
vn 0.002864 0.609061 -0.793118
v 9.431678 10.349218 -11.602229
vn 0.002864 0.609061 -0.793118
v 5.986035 9.518466 -12.252636
vn 0.002864 0.609061 -0.793118
v 6.467101 10.354214 -11.609100
vn 0.002835 0.699641 -0.714489
v 9.431678 10.349218 -11.602229
vn 0.002835 0.699641 -0.714489
v 6.467101 10.354214 -11.609100
vn 0.002835 0.699641 -0.714489
v 6.899923 11.107094 -10.870150
vn 0.035433 0.302804 -0.952394
v 5.687207 7.198730 -13.369132
vn 0.035433 0.302804 -0.952394
v 9.431451 8.605389 -12.782597
vn 0.035433 0.302804 -0.952394
v 6.388920 6.636250 -13.521860
vn 0.002749 0.347744 -0.937585
v 6.388920 6.636250 -13.521860
vn 0.002749 0.347744 -0.937585
v 9.431451 8.605389 -12.782597
vn 0.002749 0.347744 -0.937585
v 9.429776 6.631022 -13.514882
vn 0.002571 0.183424 -0.983030
v 6.388920 6.636250 -13.521860
vn 0.002571 0.183424 -0.983030
v 9.429776 6.631022 -13.514882
vn 0.002571 0.183424 -0.983030
v 7.252367 5.757778 -13.683517
vn 0.022572 0.332979 -0.942664
v 5.687207 7.198730 -13.369132
vn 0.022572 0.332979 -0.942664
v 5.374193 7.570420 -13.245334
vn 0.022572 0.332979 -0.942664
v 9.431451 8.605389 -12.782597
vn 0.012172 0.367978 -0.929755
v 9.431451 8.605389 -12.782597
vn 0.012172 0.367978 -0.929755
v 5.374193 7.570420 -13.245334
vn 0.012172 0.367978 -0.929755
v 5.272644 8.045868 -13.058491
vn 0.003796 0.419410 -0.907789
v 9.431451 8.605389 -12.782597
vn 0.003796 0.419410 -0.907789
v 5.272644 8.045868 -13.058491
vn 0.003796 0.419410 -0.907789
v 5.406377 8.513334 -12.841957
vn 0.002430 0.115035 -0.993358
v 9.426853 4.539274 -13.757122
vn 0.002430 0.115035 -0.993358
v 8.130125 4.541564 -13.760029
vn 0.002430 0.115035 -0.993358
v 9.429776 6.631022 -13.514882
vn 0.068138 0.074345 -0.994902
v 9.429776 6.631022 -13.514882
vn 0.068138 0.074345 -0.994902
v 8.130125 4.541564 -13.760029
vn 0.068138 0.074345 -0.994902
v 7.714155 5.171258 -13.741463
vn 0.028527 0.120496 -0.992304
v 9.429776 6.631022 -13.514882
vn 0.028527 0.120496 -0.992304
v 7.714155 5.171258 -13.741463
vn 0.028527 0.120496 -0.992304
v 7.252367 5.757778 -13.683517
vn 0.001494 0.996539 0.083113
v 8.118573 13.359532 6.654260
vn 0.001494 0.996539 0.083113
v 9.394867 13.357375 6.657187
vn 0.001494 0.996539 0.083113
v 9.405231 13.713166 2.390998
vn 0.001487 0.996539 0.083111
v 8.118573 13.359532 6.654260
vn 0.001487 0.996539 0.083111
v 9.405231 13.713166 2.390998
vn 0.001487 0.996539 0.083111
v 8.345540 13.714947 2.388603
vn 0.001691 0.999988 -0.004622
v 8.345540 13.714947 2.388603
vn 0.001691 0.999988 -0.004622
v 9.405231 13.713166 2.390998
vn 0.001691 0.999988 -0.004622
v 9.414960 13.693361 -1.889898
vn 0.001701 0.999988 -0.004620
v 8.345540 13.714947 2.388603
vn 0.001701 0.999988 -0.004620
v 9.414960 13.693361 -1.889898
vn 0.001701 0.999988 -0.004620
v 8.355320 13.695152 -1.892416
vn 0.001902 0.995734 -0.092247
v 8.355320 13.695152 -1.892416
vn 0.001902 0.995734 -0.092247
v 9.414960 13.693361 -1.889898
vn 0.001902 0.995734 -0.092247
v 9.423881 13.298441 -6.152571
vn 0.001915 0.995735 -0.092244
v 8.355320 13.695152 -1.892416
vn 0.001915 0.995735 -0.092244
v 9.423881 13.298441 -6.152571
vn 0.001915 0.995735 -0.092244
v 8.147883 13.300621 -6.155521
vn -0.002217 0.040256 0.999187
v 8.065760 4.671456 14.339411
vn -0.002217 0.040256 0.999187
v 9.362489 4.669222 14.342378
vn -0.002217 0.040256 0.999187
v 7.651475 5.298896 14.313212
vn 0.028819 0.124250 0.991832
v 7.651475 5.298896 14.313212
vn 0.028819 0.124250 0.991832
v 9.362489 4.669222 14.342378
vn 0.028819 0.124250 0.991832
v 9.366594 6.758654 14.080508
vn 0.023894 0.129941 0.991234
v 7.651475 5.298896 14.313212
vn 0.023894 0.129941 0.991234
v 9.366594 6.758654 14.080508
vn 0.023894 0.129941 0.991234
v 7.188378 5.886907 14.247293
vn 0.084186 0.389184 0.917305
v 5.211554 8.169172 13.592058
vn 0.084186 0.389184 0.917305
v 5.312356 7.695417 13.783806
vn 0.084186 0.389184 0.917305
v 5.624717 7.324803 13.912379
vn -0.000358 0.427504 0.904014
v 5.346350 8.634479 13.372070
vn -0.000358 0.427504 0.904014
v 5.211554 8.169172 13.592058
vn -0.000358 0.427504 0.904014
v 9.371667 8.726109 13.330334
vn 0.010620 0.359214 0.933195
v 9.371667 8.726109 13.330334
vn 0.010620 0.359214 0.933195
v 5.211554 8.169172 13.592058
vn 0.010620 0.359214 0.933195
v 5.624717 7.324803 13.912379
vn 0.011915 0.356220 0.934326
v 9.371667 8.726109 13.330334
vn 0.011915 0.356220 0.934326
v 5.624717 7.324803 13.912379
vn 0.011915 0.356220 0.934326
v 9.366594 6.758654 14.080508
vn -0.001646 0.274671 0.961537
v 9.366594 6.758654 14.080508
vn -0.001646 0.274671 0.961537
v 5.624717 7.324803 13.912379
vn -0.001646 0.274671 0.961537
v 6.325701 6.763803 14.073833
vn -0.001829 0.192320 0.981331
v 9.366594 6.758654 14.080508
vn -0.001829 0.192320 0.981331
v 6.325701 6.763803 14.073833
vn -0.001829 0.192320 0.981331
v 7.188378 5.886907 14.247293
vn -0.000293 0.747340 0.664442
v 9.377334 10.458935 12.133627
vn -0.000293 0.747340 0.664442
v 9.383340 11.857923 10.560102
vn -0.000293 0.747340 0.664442
v 7.230592 11.861427 10.555210
vn 0.043170 0.775273 0.630150
v 7.230592 11.861427 10.555210
vn 0.043170 0.775273 0.630150
v 6.848931 11.209649 11.383240
vn 0.043170 0.775273 0.630150
v 9.377334 10.458935 12.133627
vn -0.000352 0.706360 0.707853
v 9.377334 10.458935 12.133627
vn -0.000352 0.706360 0.707853
v 6.848931 11.209649 11.383240
vn -0.000352 0.706360 0.707853
v 6.412832 10.463976 12.127123
vn -0.000839 0.568267 0.822844
v 9.377334 10.458935 12.133627
vn -0.000839 0.568267 0.822844
v 6.412832 10.463976 12.127123
vn -0.000839 0.568267 0.822844
v 9.371667 8.726109 13.330334
vn 0.031345 0.604479 0.796004
v 9.371667 8.726109 13.330334
vn 0.031345 0.604479 0.796004
v 6.412832 10.463976 12.127123
vn 0.031345 0.604479 0.796004
v 5.928711 9.634290 12.776243
vn -0.002781 0.513121 0.858312
v 9.371667 8.726109 13.330334
vn -0.002781 0.513121 0.858312
v 5.928711 9.634290 12.776243
vn -0.002781 0.513121 0.858312
v 5.346350 8.634479 13.372070
vn 0.001079 0.969669 0.244420
v 9.389268 12.842700 8.699040
vn 0.001079 0.969669 0.244420
v 9.394867 13.357375 6.657187
vn 0.001079 0.969669 0.244420
v 8.118573 13.359532 6.654260
vn 0.085010 0.977274 0.194185
v 8.118573 13.359532 6.654260
vn 0.085010 0.977274 0.194185
v 7.999848 13.164009 7.690247
vn 0.085010 0.977274 0.194185
v 9.389268 12.842700 8.699040
vn 0.001030 0.953245 0.302197
v 9.389268 12.842700 8.699040
vn 0.001030 0.953245 0.302197
v 7.999848 13.164009 7.690247
vn 0.001030 0.953245 0.302197
v 7.810351 12.845657 8.695093
vn 0.000486 0.883883 0.467707
v 9.389268 12.842700 8.699040
vn 0.000486 0.883883 0.467707
v 7.810351 12.845657 8.695093
vn 0.000486 0.883883 0.467707
v 9.383340 11.857923 10.560102
vn 0.060866 0.902397 0.426586
v 9.383340 11.857923 10.560102
vn 0.060866 0.902397 0.426586
v 7.810351 12.845657 8.695093
vn 0.060866 0.902397 0.426586
v 7.552655 12.409431 9.654652
vn 0.000210 0.854234 0.519889
v 9.383340 11.857923 10.560102
vn 0.000210 0.854234 0.519889
v 7.552655 12.409431 9.654652
vn 0.000210 0.854234 0.519889
v 7.230592 11.861427 10.555210
vn -0.001704 -0.999988 0.004650
v 9.380717 -8.064631 -2.998877
vn -0.001704 -0.999988 0.004650
v 9.402284 -8.108377 -12.398593
vn -0.001704 -0.999988 0.004650
v 30.401905 -8.143932 -12.350312
vn -0.002000 -0.999987 0.004619
v 9.312419 -8.039391 2.500886
vn -0.002000 -0.999987 0.004619
v 9.325014 -8.064820 -2.999027
vn -0.002000 -0.999987 0.004619
v 9.368144 -8.039501 2.501021
vn 0.003398 -0.999984 0.004577
v 9.368144 -8.039501 2.501021
vn 0.003398 -0.999984 0.004577
v 9.325014 -8.064820 -2.999027
vn 0.003398 -0.999984 0.004577
v 9.380717 -8.064631 -2.998877
vn -0.001742 -0.999988 0.004565
v 9.380717 -8.064631 -2.998877
vn -0.001742 -0.999988 0.004565
v 30.401905 -8.143932 -12.350312
vn -0.001742 -0.999988 0.004565
v 9.368144 -8.039501 2.501021
vn -0.001402 -0.999986 0.005045
v 9.368144 -8.039501 2.501021
vn -0.001402 -0.999986 0.005045
v 30.401905 -8.143932 -12.350312
vn -0.001402 -0.999986 0.005045
v 30.400614 -8.140399 -11.650365
vn -0.001690 -0.999988 0.004618
v 9.368144 -8.039501 2.501021
vn -0.001690 -0.999988 0.004618
v 30.400614 -8.140399 -11.650365
vn -0.001690 -0.999988 0.004618
v 9.343835 -7.990506 13.100774
vn -0.001701 -0.999988 0.004609
v 9.343835 -7.990506 13.100774
vn -0.001701 -0.999988 0.004609
v 30.400614 -8.140399 -11.650365
vn -0.001701 -0.999988 0.004609
v 30.345375 -8.029229 12.448843
vn -0.001690 -0.999986 0.004949
v 9.343835 -7.990506 13.100774
vn -0.001690 -0.999986 0.004949
v 30.345375 -8.029229 12.448843
vn -0.001690 -0.999986 0.004949
v 30.343500 -8.025760 13.149184
vn 0.999996 -0.001982 0.001847
v 32.386150 10.722068 8.533665
vn 0.999996 -0.001982 0.001847
v 32.366928 4.621095 12.395303
vn 0.999996 -0.001982 0.001847
v 32.388794 11.111680 7.519478
vn 0.999996 -0.001371 0.002660
v 32.388794 11.111680 7.519478
vn 0.999996 -0.001371 0.002660
v 32.366928 4.621095 12.395303
vn 0.999996 -0.001371 0.002660
v 32.391930 11.334908 6.456698
vn 0.999996 -0.001680 0.002324
v 32.386150 10.722068 8.533665
vn 0.999996 -0.001680 0.002324
v 32.383049 10.175835 9.472613
vn 0.999996 -0.001680 0.002324
v 32.366928 4.621095 12.395303
vn 0.999996 -0.001739 0.002211
v 32.366928 4.621095 12.395303
vn 0.999996 -0.001739 0.002211
v 32.383049 10.175835 9.472613
vn 0.999996 -0.001739 0.002211
v 32.379997 9.487367 10.312652
vn 0.999994 -0.001340 0.003144
v 32.366928 4.621095 12.395303
vn 0.999994 -0.001340 0.003144
v 32.379997 9.487367 10.312652
vn 0.999994 -0.001340 0.003144
v 32.376644 8.673748 11.032307
vn 0.999996 -0.001554 0.002508
v 32.376644 8.673748 11.032307
vn 0.999996 -0.001554 0.002508
v 32.373760 7.755870 11.613262
vn 0.999996 -0.001554 0.002508
v 32.366928 4.621095 12.395303
vn 0.999994 -0.001430 0.003005
v 32.366928 4.621095 12.395303
vn 0.999994 -0.001430 0.003005
v 32.373760 7.755870 11.613262
vn 0.999994 -0.001430 0.003005
v 32.371048 6.757295 12.040635
vn 0.999992 -0.001326 0.003629
v 32.366928 4.621095 12.395303
vn 0.999992 -0.001326 0.003629
v 32.371048 6.757295 12.040635
vn 0.999992 -0.001326 0.003629
v 32.368698 5.703404 12.303242
vn 0.999996 -0.001672 0.002320
v 32.391930 11.334908 6.456698
vn 0.999996 -0.001672 0.002320
v 32.366928 4.621095 12.395303
vn 0.999996 -0.001672 0.002320
v 32.399525 11.624226 3.390785
vn 0.999996 -0.001688 0.002307
v 32.399525 11.624226 3.390785
vn 0.999996 -0.001688 0.002307
v 32.366928 4.621095 12.395303
vn 0.999996 -0.001688 0.002307
v 32.348835 -6.032656 12.444509
vn 0.999996 -0.001703 0.002278
v 32.399525 11.624226 3.390785
vn 0.999996 -0.001703 0.002278
v 32.348835 -6.032656 12.444509
vn 0.999996 -0.001703 0.002278
v 32.406685 11.711314 0.312413
vn 0.999996 -0.001696 0.002288
v 32.406685 11.711314 0.312413
vn 0.999996 -0.001696 0.002288
v 32.348835 -6.032656 12.444509
vn 0.999996 -0.001696 0.002288
v 32.403778 -6.144137 -11.654990
vn 0.999996 -0.001706 0.002302
v 32.406685 11.711314 0.312413
vn 0.999996 -0.001706 0.002302
v 32.403778 -6.144137 -11.654990
vn 0.999996 -0.001706 0.002302
v 32.413570 11.595718 -2.764993
vn 0.999996 -0.001713 0.002317
v 32.413570 11.595718 -2.764993
vn 0.999996 -0.001713 0.002317
v 32.403778 -6.144137 -11.654990
vn 0.999996 -0.001713 0.002317
v 32.422146 4.509723 -11.704332
vn 0.999996 -0.001699 0.002306
v 32.413570 11.595718 -2.764993
vn 0.999996 -0.001699 0.002306
v 32.422146 4.509723 -11.704332
vn 0.999996 -0.001699 0.002306
v 32.420094 11.278054 -5.828184
vn 0.999996 -0.001713 0.002322
v 32.420094 11.278054 -5.828184
vn 0.999996 -0.001713 0.002322
v 32.422146 4.509723 -11.704332
vn 0.999996 -0.001713 0.002322
v 32.423809 5.592813 -11.622507
vn 0.999996 -0.001644 0.002254
v 32.420094 11.278054 -5.828184
vn 0.999996 -0.001644 0.002254
v 32.423809 5.592813 -11.622507
vn 0.999996 -0.001644 0.002254
v 32.424976 6.649130 -11.369407
vn 0.999996 -0.001756 0.002347
v 32.424976 6.649130 -11.369407
vn 0.999996 -0.001756 0.002347
v 32.425755 7.651626 -10.951224
vn 0.999996 -0.001756 0.002347
v 32.420094 11.278054 -5.828184
vn 0.999996 -0.001609 0.002243
v 32.420094 11.278054 -5.828184
vn 0.999996 -0.001609 0.002243
v 32.425755 7.651626 -10.951224
vn 0.999996 -0.001609 0.002243
v 32.425957 8.574760 -10.378854
vn 0.999998 -0.001071 0.001924
v 32.420094 11.278054 -5.828184
vn 0.999998 -0.001071 0.001924
v 32.425957 8.574760 -10.378854
vn 0.999998 -0.001071 0.001924
v 32.425465 9.394924 -9.666740
vn 0.999995 -0.001957 0.002358
v 32.425465 9.394924 -9.666740
vn 0.999995 -0.001957 0.002358
v 32.424858 10.091324 -8.833076
vn 0.999995 -0.001957 0.002358
v 32.420094 11.278054 -5.828184
vn 0.999998 -0.000731 0.001874
v 32.420094 11.278054 -5.828184
vn 0.999998 -0.000731 0.001874
v 32.424858 10.091324 -8.833076
vn 0.999998 -0.000731 0.001874
v 32.423515 10.646003 -7.899276
vn 0.999992 -0.002950 0.002551
v 32.420094 11.278054 -5.828184
vn 0.999992 -0.002950 0.002551
v 32.423515 10.646003 -7.899276
vn 0.999992 -0.002950 0.002551
v 32.422115 11.044991 -6.889009
vn -0.625142 -0.780508 0.002170
v 5.624717 7.324803 13.912379
vn -0.625142 -0.780508 0.002170
v 5.651055 7.271757 2.421741
vn -0.625142 -0.780508 0.002170
v 6.325701 6.763803 14.073833
vn -0.677107 -0.735850 0.007126
v 6.325701 6.763803 14.073833
vn -0.677107 -0.735850 0.007126
v 5.651055 7.271757 2.421741
vn -0.677107 -0.735850 0.007126
v 7.215460 5.832336 2.431940
vn -0.713021 -0.701141 0.001604
v 6.325701 6.763803 14.073833
vn -0.713021 -0.701141 0.001604
v 7.215460 5.832336 2.431940
vn -0.713021 -0.701141 0.001604
v 7.188378 5.886907 14.247293
vn -0.785668 -0.618647 0.001056
v 7.188378 5.886907 14.247293
vn -0.785668 -0.618647 0.001056
v 7.215460 5.832336 2.431940
vn -0.785668 -0.618647 0.001056
v 7.651475 5.298896 14.313212
vn -0.830833 -0.556495 0.005504
v 7.651475 5.298896 14.313212
vn -0.830833 -0.556495 0.005504
v 7.215460 5.832336 2.431940
vn -0.830833 -0.556495 0.005504
v 8.398541 4.066134 2.442814
vn -0.834583 -0.550862 0.004683
v 7.651475 5.298896 14.313212
vn -0.834583 -0.550862 0.004683
v 8.398541 4.066134 2.442814
vn -0.834583 -0.550862 0.004683
v 8.065760 4.671456 14.339411
vn -0.993201 -0.116402 -0.001732
v 9.381755 -0.039545 2.464061
vn -0.993201 -0.116402 -0.001732
v 9.354555 0.015431 14.363935
vn -0.993201 -0.116402 -0.001732
v 9.134334 2.071736 2.453717
vn -0.993197 -0.116435 -0.001738
v 9.134334 2.071736 2.453717
vn -0.993197 -0.116435 -0.001738
v 9.354555 0.015431 14.363935
vn -0.993197 -0.116435 -0.001738
v 9.107074 2.126613 14.353470
vn -0.938187 -0.346128 -0.000553
v 9.134334 2.071736 2.453717
vn -0.938187 -0.346128 -0.000553
v 9.107074 2.126613 14.353470
vn -0.938187 -0.346128 -0.000553
v 8.398541 4.066134 2.442814
vn -0.938183 -0.346139 -0.000555
v 8.398541 4.066134 2.442814
vn -0.938183 -0.346139 -0.000555
v 9.107074 2.126613 14.353470
vn -0.938183 -0.346139 -0.000555
v 8.371221 4.121100 14.342690
vn -0.874355 -0.485287 0.000234
v 8.398541 4.066134 2.442814
vn -0.874355 -0.485287 0.000234
v 8.371221 4.121100 14.342690
vn -0.874355 -0.485287 0.000234
v 8.065760 4.671456 14.339411
vn 0.158707 -0.004821 -0.987314
v 30.408546 -6.149652 -13.659684
vn 0.158707 -0.004821 -0.987314
v 30.426409 4.503833 -13.708832
vn 0.158707 -0.004821 -0.987314
v 31.026394 -6.150313 -13.560364
vn 0.158759 -0.004818 -0.987306
v 31.026394 -6.150313 -13.560364
vn 0.158759 -0.004818 -0.987306
v 30.426409 4.503833 -13.708832
vn 0.158759 -0.004818 -0.987306
v 31.044388 4.503250 -13.609458
vn 0.408858 -0.004896 -0.912585
v 31.026394 -6.150313 -13.560364
vn 0.408858 -0.004896 -0.912585
v 31.044388 4.503250 -13.609458
vn 0.408858 -0.004896 -0.912585
v 31.407955 -6.150171 -13.389416
vn 0.408629 -0.004906 -0.912687
v 31.407955 -6.150171 -13.389416
vn 0.408629 -0.004906 -0.912687
v 31.044388 4.503250 -13.609458
vn 0.408629 -0.004906 -0.912687
v 31.426062 4.503400 -13.438576
vn 0.546428 -0.004793 -0.837492
v 31.407955 -6.150171 -13.389416
vn 0.546428 -0.004793 -0.837492
v 31.426062 4.503400 -13.438576
vn 0.546428 -0.004793 -0.837492
v 31.583294 -6.150177 -13.275015
vn 0.546926 -0.004781 -0.837167
v 31.583294 -6.150177 -13.275015
vn 0.546926 -0.004781 -0.837167
v 31.426062 4.503400 -13.438576
vn 0.546926 -0.004781 -0.837167
v 31.601210 4.503618 -13.324152
vn 0.709003 -0.004445 -0.705191
v 31.583294 -6.150177 -13.275015
vn 0.709003 -0.004445 -0.705191
v 31.601210 4.503618 -13.324152
vn 0.709003 -0.004445 -0.705191
v 32.024429 -6.148882 -12.831505
vn 0.708460 -0.004491 -0.705737
v 32.024429 -6.148882 -12.831505
vn 0.708460 -0.004491 -0.705737
v 31.601210 4.503618 -13.324152
vn 0.708460 -0.004491 -0.705737
v 32.042873 4.504937 -12.880793
vn 0.839629 -0.003966 -0.543146
v 32.024429 -6.148882 -12.831505
vn 0.839629 -0.003966 -0.543146
v 32.042873 4.504937 -12.880793
vn 0.839629 -0.003966 -0.543146
v 32.138145 -6.148266 -12.655716
vn 0.840008 -0.003951 -0.542559
v 32.138145 -6.148266 -12.655716
vn 0.840008 -0.003951 -0.542559
v 32.042873 4.504937 -12.880793
vn 0.840008 -0.003951 -0.542559
v 32.156460 4.505552 -12.704937
vn 0.914572 -0.003440 -0.404408
v 32.138145 -6.148266 -12.655716
vn 0.914572 -0.003440 -0.404408
v 32.156460 4.505552 -12.704937
vn 0.914572 -0.003440 -0.404408
v 32.307224 -6.146823 -12.273362
vn 0.914477 -0.003450 -0.404622
v 32.307224 -6.146823 -12.273362
vn 0.914477 -0.003450 -0.404622
v 32.156460 4.505552 -12.704937
vn 0.914477 -0.003450 -0.404622
v 32.325665 4.507029 -12.322530
vn 0.988026 -0.002422 -0.154265
v 32.307224 -6.146823 -12.273362
vn 0.988026 -0.002422 -0.154265
v 32.325665 4.507029 -12.322530
vn 0.988026 -0.002422 -0.154265
v 32.403778 -6.144137 -11.654990
vn 0.988039 -0.002417 -0.154185
v 32.403778 -6.144137 -11.654990
vn 0.988039 -0.002417 -0.154185
v 32.325665 4.507029 -12.322530
vn 0.988039 -0.002417 -0.154185
v 32.422146 4.509723 -11.704332
vn 0.158093 0.964499 -0.211539
v 30.424099 13.262933 -6.104395
vn 0.158093 0.964499 -0.211539
v 31.041906 13.164900 -6.089652
vn 0.158093 0.964499 -0.211539
v 31.044504 12.866708 -7.447302
vn 0.454871 0.870019 -0.190154
v 31.041906 13.164900 -6.089652
vn 0.454871 0.870019 -0.190154
v 31.598680 12.882513 -6.049803
vn 0.454871 0.870019 -0.190154
v 31.601425 12.594036 -7.363117
vn 0.707562 0.690508 -0.150179
v 31.598680 12.882513 -6.049803
vn 0.707562 0.690508 -0.150179
v 32.040165 12.443420 -5.988672
vn 0.707562 0.690508 -0.150179
v 32.042789 12.170108 -7.232964
vn 0.891415 0.442993 -0.095582
v 32.040165 12.443420 -5.988672
vn 0.891415 0.442993 -0.095582
v 32.323120 11.890525 -5.912287
vn 0.891415 0.442993 -0.095582
v 32.325382 11.636264 -7.069587
vn 0.987982 0.010133 -0.154234
v 32.422146 4.509723 -11.704332
vn 0.987982 0.010133 -0.154234
v 32.327469 5.688455 -12.233349
vn 0.987982 0.010133 -0.154234
v 32.423809 5.592813 -11.622507
vn 0.988012 0.035172 -0.150319
v 32.423809 5.592813 -11.622507
vn 0.988012 0.035172 -0.150319
v 32.327469 5.688455 -12.233349
vn 0.988012 0.035172 -0.150319
v 32.328461 6.840875 -11.957189
vn 0.987944 0.035040 -0.150791
v 32.423809 5.592813 -11.622507
vn 0.987944 0.035040 -0.150791
v 32.328461 6.840875 -11.957189
vn 0.987944 0.035040 -0.150791
v 32.424976 6.649130 -11.369407
vn 0.987968 0.058816 -0.143039
v 32.424976 6.649130 -11.369407
vn 0.987968 0.058816 -0.143039
v 32.328461 6.840875 -11.957189
vn 0.987968 0.058816 -0.143039
v 32.329391 7.934468 -11.501081
vn 0.987990 0.058834 -0.142881
v 32.424976 6.649130 -11.369407
vn 0.987990 0.058834 -0.142881
v 32.329391 7.934468 -11.501081
vn 0.987990 0.058834 -0.142881
v 32.425755 7.651626 -10.951224
vn 0.988000 0.081296 -0.131328
v 32.425755 7.651626 -10.951224
vn 0.988000 0.081296 -0.131328
v 32.329391 7.934468 -11.501081
vn 0.988000 0.081296 -0.131328
v 32.329529 8.941538 -10.876636
vn 0.987980 0.081303 -0.131475
v 32.425755 7.651626 -10.951224
vn 0.987980 0.081303 -0.131475
v 32.329529 8.941538 -10.876636
vn 0.987980 0.081303 -0.131475
v 32.425957 8.574760 -10.378854
vn 0.987980 0.101450 -0.116631
v 32.425957 8.574760 -10.378854
vn 0.987980 0.101450 -0.116631
v 32.329529 8.941538 -10.876636
vn 0.987980 0.101450 -0.116631
v 32.329365 9.836260 -10.099767
vn 0.988067 0.101319 -0.116010
v 32.425957 8.574760 -10.378854
vn 0.988067 0.101319 -0.116010
v 32.329365 9.836260 -10.099767
vn 0.988067 0.101319 -0.116010
v 32.425465 9.394924 -9.666740
vn 0.988052 0.118753 -0.098238
v 32.425465 9.394924 -9.666740
vn 0.988052 0.118753 -0.098238
v 32.329365 9.836260 -10.099767
vn 0.988052 0.118753 -0.098238
v 32.328480 10.595887 -9.190423
vn 0.987999 0.118893 -0.098602
v 32.425465 9.394924 -9.666740
vn 0.987999 0.118893 -0.098602
v 32.328480 10.595887 -9.190423
vn 0.987999 0.118893 -0.098602
v 32.424858 10.091324 -8.833076
vn 0.987981 0.133316 -0.078232
v 32.424858 10.091324 -8.833076
vn 0.987981 0.133316 -0.078232
v 32.328480 10.595887 -9.190423
vn 0.987981 0.133316 -0.078232
v 32.327473 11.201145 -8.171705
vn 0.988093 0.132901 -0.077521
v 32.424858 10.091324 -8.833076
vn 0.988093 0.132901 -0.077521
v 32.327473 11.201145 -8.171705
vn 0.988093 0.132901 -0.077521
v 32.423515 10.646003 -7.899276
vn 0.988055 0.143964 -0.054964
v 32.423515 10.646003 -7.899276
vn 0.988055 0.143964 -0.054964
v 32.327473 11.201145 -8.171705
vn 0.988055 0.143964 -0.054964
v 32.325382 11.636264 -7.069587
vn 0.987919 0.144599 -0.055737
v 32.423515 10.646003 -7.899276
vn 0.987919 0.144599 -0.055737
v 32.325382 11.636264 -7.069587
vn 0.987919 0.144599 -0.055737
v 32.422115 11.044991 -6.889009
vn 0.987879 0.152006 -0.031463
v 32.422115 11.044991 -6.889009
vn 0.987879 0.152006 -0.031463
v 32.325382 11.636264 -7.069587
vn 0.987879 0.152006 -0.031463
v 32.323120 11.890525 -5.912287
vn 0.987864 0.152085 -0.031533
v 32.422115 11.044991 -6.889009
vn 0.987864 0.152085 -0.031533
v 32.323120 11.890525 -5.912287
vn 0.987864 0.152085 -0.031533
v 32.420094 11.278054 -5.828184
vn 0.891553 0.442761 -0.095372
v 32.040165 12.443420 -5.988672
vn 0.891553 0.442761 -0.095372
v 32.325382 11.636264 -7.069587
vn 0.891553 0.442761 -0.095372
v 32.042789 12.170108 -7.232964
vn 0.891689 0.421598 -0.164757
v 32.042789 12.170108 -7.232964
vn 0.891689 0.421598 -0.164757
v 32.325382 11.636264 -7.069587
vn 0.891689 0.421598 -0.164757
v 32.327473 11.201145 -8.171705
vn 0.891489 0.421883 -0.165112
v 32.042789 12.170108 -7.232964
vn 0.891489 0.421883 -0.165112
v 32.327473 11.201145 -8.171705
vn 0.891489 0.421883 -0.165112
v 32.044781 11.702155 -8.417906
vn 0.891578 0.389720 -0.230667
v 32.044781 11.702155 -8.417906
vn 0.891578 0.389720 -0.230667
v 32.327473 11.201145 -8.171705
vn 0.891578 0.389720 -0.230667
v 32.328480 10.595887 -9.190423
vn 0.891805 0.389465 -0.230219
v 32.044781 11.702155 -8.417906
vn 0.891805 0.389465 -0.230219
v 32.328480 10.595887 -9.190423
vn 0.891805 0.389465 -0.230219
v 32.046227 11.051443 -9.513124
vn 0.891868 0.347545 -0.289454
v 32.046227 11.051443 -9.513124
vn 0.891868 0.347545 -0.289454
v 32.328480 10.595887 -9.190423
vn 0.891868 0.347545 -0.289454
v 32.329365 9.836260 -10.099767
vn 0.891647 0.347720 -0.289924
v 32.046227 11.051443 -9.513124
vn 0.891647 0.347720 -0.289924
v 32.329365 9.836260 -10.099767
vn 0.891647 0.347720 -0.289924
v 32.046795 10.234692 -10.490942
vn 0.891675 0.296879 -0.341728
v 32.046795 10.234692 -10.490942
vn 0.891675 0.296879 -0.341728
v 32.329365 9.836260 -10.099767
vn 0.891675 0.296879 -0.341728
v 32.329529 8.941538 -10.876636
vn 0.891695 0.296870 -0.341683
v 32.046795 10.234692 -10.490942
vn 0.891695 0.296870 -0.341683
v 32.329529 8.941538 -10.876636
vn 0.891695 0.296870 -0.341683
v 32.047070 9.272643 -11.326094
vn 0.891700 0.238436 -0.384733
v 32.047070 9.272643 -11.326094
vn 0.891700 0.238436 -0.384733
v 32.329529 8.941538 -10.876636
vn 0.891700 0.238436 -0.384733
v 32.329391 7.934468 -11.501081
vn 0.891786 0.238429 -0.384539
v 32.047070 9.272643 -11.326094
vn 0.891786 0.238429 -0.384539
v 32.329391 7.934468 -11.501081
vn 0.891786 0.238429 -0.384539
v 32.047012 8.189934 -11.997553
vn 0.891758 0.173541 -0.417912
v 32.047012 8.189934 -11.997553
vn 0.891758 0.173541 -0.417912
v 32.329391 7.934468 -11.501081
vn 0.891758 0.173541 -0.417912
v 32.328461 6.840875 -11.957189
vn 0.891682 0.173520 -0.418083
v 32.047012 8.189934 -11.997553
vn 0.891682 0.173520 -0.418083
v 32.328461 6.840875 -11.957189
vn 0.891682 0.173520 -0.418083
v 32.045902 7.014087 -12.487939
vn 0.891624 0.104788 -0.440483
v 32.045902 7.014087 -12.487939
vn 0.891624 0.104788 -0.440483
v 32.328461 6.840875 -11.957189
vn 0.891624 0.104788 -0.440483
v 32.327469 5.688455 -12.233349
vn 0.891615 0.104782 -0.440504
v 32.045902 7.014087 -12.487939
vn 0.891615 0.104782 -0.440504
v 32.327469 5.688455 -12.233349
vn 0.891615 0.104782 -0.440504
v 32.044811 5.775239 -12.784823
vn 0.707539 0.690528 -0.150199
v 31.598680 12.882513 -6.049803
vn 0.707539 0.690528 -0.150199
v 32.042789 12.170108 -7.232964
vn 0.707539 0.690528 -0.150199
v 31.601425 12.594036 -7.363117
vn 0.707739 0.657496 -0.258468
v 31.601425 12.594036 -7.363117
vn 0.707739 0.657496 -0.258468
v 32.042789 12.170108 -7.232964
vn 0.707739 0.657496 -0.258468
v 32.044781 11.702155 -8.417906
vn 0.707425 0.657710 -0.258781
v 31.601425 12.594036 -7.363117
vn 0.707425 0.657710 -0.258781
v 32.044781 11.702155 -8.417906
vn 0.707425 0.657710 -0.258781
v 31.603161 12.100119 -8.613698
vn 0.707556 0.607929 -0.360260
v 31.603161 12.100119 -8.613698
vn 0.707556 0.607929 -0.360260
v 32.044781 11.702155 -8.417906
vn 0.707556 0.607929 -0.360260
v 32.046227 11.051443 -9.513124
vn 0.707862 0.607771 -0.359925
v 31.603161 12.100119 -8.613698
vn 0.707862 0.607771 -0.359925
v 32.046227 11.051443 -9.513124
vn 0.707862 0.607771 -0.359925
v 31.604908 11.413419 -9.769825
vn 0.707964 0.542238 -0.452509
v 31.604908 11.413419 -9.769825
vn 0.707964 0.542238 -0.452509
v 32.046227 11.051443 -9.513124
vn 0.707964 0.542238 -0.452509
v 32.046795 10.234692 -10.490942
vn 0.708153 0.542175 -0.452290
v 31.604908 11.413419 -9.769825
vn 0.708153 0.542175 -0.452290
v 32.046795 10.234692 -10.490942
vn 0.708153 0.542175 -0.452290
v 31.605787 10.551349 -10.801842
vn 0.708196 0.462943 -0.533051
v 31.605787 10.551349 -10.801842
vn 0.708196 0.462943 -0.533051
v 32.046795 10.234692 -10.490942
vn 0.708196 0.462943 -0.533051
v 32.047070 9.272643 -11.326094
vn 0.708017 0.462969 -0.533265
v 31.605787 10.551349 -10.801842
vn 0.708017 0.462969 -0.533265
v 32.047070 9.272643 -11.326094
vn 0.708017 0.462969 -0.533265
v 31.605865 9.535872 -11.683352
vn 0.708018 0.372166 -0.600170
v 31.605865 9.535872 -11.683352
vn 0.708018 0.372166 -0.600170
v 32.047070 9.272643 -11.326094
vn 0.708018 0.372166 -0.600170
v 32.047012 8.189934 -11.997553
vn 0.707770 0.372154 -0.600469
v 31.605865 9.535872 -11.683352
vn 0.707770 0.372154 -0.600469
v 32.047012 8.189934 -11.997553
vn 0.707770 0.372154 -0.600469
v 31.605537 8.393142 -12.391972
vn 0.707701 0.271379 -0.652313
v 31.605537 8.393142 -12.391972
vn 0.707701 0.271379 -0.652313
v 32.047012 8.189934 -11.997553
vn 0.707701 0.271379 -0.652313
v 32.045902 7.014087 -12.487939
vn 0.707928 0.271433 -0.652044
v 31.605537 8.393142 -12.391972
vn 0.707928 0.271433 -0.652044
v 32.045902 7.014087 -12.487939
vn 0.707928 0.271433 -0.652044
v 31.604670 7.152000 -12.909575
vn 0.707831 0.164033 -0.687072
v 31.604670 7.152000 -12.909575
vn 0.707831 0.164033 -0.687072
v 32.045902 7.014087 -12.487939
vn 0.707831 0.164033 -0.687072
v 32.044811 5.775239 -12.784823
vn 0.707844 0.164038 -0.687058
v 31.604670 7.152000 -12.909575
vn 0.707844 0.164038 -0.687058
v 32.044811 5.775239 -12.784823
vn 0.707844 0.164038 -0.687058
v 31.603422 5.844398 -13.223056
vn 0.987983 0.010135 -0.154231
v 32.422146 4.509723 -11.704332
vn 0.987983 0.010135 -0.154231
v 32.325665 4.507029 -12.322530
vn 0.987983 0.010135 -0.154231
v 32.327469 5.688455 -12.233349
vn 0.914048 0.029144 -0.404558
v 32.327469 5.688455 -12.233349
vn 0.914048 0.029144 -0.404558
v 32.325665 4.507029 -12.322530
vn 0.914048 0.029144 -0.404558
v 32.156460 4.505552 -12.704937
vn 0.891979 0.050166 -0.449286
v 32.327469 5.688455 -12.233349
vn 0.891979 0.050166 -0.449286
v 32.156460 4.505552 -12.704937
vn 0.891979 0.050166 -0.449286
v 32.044811 5.775239 -12.784823
vn 0.839284 0.039683 -0.542244
v 32.044811 5.775239 -12.784823
vn 0.839284 0.039683 -0.542244
v 32.156460 4.505552 -12.704937
vn 0.839284 0.039683 -0.542244
v 32.042873 4.504937 -12.880793
vn 0.707707 0.052148 -0.704579
v 32.044811 5.775239 -12.784823
vn 0.707707 0.052148 -0.704579
v 32.042873 4.504937 -12.880793
vn 0.707707 0.052148 -0.704579
v 31.603422 5.844398 -13.223056
vn 0.707425 0.051981 -0.704874
v 31.603422 5.844398 -13.223056
vn 0.707425 0.051981 -0.704874
v 32.042873 4.504937 -12.880793
vn 0.707425 0.051981 -0.704874
v 31.601210 4.503618 -13.324152
vn 0.545819 0.062104 -0.835599
v 31.603422 5.844398 -13.223056
vn 0.545819 0.062104 -0.835599
v 31.601210 4.503618 -13.324152
vn 0.545819 0.062104 -0.835599
v 31.426062 4.503400 -13.438576
vn 0.454745 0.870068 -0.190231
v 31.041906 13.164900 -6.089652
vn 0.454745 0.870068 -0.190231
v 31.601425 12.594036 -7.363117
vn 0.454745 0.870068 -0.190231
v 31.044504 12.866708 -7.447302
vn 0.454982 0.828459 -0.326569
v 31.044504 12.866708 -7.447302
vn 0.454982 0.828459 -0.326569
v 31.601425 12.594036 -7.363117
vn 0.454982 0.828459 -0.326569
v 31.603161 12.100119 -8.613698
vn 0.454996 0.828455 -0.326560
v 31.044504 12.866708 -7.447302
vn 0.454996 0.828455 -0.326560
v 31.603161 12.100119 -8.613698
vn 0.454996 0.828455 -0.326560
v 31.046331 12.356098 -8.740130
vn 0.455191 0.765839 -0.454194
v 31.046331 12.356098 -8.740130
vn 0.455191 0.765839 -0.454194
v 31.603161 12.100119 -8.613698
vn 0.455191 0.765839 -0.454194
v 31.604908 11.413419 -9.769825
vn 0.455048 0.765864 -0.454295
v 31.046331 12.356098 -8.740130
vn 0.455048 0.765864 -0.454295
v 31.604908 11.413419 -9.769825
vn 0.455048 0.765864 -0.454295
v 31.048185 11.646128 -9.935163
vn 0.455178 0.683545 -0.570595
v 31.048185 11.646128 -9.935163
vn 0.455178 0.683545 -0.570595
v 31.604908 11.413419 -9.769825
vn 0.455178 0.683545 -0.570595
v 31.605787 10.551349 -10.801842
vn 0.455062 0.683552 -0.570679
v 31.048185 11.646128 -9.935163
vn 0.455062 0.683552 -0.570679
v 31.605787 10.551349 -10.801842
vn 0.455062 0.683552 -0.570679
v 31.048847 10.754985 -11.002035
vn 0.455127 0.583729 -0.672399
v 31.048847 10.754985 -11.002035
vn 0.455127 0.583729 -0.672399
v 31.605787 10.551349 -10.801842
vn 0.455127 0.583729 -0.672399
v 31.605865 9.535872 -11.683352
vn 0.455588 0.583753 -0.672065
v 31.048847 10.754985 -11.002035
vn 0.455588 0.583753 -0.672065
v 31.605865 9.535872 -11.683352
vn 0.455588 0.583753 -0.672065
v 31.049440 9.705318 -11.913369
vn 0.455597 0.469040 -0.756593
v 31.049440 9.705318 -11.913369
vn 0.455597 0.469040 -0.756593
v 31.605865 9.535872 -11.683352
vn 0.455597 0.469040 -0.756593
v 31.605537 8.393142 -12.391972
vn 0.455609 0.469042 -0.756585
v 31.049440 9.705318 -11.913369
vn 0.455609 0.469042 -0.756585
v 31.605537 8.393142 -12.391972
vn 0.455609 0.469042 -0.756585
v 31.049129 8.524037 -12.645888
vn 0.455545 0.342379 -0.821740
v 31.049129 8.524037 -12.645888
vn 0.455545 0.342379 -0.821740
v 31.605537 8.393142 -12.391972
vn 0.455545 0.342379 -0.821740
v 31.604670 7.152000 -12.909575
vn 0.455356 0.342327 -0.821866
v 31.049129 8.524037 -12.645888
vn 0.455356 0.342327 -0.821866
v 31.604670 7.152000 -12.909575
vn 0.455356 0.342327 -0.821866
v 31.047894 7.241107 -13.180943
vn 0.455210 0.207165 -0.865948
v 31.047894 7.241107 -13.180943
vn 0.455210 0.207165 -0.865948
v 31.604670 7.152000 -12.909575
vn 0.455210 0.207165 -0.865948
v 31.603422 5.844398 -13.223056
vn 0.454807 0.207012 -0.866197
v 31.047894 7.241107 -13.180943
vn 0.454807 0.207012 -0.866197
v 31.603422 5.844398 -13.223056
vn 0.454807 0.207012 -0.866197
v 31.046352 5.889316 -13.504816
vn 0.455088 0.082306 -0.886634
v 31.046352 5.889316 -13.504816
vn 0.455088 0.082306 -0.886634
v 31.603422 5.844398 -13.223056
vn 0.455088 0.082306 -0.886634
v 31.426062 4.503400 -13.438576
vn 0.407659 0.068167 -0.910586
v 31.046352 5.889316 -13.504816
vn 0.407659 0.068167 -0.910586
v 31.426062 4.503400 -13.438576
vn 0.407659 0.068167 -0.910586
v 31.044388 4.503250 -13.609458
vn 0.158010 0.964504 -0.211579
v 30.424099 13.262933 -6.104395
vn 0.158010 0.964504 -0.211579
v 31.044504 12.866708 -7.447302
vn 0.158010 0.964504 -0.211579
v 30.426434 12.961389 -7.477273
vn 0.158273 0.918439 -0.362519
v 30.426434 12.961389 -7.477273
vn 0.158273 0.918439 -0.362519
v 31.044504 12.866708 -7.447302
vn 0.158273 0.918439 -0.362519
v 31.046331 12.356098 -8.740130
vn 0.158481 0.918443 -0.362418
v 30.426434 12.961389 -7.477273
vn 0.158481 0.918443 -0.362418
v 31.046331 12.356098 -8.740130
vn 0.158481 0.918443 -0.362418
v 30.428854 12.445065 -8.784686
vn 0.158690 0.848936 -0.504108
v 30.428854 12.445065 -8.784686
vn 0.158690 0.848936 -0.504108
v 31.046331 12.356098 -8.740130
vn 0.158690 0.848936 -0.504108
v 31.048185 11.646128 -9.935163
vn 0.158675 0.848935 -0.504115
v 30.428854 12.445065 -8.784686
vn 0.158675 0.848935 -0.504115
v 31.048185 11.646128 -9.935163
vn 0.158675 0.848935 -0.504115
v 30.430437 11.727105 -9.993237
vn 0.158831 0.757790 -0.632872
v 30.430437 11.727105 -9.993237
vn 0.158831 0.757790 -0.632872
v 31.048185 11.646128 -9.935163
vn 0.158831 0.757790 -0.632872
v 31.048847 10.754985 -11.002035
vn 0.158701 0.757768 -0.632931
v 30.430437 11.727105 -9.993237
vn 0.158701 0.757768 -0.632931
v 31.048847 10.754985 -11.002035
vn 0.158701 0.757768 -0.632931
v 30.431231 10.825881 -11.072018
vn 0.158778 0.647332 -0.745487
v 30.431231 10.825881 -11.072018
vn 0.158778 0.647332 -0.745487
v 31.048847 10.754985 -11.002035
vn 0.158778 0.647332 -0.745487
v 31.049440 9.705318 -11.913369
vn 0.158847 0.647348 -0.745458
v 30.431231 10.825881 -11.072018
vn 0.158847 0.647348 -0.745458
v 31.049440 9.705318 -11.913369
vn 0.158847 0.647348 -0.745458
v 30.431681 9.764532 -11.993586
vn 0.158826 0.520285 -0.839094
v 30.431681 9.764532 -11.993586
vn 0.158826 0.520285 -0.839094
v 31.049440 9.705318 -11.913369
vn 0.158826 0.520285 -0.839094
v 31.049129 8.524037 -12.645888
vn 0.158617 0.520222 -0.839172
v 30.431681 9.764532 -11.993586
vn 0.158617 0.520222 -0.839172
v 31.049129 8.524037 -12.645888
vn 0.158617 0.520222 -0.839172
v 30.431086 8.569833 -12.734318
vn 0.158545 0.379924 -0.911329
v 30.431086 8.569833 -12.734318
vn 0.158545 0.379924 -0.911329
v 31.049129 8.524037 -12.645888
vn 0.158545 0.379924 -0.911329
v 31.047894 7.241107 -13.180943
vn 0.158644 0.379959 -0.911298
v 30.431086 8.569833 -12.734318
vn 0.158644 0.379959 -0.911298
v 31.047894 7.241107 -13.180943
vn 0.158644 0.379959 -0.911298
v 30.430275 7.272408 -13.275412
vn 0.158522 0.229877 -0.960222
v 30.430275 7.272408 -13.275412
vn 0.158522 0.229877 -0.960222
v 31.047894 7.241107 -13.180943
vn 0.158522 0.229877 -0.960222
v 31.046352 5.889316 -13.504816
vn 0.158572 0.229897 -0.960209
v 30.430275 7.272408 -13.275412
vn 0.158572 0.229897 -0.960209
v 31.046352 5.889316 -13.504816
vn 0.158572 0.229897 -0.960209
v 30.428560 5.905414 -13.602986
vn 0.158387 0.074108 -0.984592
v 30.428560 5.905414 -13.602986
vn 0.158387 0.074108 -0.984592
v 31.046352 5.889316 -13.504816
vn 0.158387 0.074108 -0.984592
v 31.044388 4.503250 -13.609458
vn 0.158397 0.074112 -0.984590
v 30.428560 5.905414 -13.602986
vn 0.158397 0.074112 -0.984590
v 31.044388 4.503250 -13.609458
vn 0.158397 0.074112 -0.984590
v 30.426409 4.503833 -13.708832
vn 0.828156 -0.539539 -0.151838
v 32.134151 -7.143343 -11.651100
vn 0.828156 -0.539539 -0.151838
v 32.020031 -7.318676 -11.650514
vn 0.828156 -0.539539 -0.151838
v 31.942110 -7.264226 -12.268996
vn 0.400992 -0.903600 -0.150708
v 31.400900 -7.874124 -11.649417
vn 0.400992 -0.903600 -0.150708
v 31.018784 -8.043697 -11.649409
vn 0.400992 -0.903600 -0.150708
v 30.990128 -7.953250 -12.267953
vn 0.158615 -0.029429 -0.986902
v 30.408546 -6.149652 -13.659684
vn 0.158615 -0.029429 -0.986902
v 31.026394 -6.150313 -13.560364
vn 0.158615 -0.029429 -0.986902
v 30.995846 -6.341502 -13.559572
vn 0.407910 -0.068944 -0.910415
v 30.995846 -6.341502 -13.559572
vn 0.407910 -0.068944 -0.910415
v 31.026394 -6.150313 -13.560364
vn 0.407910 -0.068944 -0.910415
v 31.407955 -6.150171 -13.389416
vn 0.434077 -0.144105 -0.889275
v 30.995846 -6.341502 -13.559572
vn 0.434077 -0.144105 -0.889275
v 31.407955 -6.150171 -13.389416
vn 0.434077 -0.144105 -0.889275
v 31.525124 -6.513371 -13.273368
vn 0.544168 -0.090939 -0.834033
v 31.525124 -6.513371 -13.273368
vn 0.544168 -0.090939 -0.834033
v 31.407955 -6.150171 -13.389416
vn 0.544168 -0.090939 -0.834033
v 31.583294 -6.150177 -13.275015
vn 0.704204 -0.115965 -0.700463
v 31.525124 -6.513371 -13.273368
vn 0.704204 -0.115965 -0.700463
v 31.583294 -6.150177 -13.275015
vn 0.704204 -0.115965 -0.700463
v 31.944401 -6.648785 -12.829432
vn 0.153032 -0.976783 -0.149921
v 31.018784 -8.043697 -11.649409
vn 0.153032 -0.976783 -0.149921
v 30.400614 -8.140399 -11.650365
vn 0.153032 -0.976783 -0.149921
v 30.990128 -7.953250 -12.267953
vn 0.153639 -0.976777 -0.149340
v 30.990128 -7.953250 -12.267953
vn 0.153639 -0.976777 -0.149340
v 30.400614 -8.140399 -11.650365
vn 0.153639 -0.976777 -0.149340
v 30.402170 -8.045599 -12.268814
vn 0.139608 -0.884689 -0.444787
v 30.990128 -7.953250 -12.267953
vn 0.139608 -0.884689 -0.444787
v 30.402170 -8.045599 -12.268814
vn 0.139608 -0.884689 -0.444787
v 30.904114 -7.685792 -12.826927
vn 0.139314 -0.884623 -0.445009
v 30.904114 -7.685792 -12.826927
vn 0.139314 -0.884623 -0.445009
v 30.402170 -8.045599 -12.268814
vn 0.139314 -0.884623 -0.445009
v 30.403948 -7.764145 -12.827754
vn 0.111783 -0.706198 -0.699134
v 30.904114 -7.685792 -12.826927
vn 0.111783 -0.706198 -0.699134
v 30.403948 -7.764145 -12.827754
vn 0.111783 -0.706198 -0.699134
v 30.768791 -7.266850 -13.271740
vn 0.111291 -0.706045 -0.699367
v 30.768791 -7.266850 -13.271740
vn 0.111291 -0.706045 -0.699367
v 30.403948 -7.764145 -12.827754
vn 0.111291 -0.706045 -0.699367
v 30.405674 -7.323564 -13.272266
vn 0.072634 -0.456801 -0.886599
v 30.768791 -7.266850 -13.271740
vn 0.072634 -0.456801 -0.886599
v 30.405674 -7.323564 -13.272266
vn 0.072634 -0.456801 -0.886599
v 30.598347 -6.737276 -13.558555
vn 0.535570 -0.830815 -0.151361
v 31.576828 -7.760712 -11.649437
vn 0.535570 -0.830815 -0.151361
v 31.400900 -7.874124 -11.649417
vn 0.535570 -0.830815 -0.151361
v 31.520695 -7.684196 -12.268050
vn 0.444605 -0.876813 -0.183098
v 31.520695 -7.684196 -12.268050
vn 0.444605 -0.876813 -0.183098
v 31.400900 -7.874124 -11.649417
vn 0.444605 -0.876813 -0.183098
v 30.990128 -7.953250 -12.267953
vn 0.405025 -0.798858 -0.444726
v 31.520695 -7.684196 -12.268050
vn 0.405025 -0.798858 -0.444726
v 30.990128 -7.953250 -12.267953
vn 0.405025 -0.798858 -0.444726
v 31.355522 -7.456768 -12.827005
vn 0.405220 -0.798839 -0.444581
v 31.355522 -7.456768 -12.827005
vn 0.405220 -0.798839 -0.444581
v 30.990128 -7.953250 -12.267953
vn 0.405220 -0.798839 -0.444581
v 30.904114 -7.685792 -12.826927
vn 0.323363 -0.637587 -0.699227
v 31.355522 -7.456768 -12.827005
vn 0.323363 -0.637587 -0.699227
v 30.904114 -7.685792 -12.826927
vn 0.323363 -0.637587 -0.699227
v 31.096758 -7.100301 -13.271715
vn 0.323828 -0.637581 -0.699017
v 31.096758 -7.100301 -13.271715
vn 0.323828 -0.637581 -0.699017
v 30.904114 -7.685792 -12.826927
vn 0.323828 -0.637581 -0.699017
v 30.768791 -7.266850 -13.271740
vn 0.209673 -0.412760 -0.886378
v 31.096758 -7.100301 -13.271715
vn 0.209673 -0.412760 -0.886378
v 30.768791 -7.266850 -13.271740
vn 0.209673 -0.412760 -0.886378
v 30.770742 -6.649797 -13.558620
vn 0.209130 -0.412807 -0.886485
v 30.770742 -6.649797 -13.558620
vn 0.209130 -0.412807 -0.886485
v 30.768791 -7.266850 -13.271740
vn 0.209130 -0.412807 -0.886485
v 30.598347 -6.737276 -13.558555
vn 0.698044 -0.700254 -0.149595
v 32.020031 -7.318676 -11.650514
vn 0.698044 -0.700254 -0.149595
v 31.576828 -7.760712 -11.649437
vn 0.698044 -0.700254 -0.149595
v 31.942110 -7.264226 -12.268996
vn 0.697740 -0.700480 -0.149955
v 31.942110 -7.264226 -12.268996
vn 0.697740 -0.700480 -0.149955
v 31.576828 -7.760712 -11.649437
vn 0.697740 -0.700480 -0.149955
v 31.520695 -7.684196 -12.268050
vn 0.631662 -0.634839 -0.444951
v 31.942110 -7.264226 -12.268996
vn 0.631662 -0.634839 -0.444951
v 31.520695 -7.684196 -12.268050
vn 0.631662 -0.634839 -0.444951
v 31.714067 -7.099432 -12.827853
vn 0.631652 -0.634844 -0.444960
v 31.714067 -7.099432 -12.827853
vn 0.631652 -0.634844 -0.444960
v 31.520695 -7.684196 -12.268050
vn 0.631652 -0.634844 -0.444960
v 31.355522 -7.456768 -12.827005
vn 0.503816 -0.507179 -0.699241
v 31.714067 -7.099432 -12.827853
vn 0.503816 -0.507179 -0.699241
v 31.355522 -7.456768 -12.827005
vn 0.503816 -0.507179 -0.699241
v 31.357601 -6.840795 -13.272290
vn 0.503236 -0.507376 -0.699516
v 31.357601 -6.840795 -13.272290
vn 0.503236 -0.507376 -0.699516
v 31.355522 -7.456768 -12.827005
vn 0.503236 -0.507376 -0.699516
v 31.096758 -7.100301 -13.271715
vn 0.325516 -0.329155 -0.886395
v 31.357601 -6.840795 -13.272290
vn 0.325516 -0.329155 -0.886395
v 31.096758 -7.100301 -13.271715
vn 0.325516 -0.329155 -0.886395
v 30.907774 -6.513627 -13.558973
vn 0.325014 -0.329368 -0.886500
v 30.907774 -6.513627 -13.558973
vn 0.325014 -0.329368 -0.886500
v 31.096758 -7.100301 -13.271715
vn 0.325014 -0.329368 -0.886500
v 30.770742 -6.649797 -13.558620
vn 0.113725 -0.117002 -0.986599
v 30.907774 -6.513627 -13.558973
vn 0.113725 -0.117002 -0.986599
v 30.770742 -6.649797 -13.558620
vn 0.113725 -0.117002 -0.986599
v 30.408546 -6.149652 -13.659684
vn 0.073696 -0.145979 -0.986539
v 30.598347 -6.737276 -13.558555
vn 0.073696 -0.145979 -0.986539
v 30.408546 -6.149652 -13.659684
vn 0.073696 -0.145979 -0.986539
v 30.770742 -6.649797 -13.558620
vn 0.074112 -0.457141 -0.886301
v 30.405674 -7.323564 -13.272266
vn 0.074112 -0.457141 -0.886301
v 30.407291 -6.767544 -13.558919
vn 0.074112 -0.457141 -0.886301
v 30.598347 -6.737276 -13.558555
vn 0.027378 -0.160947 -0.986583
v 30.598347 -6.737276 -13.558555
vn 0.027378 -0.160947 -0.986583
v 30.407291 -6.767544 -13.558919
vn 0.027378 -0.160947 -0.986583
v 30.408546 -6.149652 -13.659684
vn 0.901766 -0.404664 -0.151869
v 32.305080 -6.761953 -11.652406
vn 0.901766 -0.404664 -0.151869
v 32.134151 -7.143343 -11.651100
vn 0.901766 -0.404664 -0.151869
v 32.213432 -6.734091 -12.270841
vn 0.874703 -0.448310 -0.184153
v 32.213432 -6.734091 -12.270841
vn 0.874703 -0.448310 -0.184153
v 32.134151 -7.143343 -11.651100
vn 0.874703 -0.448310 -0.184153
v 31.942110 -7.264226 -12.268996
vn 0.796157 -0.409021 -0.445910
v 32.213432 -6.734091 -12.270841
vn 0.796157 -0.409021 -0.445910
v 31.942110 -7.264226 -12.268996
vn 0.796157 -0.409021 -0.445910
v 31.944401 -6.648785 -12.829432
vn 0.796535 -0.408686 -0.445541
v 31.944401 -6.648785 -12.829432
vn 0.796535 -0.408686 -0.445541
v 31.942110 -7.264226 -12.268996
vn 0.796535 -0.408686 -0.445541
v 31.714067 -7.099432 -12.827853
vn 0.635180 -0.327105 -0.699677
v 31.944401 -6.648785 -12.829432
vn 0.635180 -0.327105 -0.699677
v 31.714067 -7.099432 -12.827853
vn 0.635180 -0.327105 -0.699677
v 31.525124 -6.513371 -13.273368
vn 0.635037 -0.327213 -0.699757
v 31.525124 -6.513371 -13.273368
vn 0.635037 -0.327213 -0.699757
v 31.714067 -7.099432 -12.827853
vn 0.635037 -0.327213 -0.699757
v 31.357601 -6.840795 -13.272290
vn 0.410367 -0.212878 -0.886726
v 31.525124 -6.513371 -13.273368
vn 0.410367 -0.212878 -0.886726
v 31.357601 -6.840795 -13.272290
vn 0.410367 -0.212878 -0.886726
v 30.995846 -6.341502 -13.559572
vn 0.410236 -0.212991 -0.886759
v 30.995846 -6.341502 -13.559572
vn 0.410236 -0.212991 -0.886759
v 31.357601 -6.840795 -13.272290
vn 0.410236 -0.212991 -0.886759
v 30.907774 -6.513627 -13.558973
vn 0.143150 -0.076679 -0.986726
v 30.995846 -6.341502 -13.559572
vn 0.143150 -0.076679 -0.986726
v 30.907774 -6.513627 -13.558973
vn 0.143150 -0.076679 -0.986726
v 30.408546 -6.149652 -13.659684
vn 0.704414 -0.115669 -0.700301
v 31.583294 -6.150177 -13.275015
vn 0.704414 -0.115669 -0.700301
v 32.024429 -6.148882 -12.831505
vn 0.704414 -0.115669 -0.700301
v 31.944401 -6.648785 -12.829432
vn 0.832109 -0.135437 -0.537821
v 31.944401 -6.648785 -12.829432
vn 0.832109 -0.135437 -0.537821
v 32.024429 -6.148882 -12.831505
vn 0.832109 -0.135437 -0.537821
v 32.138145 -6.148266 -12.655716
vn 0.874598 -0.182669 -0.449121
v 31.944401 -6.648785 -12.829432
vn 0.874598 -0.182669 -0.449121
v 32.138145 -6.148266 -12.655716
vn 0.874598 -0.182669 -0.449121
v 32.213432 -6.734091 -12.270841
vn 0.904944 -0.146243 -0.399612
v 32.213432 -6.734091 -12.270841
vn 0.904944 -0.146243 -0.399612
v 32.138145 -6.148266 -12.655716
vn 0.904944 -0.146243 -0.399612
v 32.307224 -6.146823 -12.273362
vn 0.975958 -0.156520 -0.151685
v 32.213432 -6.734091 -12.270841
vn 0.975958 -0.156520 -0.151685
v 32.307224 -6.146823 -12.273362
vn 0.975958 -0.156520 -0.151685
v 32.305080 -6.761953 -11.652406
vn 0.975950 -0.156545 -0.151710
v 32.305080 -6.761953 -11.652406
vn 0.975950 -0.156545 -0.151710
v 32.307224 -6.146823 -12.273362
vn 0.975950 -0.156545 -0.151710
v 32.403778 -6.144137 -11.654990
vn 0.987828 0.154611 0.017037
v 32.391930 11.334908 6.456698
vn 0.987828 0.154611 0.017037
v 32.399525 11.624226 3.390785
vn 0.987828 0.154611 0.017037
v 32.294613 11.948059 6.534823
vn 0.987820 0.154668 0.017031
v 32.294613 11.948059 6.534823
vn 0.987820 0.154668 0.017031
v 32.399525 11.624226 3.390785
vn 0.987820 0.154668 0.017031
v 32.302269 12.241259 3.428128
vn 0.891560 0.450687 0.044731
v 32.294613 11.948059 6.534823
vn 0.891560 0.450687 0.044731
v 32.302269 12.241259 3.428128
vn 0.891560 0.450687 0.044731
v 32.011276 12.501647 6.604456
vn 0.891656 0.450496 0.044756
v 32.011276 12.501647 6.604456
vn 0.891656 0.450496 0.044756
v 32.302269 12.241259 3.428128
vn 0.891656 0.450496 0.044756
v 32.019169 12.798246 3.461792
vn 0.707948 0.702972 0.068123
v 32.011276 12.501647 6.604456
vn 0.707948 0.702972 0.068123
v 32.019169 12.798246 3.461792
vn 0.707948 0.702972 0.068123
v 31.569447 12.941253 6.659688
vn 0.708088 0.702827 0.068149
v 31.569447 12.941253 6.659688
vn 0.708088 0.702827 0.068149
v 32.019169 12.798246 3.461792
vn 0.708088 0.702827 0.068149
v 31.577539 13.240656 3.487837
vn 0.455349 0.886264 0.084819
v 31.569447 12.941253 6.659688
vn 0.455349 0.886264 0.084819
v 31.577539 13.240656 3.487837
vn 0.455349 0.886264 0.084819
v 31.012613 13.224037 6.694251
vn 0.454740 0.886586 0.084714
v 31.012613 13.224037 6.694251
vn 0.454740 0.886586 0.084714
v 31.577539 13.240656 3.487837
vn 0.454740 0.886586 0.084714
v 31.020529 13.524814 3.503936
vn 0.157327 0.983150 0.093080
v 31.012613 13.224037 6.694251
vn 0.157327 0.983150 0.093080
v 31.020529 13.524814 3.503936
vn 0.157327 0.983150 0.093080
v 30.394793 13.321843 6.705447
vn 0.158244 0.982987 0.093249
v 30.394793 13.321843 6.705447
vn 0.158244 0.982987 0.093249
v 31.020529 13.524814 3.503936
vn 0.158244 0.982987 0.093249
v 30.402571 13.623860 3.508510
vn 0.987845 0.155298 0.006691
v 32.399525 11.624226 3.390785
vn 0.987845 0.155298 0.006691
v 32.406685 11.711314 0.312413
vn 0.987845 0.155298 0.006691
v 32.302269 12.241259 3.428128
vn 0.987871 0.155129 0.006721
v 32.302269 12.241259 3.428128
vn 0.987871 0.155129 0.006721
v 32.406685 11.711314 0.312413
vn 0.987871 0.155129 0.006721
v 32.309624 12.329521 0.309375
vn 0.891724 0.452335 0.014905
v 32.302269 12.241259 3.428128
vn 0.891724 0.452335 0.014905
v 32.309624 12.329521 0.309375
vn 0.891724 0.452335 0.014905
v 32.019169 12.798246 3.461792
vn 0.891609 0.452563 0.014861
v 32.019169 12.798246 3.461792
vn 0.891609 0.452563 0.014861
v 32.309624 12.329521 0.309375
vn 0.891609 0.452563 0.014861
v 32.026440 12.887540 0.306143
vn 0.708201 0.705680 0.021600
v 32.019169 12.798246 3.461792
vn 0.708201 0.705680 0.021600
v 32.026440 12.887540 0.306143
vn 0.708201 0.705680 0.021600
v 31.577539 13.240656 3.487837
vn 0.708306 0.705574 0.021627
v 31.577539 13.240656 3.487837
vn 0.708306 0.705574 0.021627
v 32.026440 12.887540 0.306143
vn 0.708306 0.705574 0.021627
v 31.585009 13.330777 0.303030
vn 0.454877 0.890167 0.026256
v 31.577539 13.240656 3.487837
vn 0.454877 0.890167 0.026256
v 31.585009 13.330777 0.303030
vn 0.454877 0.890167 0.026256
v 31.020529 13.524814 3.503936
vn 0.455031 0.890087 0.026288
v 31.020529 13.524814 3.503936
vn 0.455031 0.890087 0.026288
v 31.585009 13.330777 0.303030
vn 0.455031 0.890087 0.026288
v 31.027668 13.615781 0.300357
vn 0.158402 0.986967 0.028378
v 31.020529 13.524814 3.503936
vn 0.158402 0.986967 0.028378
v 31.027668 13.615781 0.300357
vn 0.158402 0.986967 0.028378
v 30.402571 13.623860 3.508510
vn 0.157943 0.987043 0.028289
v 30.402571 13.623860 3.508510
vn 0.157943 0.987043 0.028289
v 31.027668 13.615781 0.300357
vn 0.157943 0.987043 0.028289
v 30.410114 13.714651 0.298555
vn 0.987895 0.155082 -0.003614
v 32.406685 11.711314 0.312413
vn 0.987895 0.155082 -0.003614
v 32.413570 11.595718 -2.764993
vn 0.987895 0.155082 -0.003614
v 32.309624 12.329521 0.309375
vn 0.987951 0.154727 -0.003527
v 32.309624 12.329521 0.309375
vn 0.987951 0.154727 -0.003527
v 32.413570 11.595718 -2.764993
vn 0.987951 0.154727 -0.003527
v 32.316830 12.212433 -2.808725
vn 0.891677 0.452425 -0.014929
v 32.309624 12.329521 0.309375
vn 0.891677 0.452425 -0.014929
v 32.316830 12.212433 -2.808725
vn 0.891677 0.452425 -0.014929
v 32.026440 12.887540 0.306143
vn 0.891716 0.452350 -0.014909
v 32.026440 12.887540 0.306143
vn 0.891716 0.452350 -0.014909
v 32.316830 12.212433 -2.808725
vn 0.891716 0.452350 -0.014909
v 32.033783 12.769091 -2.848568
vn 0.708417 0.705357 -0.024835
v 32.026440 12.887540 0.306143
vn 0.708417 0.705357 -0.024835
v 32.033783 12.769091 -2.848568
vn 0.708417 0.705357 -0.024835
v 31.585009 13.330777 0.303030
vn 0.707913 0.705857 -0.024996
v 31.585009 13.330777 0.303030
vn 0.707913 0.705857 -0.024996
v 32.033783 12.769091 -2.848568
vn 0.707913 0.705857 -0.024996
v 31.591841 13.211181 -2.880765
vn 0.455172 0.889812 -0.032448
v 31.585009 13.330777 0.303030
vn 0.455172 0.889812 -0.032448
v 31.591841 13.211181 -2.880765
vn 0.455172 0.889812 -0.032448
v 31.027668 13.615781 0.300357
vn 0.455416 0.889689 -0.032389
v 31.027668 13.615781 0.300357
vn 0.455416 0.889689 -0.032389
v 31.591841 13.211181 -2.880765
vn 0.455416 0.889689 -0.032389
v 31.034863 13.495513 -2.902030
vn 0.158085 0.986743 -0.036702
v 31.027668 13.615781 0.300357
vn 0.158085 0.986743 -0.036702
v 31.034863 13.495513 -2.902030
vn 0.158085 0.986743 -0.036702
v 30.410114 13.714651 0.298555
vn 0.158183 0.986728 -0.036682
v 30.410114 13.714651 0.298555
vn 0.158183 0.986728 -0.036682
v 31.034863 13.495513 -2.902030
vn 0.158183 0.986728 -0.036682
v 30.417164 13.594230 -2.910289
vn 0.987974 0.153997 -0.013866
v 32.413570 11.595718 -2.764993
vn 0.987974 0.153997 -0.013866
v 32.420094 11.278054 -5.828184
vn 0.987974 0.153997 -0.013866
v 32.316830 12.212433 -2.808725
vn 0.987894 0.154495 -0.014023
v 32.316830 12.212433 -2.808725
vn 0.987894 0.154495 -0.014023
v 32.420094 11.278054 -5.828184
vn 0.987894 0.154495 -0.014023
v 32.323120 11.890525 -5.912287
vn 0.891780 0.450236 -0.044893
v 32.316830 12.212433 -2.808725
vn 0.891780 0.450236 -0.044893
v 32.323120 11.890525 -5.912287
vn 0.891780 0.450236 -0.044893
v 32.033783 12.769091 -2.848568
vn 0.891801 0.450196 -0.044879
v 32.033783 12.769091 -2.848568
vn 0.891801 0.450196 -0.044879
v 32.323120 11.890525 -5.912287
vn 0.891801 0.450196 -0.044879
v 32.040165 12.443420 -5.988672
vn 0.708014 0.702577 -0.071428
v 32.033783 12.769091 -2.848568
vn 0.708014 0.702577 -0.071428
v 32.040165 12.443420 -5.988672
vn 0.708014 0.702577 -0.071428
v 31.591841 13.211181 -2.880765
vn 0.708335 0.702266 -0.071305
v 31.591841 13.211181 -2.880765
vn 0.708335 0.702266 -0.071305
v 32.040165 12.443420 -5.988672
vn 0.708335 0.702266 -0.071305
v 31.598680 12.882513 -6.049803
vn 0.455543 0.885565 -0.090861
v 31.591841 13.211181 -2.880765
vn 0.455543 0.885565 -0.090861
v 31.598680 12.882513 -6.049803
vn 0.455543 0.885565 -0.090861
v 31.034863 13.495513 -2.902030
vn 0.455627 0.885524 -0.090838
v 31.034863 13.495513 -2.902030
vn 0.455627 0.885524 -0.090838
v 31.598680 12.882513 -6.049803
vn 0.455627 0.885524 -0.090838
v 31.041906 13.164900 -6.089652
vn 0.158319 0.982155 -0.101517
v 31.034863 13.495513 -2.902030
vn 0.158319 0.982155 -0.101517
v 31.041906 13.164900 -6.089652
vn 0.158319 0.982155 -0.101517
v 30.417164 13.594230 -2.910289
vn 0.158271 0.982162 -0.101527
v 30.417164 13.594230 -2.910289
vn 0.158271 0.982162 -0.101527
v 31.041906 13.164900 -6.089652
vn 0.158271 0.982162 -0.101527
v 30.424099 13.262933 -6.104395
vn 0.987476 -0.157740 0.002981
v 32.403778 -6.144137 -11.654990
vn 0.987476 -0.157740 0.002981
v 32.348835 -6.032656 12.444509
vn 0.987476 -0.157740 0.002981
v 32.305080 -6.761953 -11.652406
vn 0.987350 -0.158527 0.003005
v 32.305080 -6.761953 -11.652406
vn 0.987350 -0.158527 0.003005
v 32.348835 -6.032656 12.444509
vn 0.987350 -0.158527 0.003005
v 32.249615 -6.650572 12.447120
vn 0.912543 -0.408961 0.003990
v 32.305080 -6.761953 -11.652406
vn 0.912543 -0.408961 0.003990
v 32.249615 -6.650572 12.447120
vn 0.912543 -0.408961 0.003990
v 32.134151 -7.143343 -11.651100
vn 0.913084 -0.407753 0.003963
v 32.134151 -7.143343 -11.651100
vn 0.913084 -0.407753 0.003963
v 32.249615 -6.650572 12.447120
vn 0.913084 -0.407753 0.003963
v 32.079178 -7.032218 12.448388
vn 0.838105 -0.545491 0.004427
v 32.134151 -7.143343 -11.651100
vn 0.838105 -0.545491 0.004427
v 32.079178 -7.032218 12.448388
vn 0.838105 -0.545491 0.004427
v 32.020031 -7.318676 -11.650514
vn 0.837648 -0.546192 0.004437
v 32.020031 -7.318676 -11.650514
vn 0.837648 -0.546192 0.004437
v 32.079178 -7.032218 12.448388
vn 0.837648 -0.546192 0.004437
v 31.964830 -7.207578 12.448988
vn 0.706170 -0.708025 0.004881
v 32.020031 -7.318676 -11.650514
vn 0.706170 -0.708025 0.004881
v 31.964830 -7.207578 12.448988
vn 0.706170 -0.708025 0.004881
v 31.576828 -7.760712 -11.649437
vn 0.705940 -0.708255 0.004890
v 31.576828 -7.760712 -11.649437
vn 0.705940 -0.708255 0.004890
v 31.964830 -7.207578 12.448988
vn 0.705940 -0.708255 0.004890
v 31.521652 -7.649301 12.450072
vn 0.541819 -0.840480 0.005126
v 31.576828 -7.760712 -11.649437
vn 0.541819 -0.840480 0.005126
v 31.521652 -7.649301 12.450072
vn 0.541819 -0.840480 0.005126
v 31.400900 -7.874124 -11.649417
vn 0.543175 -0.839604 0.005111
v 31.400900 -7.874124 -11.649417
vn 0.543175 -0.839604 0.005111
v 31.521652 -7.649301 12.450072
vn 0.543175 -0.839604 0.005111
v 31.345875 -7.763018 12.450188
vn 0.405622 -0.914027 0.005140
v 31.400900 -7.874124 -11.649417
vn 0.405622 -0.914027 0.005140
v 31.345875 -7.763018 12.450188
vn 0.405622 -0.914027 0.005140
v 31.018784 -8.043697 -11.649409
vn 0.405127 -0.914246 0.005149
v 31.018784 -8.043697 -11.649409
vn 0.405127 -0.914246 0.005149
v 31.345875 -7.763018 12.450188
vn 0.405127 -0.914246 0.005149
v 30.963615 -7.932408 12.450094
vn 0.154544 -0.987974 0.004916
v 31.018784 -8.043697 -11.649409
vn 0.154544 -0.987974 0.004916
v 30.963615 -7.932408 12.450094
vn 0.154544 -0.987974 0.004916
v 30.400614 -8.140399 -11.650365
vn 0.154710 -0.987948 0.004912
v 30.400614 -8.140399 -11.650365
vn 0.154710 -0.987948 0.004912
v 30.963615 -7.932408 12.450094
vn 0.154710 -0.987948 0.004912
v 30.345375 -8.029229 12.448843
vn 0.541423 0.070115 0.837822
v 31.362976 4.630795 14.124932
vn 0.541423 0.070115 0.837822
v 31.538834 4.629916 14.011363
vn 0.541423 0.070115 0.837822
v 31.541069 5.969692 13.897797
vn 0.912189 0.032902 0.408448
v 32.096710 4.626086 13.394653
vn 0.912189 0.032902 0.408448
v 32.267654 4.624053 13.013041
vn 0.912189 0.032902 0.408448
v 32.269878 5.804802 12.912962
vn 0.987272 0.011876 0.158599
v 32.267654 4.624053 13.013041
vn 0.987272 0.011876 0.158599
v 32.366928 4.621095 12.395303
vn 0.987272 0.011876 0.158599
v 32.368698 5.703404 12.303242
vn 0.987356 0.011541 0.158101
v 32.267654 4.624053 13.013041
vn 0.987356 0.011541 0.158101
v 32.368698 5.703404 12.303242
vn 0.987356 0.011541 0.158101
v 32.269878 5.804802 12.912962
vn 0.987406 0.036174 0.154013
v 32.269878 5.804802 12.912962
vn 0.987406 0.036174 0.154013
v 32.368698 5.703404 12.303242
vn 0.987406 0.036174 0.154013
v 32.371048 6.757295 12.040635
vn 0.987393 0.036241 0.154084
v 32.269878 5.804802 12.912962
vn 0.987393 0.036241 0.154084
v 32.371048 6.757295 12.040635
vn 0.987393 0.036241 0.154084
v 32.272476 6.954566 12.625893
vn 0.987452 0.059861 0.146133
v 32.272476 6.954566 12.625893
vn 0.987452 0.059861 0.146133
v 32.371048 6.757295 12.040635
vn 0.987452 0.059861 0.146133
v 32.373760 7.755870 11.613262
vn 0.987450 0.059870 0.146141
v 32.272476 6.954566 12.625893
vn 0.987450 0.059870 0.146141
v 32.373760 7.755870 11.613262
vn 0.987450 0.059870 0.146141
v 32.275391 8.043886 12.159941
vn 0.987516 0.082017 0.134484
v 32.275391 8.043886 12.159941
vn 0.987516 0.082017 0.134484
v 32.373760 7.755870 11.613262
vn 0.987516 0.082017 0.134484
v 32.376644 8.673748 11.032307
vn 0.987514 0.082028 0.134490
v 32.275391 8.043886 12.159941
vn 0.987514 0.082028 0.134490
v 32.376644 8.673748 11.032307
vn 0.987514 0.082028 0.134490
v 32.278526 9.045117 11.526239
vn 0.987585 0.101771 0.119660
v 32.278526 9.045117 11.526239
vn 0.987585 0.101771 0.119660
v 32.376644 8.673748 11.032307
vn 0.987585 0.101771 0.119660
v 32.379997 9.487367 10.312652
vn 0.987510 0.102287 0.119842
v 32.278526 9.045117 11.526239
vn 0.987510 0.102287 0.119842
v 32.379997 9.487367 10.312652
vn 0.987510 0.102287 0.119842
v 32.281868 9.932677 10.741157
vn 0.987581 0.119737 0.101724
v 32.281868 9.932677 10.741157
vn 0.987581 0.119737 0.101724
v 32.379997 9.487367 10.312652
vn 0.987581 0.119737 0.101724
v 32.383049 10.175835 9.472613
vn 0.987544 0.119997 0.101771
v 32.281868 9.932677 10.741157
vn 0.987544 0.119997 0.101771
v 32.383049 10.175835 9.472613
vn 0.987544 0.119997 0.101771
v 32.285061 10.683833 9.824493
vn 0.987615 0.134178 0.081318
v 32.285061 10.683833 9.824493
vn 0.987615 0.134178 0.081318
v 32.383049 10.175835 9.472613
vn 0.987615 0.134178 0.081318
v 32.386150 10.722068 8.533665
vn 0.987658 0.133865 0.081312
v 32.285061 10.683833 9.824493
vn 0.987658 0.133865 0.081312
v 32.386150 10.722068 8.533665
vn 0.987658 0.133865 0.081312
v 32.288620 11.279573 8.800508
vn 0.987728 0.144917 0.058248
v 32.288620 11.279573 8.800508
vn 0.987728 0.144917 0.058248
v 32.386150 10.722068 8.533665
vn 0.987728 0.144917 0.058248
v 32.388794 11.111680 7.519478
vn 0.987807 0.144345 0.058329
v 32.288620 11.279573 8.800508
vn 0.987807 0.144345 0.058329
v 32.388794 11.111680 7.519478
vn 0.987807 0.144345 0.058329
v 32.291821 11.704642 7.694336
vn 0.987875 0.151325 0.034697
v 32.291821 11.704642 7.694336
vn 0.987875 0.151325 0.034697
v 32.388794 11.111680 7.519478
vn 0.987875 0.151325 0.034697
v 32.391930 11.334908 6.456698
vn 0.987723 0.152386 0.034367
v 32.291821 11.704642 7.694336
vn 0.987723 0.152386 0.034367
v 32.391930 11.334908 6.456698
vn 0.987723 0.152386 0.034367
v 32.294613 11.948059 6.534823
vn 0.704431 0.058624 0.707348
v 31.538834 4.629916 14.011363
vn 0.704431 0.058624 0.707348
v 31.982309 4.627170 13.569942
vn 0.704431 0.058624 0.707348
v 31.984701 5.896613 13.462351
vn 0.836725 0.044683 0.545798
v 31.984701 5.896613 13.462351
vn 0.836725 0.044683 0.545798
v 31.982309 4.627170 13.569942
vn 0.836725 0.044683 0.545798
v 32.096710 4.626086 13.394653
vn 0.889922 0.054324 0.452865
v 32.096710 4.626086 13.394653
vn 0.889922 0.054324 0.452865
v 32.269878 5.804802 12.912962
vn 0.889922 0.054324 0.452865
v 31.984701 5.896613 13.462351
vn 0.889601 0.108748 0.443603
v 31.984701 5.896613 13.462351
vn 0.889601 0.108748 0.443603
v 32.269878 5.804802 12.912962
vn 0.889601 0.108748 0.443603
v 32.272476 6.954566 12.625893
vn 0.889399 0.109063 0.443931
v 31.984701 5.896613 13.462351
vn 0.889399 0.109063 0.443931
v 32.272476 6.954566 12.625893
vn 0.889399 0.109063 0.443931
v 31.987194 7.132738 13.153673
vn 0.889559 0.177644 0.420865
v 31.987194 7.132738 13.153673
vn 0.889559 0.177644 0.420865
v 32.272476 6.954566 12.625893
vn 0.889559 0.177644 0.420865
v 32.275391 8.043886 12.159941
vn 0.889646 0.177488 0.420747
v 31.987194 7.132738 13.153673
vn 0.889646 0.177488 0.420747
v 32.275391 8.043886 12.159941
vn 0.889646 0.177488 0.420747
v 31.990599 8.303914 12.652424
vn 0.889843 0.242020 0.386789
v 31.990599 8.303914 12.652424
vn 0.889843 0.242020 0.386789
v 32.275391 8.043886 12.159941
vn 0.889843 0.242020 0.386789
v 32.278526 9.045117 11.526239
vn 0.889756 0.242193 0.386881
v 31.990599 8.303914 12.652424
vn 0.889756 0.242193 0.386881
v 32.278526 9.045117 11.526239
vn 0.889756 0.242193 0.386881
v 31.993713 9.380413 11.971357
vn 0.889950 0.300273 0.343256
v 31.993713 9.380413 11.971357
vn 0.889950 0.300273 0.343256
v 32.278526 9.045117 11.526239
vn 0.889950 0.300273 0.343256
v 32.281868 9.932677 10.741157
vn 0.889849 0.300489 0.343329
v 31.993713 9.380413 11.971357
vn 0.889849 0.300489 0.343329
v 32.281868 9.932677 10.741157
vn 0.889849 0.300489 0.343329
v 31.997231 10.334596 11.127121
vn 0.890046 0.351081 0.290792
v 31.997231 10.334596 11.127121
vn 0.890046 0.351081 0.290792
v 32.281868 9.932677 10.741157
vn 0.890046 0.351081 0.290792
v 32.285061 10.683833 9.824493
vn 0.890506 0.350057 0.290619
v 31.997231 10.334596 11.127121
vn 0.890506 0.350057 0.290619
v 32.285061 10.683833 9.824493
vn 0.890506 0.350057 0.290619
v 32.001171 11.142369 10.142061
vn 0.890716 0.391551 0.230894
v 32.001171 11.142369 10.142061
vn 0.890716 0.391551 0.230894
v 32.285061 10.683833 9.824493
vn 0.890716 0.391551 0.230894
v 32.288620 11.279573 8.800508
vn 0.890534 0.391964 0.230897
v 32.001171 11.142369 10.142061
vn 0.890534 0.391964 0.230897
v 32.288620 11.279573 8.800508
vn 0.890534 0.391964 0.230897
v 32.004795 11.782872 9.040780
vn 0.890737 0.423403 0.165281
v 32.004795 11.782872 9.040780
vn 0.890737 0.423403 0.165281
v 32.288620 11.279573 8.800508
vn 0.890737 0.423403 0.165281
v 32.291821 11.704642 7.694336
vn 0.890741 0.423395 0.165282
v 32.004795 11.782872 9.040780
vn 0.890741 0.423395 0.165282
v 32.291821 11.704642 7.694336
vn 0.890741 0.423395 0.165282
v 32.008251 12.239849 7.851559
vn 0.890922 0.444032 0.095360
v 32.008251 12.239849 7.851559
vn 0.890922 0.444032 0.095360
v 32.291821 11.704642 7.694336
vn 0.890922 0.444032 0.095360
v 32.294613 11.948059 6.534823
vn 0.890937 0.443999 0.095370
v 32.008251 12.239849 7.851559
vn 0.890937 0.443999 0.095370
v 32.294613 11.948059 6.534823
vn 0.890937 0.443999 0.095370
v 32.011276 12.501647 6.604456
vn 0.704195 0.058803 0.707568
v 31.538834 4.629916 14.011363
vn 0.704195 0.058803 0.707568
v 31.984701 5.896613 13.462351
vn 0.704195 0.058803 0.707568
v 31.541069 5.969692 13.897797
vn 0.704390 0.170632 0.688999
v 31.541069 5.969692 13.897797
vn 0.704390 0.170632 0.688999
v 31.984701 5.896613 13.462351
vn 0.704390 0.170632 0.688999
v 31.987194 7.132738 13.153673
vn 0.704672 0.170380 0.688773
v 31.541069 5.969692 13.897797
vn 0.704672 0.170380 0.688773
v 31.987194 7.132738 13.153673
vn 0.704672 0.170380 0.688773
v 31.544001 7.274504 13.572029
vn 0.704932 0.277342 0.652803
v 31.544001 7.274504 13.572029
vn 0.704932 0.277342 0.652803
v 31.987194 7.132738 13.153673
vn 0.704932 0.277342 0.652803
v 31.990599 8.303914 12.652424
vn 0.705097 0.277175 0.652696
v 31.544001 7.274504 13.572029
vn 0.705097 0.277175 0.652696
v 31.990599 8.303914 12.652424
vn 0.705097 0.277175 0.652696
v 31.547562 8.510644 13.043241
vn 0.705377 0.377519 0.599935
v 31.547562 8.510644 13.043241
vn 0.705377 0.377519 0.599935
v 31.990599 8.303914 12.652424
vn 0.705377 0.377519 0.599935
v 31.993713 9.380413 11.971357
vn 0.705442 0.377447 0.599904
v 31.547562 8.510644 13.043241
vn 0.705442 0.377447 0.599904
v 31.993713 9.380413 11.971357
vn 0.705442 0.377447 0.599904
v 31.551186 9.646880 12.324080
vn 0.705749 0.467995 0.531883
v 31.551186 9.646880 12.324080
vn 0.705749 0.467995 0.531883
v 31.993713 9.380413 11.971357
vn 0.705749 0.467995 0.531883
v 31.997231 10.334596 11.127121
vn 0.705733 0.468013 0.531888
v 31.551186 9.646880 12.324080
vn 0.705733 0.468013 0.531888
v 31.997231 10.334596 11.127121
vn 0.705733 0.468013 0.531888
v 31.554886 10.654119 11.432893
vn 0.706080 0.546181 0.450707
v 31.554886 10.654119 11.432893
vn 0.706080 0.546181 0.450707
v 31.997231 10.334596 11.127121
vn 0.706080 0.546181 0.450707
v 32.001171 11.142369 10.142061
vn 0.705565 0.546801 0.450763
v 31.554886 10.654119 11.432893
vn 0.705565 0.546801 0.450763
v 32.001171 11.142369 10.142061
vn 0.705565 0.546801 0.450763
v 31.558474 11.506633 10.393130
vn 0.705907 0.611268 0.357836
v 31.558474 11.506633 10.393130
vn 0.705907 0.611268 0.357836
v 32.001171 11.142369 10.142061
vn 0.705907 0.611268 0.357836
v 32.004795 11.782872 9.040780
vn 0.706134 0.610994 0.357855
v 31.558474 11.506633 10.393130
vn 0.706134 0.610994 0.357855
v 32.004795 11.782872 9.040780
vn 0.706134 0.610994 0.357855
v 31.562527 12.182626 9.230955
vn 0.706456 0.659970 0.255655
v 31.562527 12.182626 9.230955
vn 0.706456 0.659970 0.255655
v 32.004795 11.782872 9.040780
vn 0.706456 0.659970 0.255655
v 32.008251 12.239849 7.851559
vn 0.706321 0.660129 0.255618
v 31.562527 12.182626 9.230955
vn 0.706321 0.660129 0.255618
v 32.008251 12.239849 7.851559
vn 0.706321 0.660129 0.255618
v 31.565975 12.664968 7.975783
vn 0.706609 0.692163 0.147018
v 31.565975 12.664968 7.975783
vn 0.706609 0.692163 0.147018
v 32.008251 12.239849 7.851559
vn 0.706609 0.692163 0.147018
v 32.011276 12.501647 6.604456
vn 0.706826 0.691920 0.147117
v 31.565975 12.664968 7.975783
vn 0.706826 0.691920 0.147117
v 32.011276 12.501647 6.604456
vn 0.706826 0.691920 0.147117
v 31.569447 12.941253 6.659688
vn 0.153802 0.083411 0.984575
v 30.362356 4.633684 14.390641
vn 0.153802 0.083411 0.984575
v 30.980652 4.632264 14.294176
vn 0.153802 0.083411 0.984575
v 30.983034 6.017280 14.176468
vn 0.403835 0.076780 0.911604
v 30.983034 6.017280 14.176468
vn 0.403835 0.076780 0.911604
v 30.980652 4.632264 14.294176
vn 0.403835 0.076780 0.911604
v 31.362976 4.630795 14.124932
vn 0.451108 0.090617 0.887857
v 31.362976 4.630795 14.124932
vn 0.451108 0.090617 0.887857
v 31.541069 5.969692 13.897797
vn 0.451108 0.090617 0.887857
v 30.983034 6.017280 14.176468
vn 0.450929 0.215252 0.866216
v 30.983034 6.017280 14.176468
vn 0.450929 0.215252 0.866216
v 31.541069 5.969692 13.897797
vn 0.450929 0.215252 0.866216
v 31.544001 7.274504 13.572029
vn 0.451756 0.214737 0.865913
v 30.983034 6.017280 14.176468
vn 0.451756 0.214737 0.865913
v 31.544001 7.274504 13.572029
vn 0.451756 0.214737 0.865913
v 30.986301 7.366058 13.840281
vn 0.452097 0.349710 0.820556
v 30.986301 7.366058 13.840281
vn 0.452097 0.349710 0.820556
v 31.544001 7.274504 13.572029
vn 0.452097 0.349710 0.820556
v 31.547562 8.510644 13.043241
vn 0.451621 0.350030 0.820681
v 30.986301 7.366058 13.840281
vn 0.451621 0.350030 0.820681
v 31.547562 8.510644 13.043241
vn 0.451621 0.350030 0.820681
v 30.989712 8.643899 13.293390
vn 0.451991 0.476032 0.754385
v 30.989712 8.643899 13.293390
vn 0.451991 0.476032 0.754385
v 31.547562 8.510644 13.043241
vn 0.451991 0.476032 0.754385
v 31.551186 9.646880 12.324080
vn 0.451839 0.476140 0.754409
v 30.989712 8.643899 13.293390
vn 0.451839 0.476140 0.754409
v 31.551186 9.646880 12.324080
vn 0.451839 0.476140 0.754409
v 30.993147 9.818502 12.549990
vn 0.452225 0.590083 0.668801
v 30.993147 9.818502 12.549990
vn 0.452225 0.590083 0.668801
v 31.551186 9.646880 12.324080
vn 0.452225 0.590083 0.668801
v 31.554886 10.654119 11.432893
vn 0.452247 0.590067 0.668800
v 30.993147 9.818502 12.549990
vn 0.452247 0.590067 0.668800
v 31.554886 10.654119 11.432893
vn 0.452247 0.590067 0.668800
v 30.997128 10.859664 11.628705
vn 0.452641 0.688781 0.566302
v 30.997128 10.859664 11.628705
vn 0.452641 0.688781 0.566302
v 31.554886 10.654119 11.432893
vn 0.452641 0.688781 0.566302
v 31.558474 11.506633 10.393130
vn 0.452968 0.688545 0.566327
v 30.997128 10.859664 11.628705
vn 0.452968 0.688545 0.566327
v 31.558474 11.506633 10.393130
vn 0.452968 0.688545 0.566327
v 31.001223 11.740928 10.553981
vn 0.453355 0.769784 0.449335
v 31.001223 11.740928 10.553981
vn 0.453355 0.769784 0.449335
v 31.558474 11.506633 10.393130
vn 0.453355 0.769784 0.449335
v 31.562527 12.182626 9.230955
vn 0.453184 0.769904 0.449302
v 31.001223 11.740928 10.553981
vn 0.453184 0.769904 0.449302
v 31.562527 12.182626 9.230955
vn 0.453184 0.769904 0.449302
v 31.005180 12.439809 9.352421
vn 0.453588 0.831483 0.320772
v 31.005180 12.439809 9.352421
vn 0.453588 0.831483 0.320772
v 31.562527 12.182626 9.230955
vn 0.453588 0.831483 0.320772
v 31.565975 12.664968 7.975783
vn 0.453593 0.831479 0.320773
v 31.005180 12.439809 9.352421
vn 0.453593 0.831479 0.320773
v 31.565975 12.664968 7.975783
vn 0.453593 0.831479 0.320773
v 31.008987 12.938422 8.054577
vn 0.454036 0.871735 0.184199
v 31.008987 12.938422 8.054577
vn 0.454036 0.871735 0.184199
v 31.565975 12.664968 7.975783
vn 0.454036 0.871735 0.184199
v 31.569447 12.941253 6.659688
vn 0.454116 0.871687 0.184231
v 31.008987 12.938422 8.054577
vn 0.454116 0.871687 0.184231
v 31.569447 12.941253 6.659688
vn 0.454116 0.871687 0.184231
v 31.012613 13.224037 6.694251
vn 0.154064 0.083289 0.984544
v 30.362356 4.633684 14.390641
vn 0.154064 0.083289 0.984544
v 30.983034 6.017280 14.176468
vn 0.154064 0.083289 0.984544
v 30.364813 6.034329 14.271767
vn 0.154374 0.238602 0.958769
v 30.364813 6.034329 14.271767
vn 0.154374 0.238602 0.958769
v 30.983034 6.017280 14.176468
vn 0.154374 0.238602 0.958769
v 30.986301 7.366058 13.840281
vn 0.154178 0.238696 0.958777
v 30.364813 6.034329 14.271767
vn 0.154178 0.238696 0.958777
v 30.986301 7.366058 13.840281
vn 0.154178 0.238696 0.958777
v 30.368145 7.398222 13.931678
vn 0.154526 0.388386 0.908448
v 30.368145 7.398222 13.931678
vn 0.154526 0.388386 0.908448
v 30.986301 7.366058 13.840281
vn 0.154526 0.388386 0.908448
v 30.989712 8.643899 13.293390
vn 0.154130 0.388576 0.908434
v 30.368145 7.398222 13.931678
vn 0.154130 0.388576 0.908434
v 30.989712 8.643899 13.293390
vn 0.154130 0.388576 0.908434
v 30.371572 8.690591 13.378295
vn 0.154583 0.528036 0.835034
v 30.371572 8.690591 13.378295
vn 0.154583 0.528036 0.835034
v 30.989712 8.643899 13.293390
vn 0.154583 0.528036 0.835034
v 30.993147 9.818502 12.549990
vn 0.154769 0.527949 0.835055
v 30.371572 8.690591 13.378295
vn 0.154769 0.527949 0.835055
v 30.993147 9.818502 12.549990
vn 0.154769 0.527949 0.835055
v 30.375025 9.878313 12.626739
vn 0.155209 0.654315 0.740123
v 30.375025 9.878313 12.626739
vn 0.155209 0.654315 0.740123
v 30.993147 9.818502 12.549990
vn 0.155209 0.654315 0.740123
v 30.997128 10.859664 11.628705
vn 0.155303 0.654273 0.740141
v 30.375025 9.878313 12.626739
vn 0.155303 0.654273 0.740141
v 30.997128 10.859664 11.628705
vn 0.155303 0.654273 0.740141
v 30.378899 10.931197 11.695192
vn 0.155745 0.763544 0.626693
v 30.378899 10.931197 11.695192
vn 0.155745 0.763544 0.626693
v 30.997128 10.859664 11.628705
vn 0.155745 0.763544 0.626693
v 31.001223 11.740928 10.553981
vn 0.155781 0.763530 0.626702
v 30.378899 10.931197 11.695192
vn 0.155781 0.763530 0.626702
v 31.001223 11.740928 10.553981
vn 0.155781 0.763530 0.626702
v 30.382975 11.822368 10.608439
vn 0.156217 0.853577 0.496993
v 30.382975 11.822368 10.608439
vn 0.156217 0.853577 0.496993
v 31.001223 11.740928 10.553981
vn 0.156217 0.853577 0.496993
v 31.005180 12.439809 9.352421
vn 0.156221 0.853576 0.496994
v 30.382975 11.822368 10.608439
vn 0.156221 0.853576 0.496994
v 31.005180 12.439809 9.352421
vn 0.156221 0.853576 0.496994
v 30.387215 12.529106 9.393300
vn 0.156660 0.921800 0.354602
v 30.387215 12.529106 9.393300
vn 0.156660 0.921800 0.354602
v 31.005180 12.439809 9.352421
vn 0.156660 0.921800 0.354602
v 31.008987 12.938422 8.054577
vn 0.156665 0.921798 0.354604
v 30.387215 12.529106 9.393300
vn 0.156665 0.921798 0.354604
v 31.008987 12.938422 8.054577
vn 0.156665 0.921798 0.354604
v 30.391066 13.033337 8.080843
vn 0.157089 0.966426 0.203330
v 30.391066 13.033337 8.080843
vn 0.157089 0.966426 0.203330
v 31.008987 12.938422 8.054577
vn 0.157089 0.966426 0.203330
v 31.012613 13.224037 6.694251
vn 0.156690 0.966526 0.203165
v 30.391066 13.033337 8.080843
vn 0.156690 0.966526 0.203165
v 31.012613 13.224037 6.694251
vn 0.156690 0.966526 0.203165
v 30.394793 13.321843 6.705447
vn 0.827068 -0.155436 0.540184
v 32.078445 -6.027618 13.443871
vn 0.827068 -0.155436 0.540184
v 31.964157 -6.026585 13.619154
vn 0.827068 -0.155436 0.540184
v 31.883995 -6.644763 13.564009
vn 0.399175 -0.152000 0.904188
v 31.344828 -6.022963 14.174202
vn 0.399175 -0.152000 0.904188
v 30.962206 -6.021573 14.343352
vn 0.399175 -0.152000 0.904188
v 30.931120 -6.639951 14.253121
vn 0.154596 -0.987534 0.029611
v 30.345375 -8.029229 12.448843
vn 0.154596 -0.987534 0.029611
v 30.963615 -7.932408 12.450094
vn 0.154596 -0.987534 0.029611
v 30.932888 -7.931501 12.640735
vn 0.404140 -0.912055 0.069472
v 30.932888 -7.931501 12.640735
vn 0.404140 -0.912055 0.069472
v 30.963615 -7.932408 12.450094
vn 0.404140 -0.912055 0.069472
v 31.345875 -7.763018 12.450188
vn 0.430188 -0.891107 0.144450
v 30.932888 -7.931501 12.640735
vn 0.430188 -0.891107 0.144450
v 31.345875 -7.763018 12.450188
vn 0.430188 -0.891107 0.144450
v 31.463280 -7.647500 12.813169
vn 0.540962 -0.836097 0.091113
v 31.463280 -7.647500 12.813169
vn 0.540962 -0.836097 0.091113
v 31.345875 -7.763018 12.450188
vn 0.540962 -0.836097 0.091113
v 31.521652 -7.649301 12.450072
vn 0.701243 -0.703385 0.116221
v 31.463280 -7.647500 12.813169
vn 0.701243 -0.703385 0.116221
v 31.521652 -7.649301 12.450072
vn 0.701243 -0.703385 0.116221
v 31.884491 -7.205150 12.948860
vn 0.151820 -0.150181 0.976932
v 30.962206 -6.021573 14.343352
vn 0.151820 -0.150181 0.976932
v 30.344250 -6.020055 14.439619
vn 0.151820 -0.150181 0.976932
v 30.931120 -6.639951 14.253121
vn 0.152109 -0.149906 0.976929
v 30.931120 -6.639951 14.253121
vn 0.152109 -0.149906 0.976929
v 30.344250 -6.020055 14.439619
vn 0.152109 -0.149906 0.976929
v 30.343388 -6.638548 14.344848
vn 0.136979 -0.445954 0.884512
v 30.931120 -6.639951 14.253121
vn 0.136979 -0.445954 0.884512
v 30.343388 -6.638548 14.344848
vn 0.136979 -0.445954 0.884512
v 30.843220 -7.198582 13.985084
vn 0.136719 -0.446148 0.884454
v 30.843220 -7.198582 13.985084
vn 0.136719 -0.446148 0.884454
v 30.343388 -6.638548 14.344848
vn 0.136719 -0.446148 0.884454
v 30.343119 -7.197324 14.063024
vn 0.108299 -0.699691 0.706189
v 30.843220 -7.198582 13.985084
vn 0.108299 -0.699691 0.706189
v 30.343119 -7.197324 14.063024
vn 0.108299 -0.699691 0.706189
v 30.706781 -7.642756 13.565921
vn 0.108523 -0.699587 0.706259
v 30.706781 -7.642756 13.565921
vn 0.108523 -0.699587 0.706259
v 30.343119 -7.197324 14.063024
vn 0.108523 -0.699587 0.706259
v 30.343351 -7.641567 13.622942
vn 0.068859 -0.886614 0.457355
v 30.706781 -7.642756 13.565921
vn 0.068859 -0.886614 0.457355
v 30.343351 -7.641567 13.622942
vn 0.068859 -0.886614 0.457355
v 30.535004 -7.928983 13.036911
vn 0.536950 -0.152810 0.829659
v 31.520493 -6.023783 14.060360
vn 0.536950 -0.152810 0.829659
v 31.344828 -6.022963 14.174202
vn 0.536950 -0.152810 0.829659
v 31.462282 -6.642071 13.984156
vn 0.443362 -0.185104 0.877022
v 31.462282 -6.642071 13.984156
vn 0.443362 -0.185104 0.877022
v 31.344828 -6.022963 14.174202
vn 0.443362 -0.185104 0.877022
v 30.931120 -6.639951 14.253121
vn 0.402769 -0.446662 0.798918
v 31.462282 -6.642071 13.984156
vn 0.402769 -0.446662 0.798918
v 30.931120 -6.639951 14.253121
vn 0.402769 -0.446662 0.798918
v 31.294584 -7.200407 13.756542
vn 0.402717 -0.446700 0.798923
v 31.294584 -7.200407 13.756542
vn 0.402717 -0.446700 0.798923
v 30.931120 -6.639951 14.253121
vn 0.402717 -0.446700 0.798923
v 30.843220 -7.198582 13.985084
vn 0.320238 -0.700239 0.638054
v 31.294584 -7.200407 13.756542
vn 0.320238 -0.700239 0.638054
v 30.843220 -7.198582 13.985084
vn 0.320238 -0.700239 0.638054
v 31.034788 -7.644070 13.400030
vn 0.319893 -0.700393 0.638058
v 31.034788 -7.644070 13.400030
vn 0.319893 -0.700393 0.638058
v 30.843220 -7.198582 13.985084
vn 0.319893 -0.700393 0.638058
v 30.706781 -7.642756 13.565921
vn 0.205446 -0.887140 0.413249
v 31.034788 -7.644070 13.400030
vn 0.205446 -0.887140 0.413249
v 30.706781 -7.642756 13.565921
vn 0.205446 -0.887140 0.413249
v 30.707714 -7.929678 12.949509
vn 0.205558 -0.887118 0.413239
v 30.707714 -7.929678 12.949509
vn 0.205558 -0.887118 0.413239
v 30.706781 -7.642756 13.565921
vn 0.205558 -0.887118 0.413239
v 30.535004 -7.928983 13.036911
vn 0.696369 -0.152853 0.701217
v 31.964157 -6.026585 13.619154
vn 0.696369 -0.152853 0.701217
v 31.520493 -6.023783 14.060360
vn 0.696369 -0.152853 0.701217
v 31.883995 -6.644763 13.564009
vn 0.697103 -0.151991 0.700676
v 31.883995 -6.644763 13.564009
vn 0.697103 -0.151991 0.700676
v 31.520493 -6.023783 14.060360
vn 0.697103 -0.151991 0.700676
v 31.462282 -6.642071 13.984156
vn 0.629713 -0.447577 0.634930
v 31.883995 -6.644763 13.564009
vn 0.629713 -0.447577 0.634930
v 31.462282 -6.642071 13.984156
vn 0.629713 -0.447577 0.634930
v 31.653620 -7.202388 13.399408
vn 0.629281 -0.447920 0.635117
v 31.653620 -7.202388 13.399408
vn 0.629281 -0.447920 0.635117
v 31.462282 -6.642071 13.984156
vn 0.629281 -0.447920 0.635117
v 31.294584 -7.200407 13.756542
vn 0.500873 -0.701171 0.507430
v 31.653620 -7.202388 13.399408
vn 0.500873 -0.701171 0.507430
v 31.294584 -7.200407 13.756542
vn 0.500873 -0.701171 0.507430
v 31.295538 -7.645718 13.140265
vn 0.501030 -0.701098 0.507377
v 31.295538 -7.645718 13.140265
vn 0.501030 -0.701098 0.507377
v 31.294584 -7.200407 13.756542
vn 0.501030 -0.701098 0.507377
v 31.034788 -7.644070 13.400030
vn 0.322020 -0.887776 0.328872
v 31.295538 -7.645718 13.140265
vn 0.322020 -0.887776 0.328872
v 31.034788 -7.644070 13.400030
vn 0.322020 -0.887776 0.328872
v 30.844717 -7.930544 12.812817
vn 0.322366 -0.887705 0.328725
v 30.844717 -7.930544 12.812817
vn 0.322366 -0.887705 0.328725
v 31.034788 -7.644070 13.400030
vn 0.322366 -0.887705 0.328725
v 30.707714 -7.929678 12.949509
vn 0.110087 -0.987060 0.116592
v 30.844717 -7.930544 12.812817
vn 0.110087 -0.987060 0.116592
v 30.707714 -7.929678 12.949509
vn 0.110087 -0.987060 0.116592
v 30.345375 -8.029229 12.448843
vn 0.069777 -0.986861 0.145726
v 30.535004 -7.928983 13.036911
vn 0.069777 -0.986861 0.145726
v 30.345375 -8.029229 12.448843
vn 0.069777 -0.986861 0.145726
v 30.707714 -7.929678 12.949509
vn 0.068565 -0.886672 0.457287
v 30.343351 -7.641567 13.622942
vn 0.068565 -0.886672 0.457287
v 30.344133 -7.928539 13.066391
vn 0.068565 -0.886672 0.457287
v 30.535004 -7.928983 13.036911
vn 0.022559 -0.986709 0.160926
v 30.535004 -7.928983 13.036911
vn 0.022559 -0.986709 0.160926
v 30.344133 -7.928539 13.066391
vn 0.022559 -0.986709 0.160926
v 30.345375 -8.029229 12.448843
vn 0.901375 -0.155241 0.404257
v 32.249210 -6.029669 13.062331
vn 0.901375 -0.155241 0.404257
v 32.078445 -6.027618 13.443871
vn 0.901375 -0.155241 0.404257
v 32.155155 -6.647706 13.034704
vn 0.873721 -0.187954 0.448648
v 32.155155 -6.647706 13.034704
vn 0.873721 -0.187954 0.448648
v 32.078445 -6.027618 13.443871
vn 0.873721 -0.187954 0.448648
v 31.883995 -6.644763 13.564009
vn 0.794349 -0.448744 0.409436
v 32.155155 -6.647706 13.034704
vn 0.794349 -0.448744 0.409436
v 31.883995 -6.644763 13.564009
vn 0.794349 -0.448744 0.409436
v 31.884491 -7.205150 12.948860
vn 0.794091 -0.448994 0.409663
v 31.884491 -7.205150 12.948860
vn 0.794091 -0.448994 0.409663
v 31.883995 -6.644763 13.564009
vn 0.794091 -0.448994 0.409663
v 31.653620 -7.202388 13.399408
vn 0.631821 -0.702264 0.328066
v 31.884491 -7.205150 12.948860
vn 0.631821 -0.702264 0.328066
v 31.653620 -7.202388 13.399408
vn 0.631821 -0.702264 0.328066
v 31.463280 -7.647500 12.813169
vn 0.632004 -0.702163 0.327930
v 31.463280 -7.647500 12.813169
vn 0.632004 -0.702163 0.327930
v 31.653620 -7.202388 13.399408
vn 0.632004 -0.702163 0.327930
v 31.295538 -7.645718 13.140265
vn 0.406403 -0.888460 0.213251
v 31.463280 -7.647500 12.813169
vn 0.406403 -0.888460 0.213251
v 31.295538 -7.645718 13.140265
vn 0.406403 -0.888460 0.213251
v 30.932888 -7.931501 12.640735
vn 0.406457 -0.888446 0.213204
v 30.932888 -7.931501 12.640735
vn 0.406457 -0.888446 0.213204
v 31.295538 -7.645718 13.140265
vn 0.406457 -0.888446 0.213204
v 30.844717 -7.930544 12.812817
vn 0.139146 -0.987290 0.076789
v 30.932888 -7.931501 12.640735
vn 0.139146 -0.987290 0.076789
v 30.844717 -7.930544 12.812817
vn 0.139146 -0.987290 0.076789
v 30.345375 -8.029229 12.448843
vn 0.701308 -0.703335 0.116131
v 31.521652 -7.649301 12.450072
vn 0.701308 -0.703335 0.116131
v 31.964830 -7.207578 12.448988
vn 0.701308 -0.703335 0.116131
v 31.884491 -7.205150 12.948860
vn 0.830075 -0.540804 0.136037
v 31.884491 -7.205150 12.948860
vn 0.830075 -0.540804 0.136037
v 31.964830 -7.207578 12.448988
vn 0.830075 -0.540804 0.136037
v 32.079178 -7.032218 12.448388
vn 0.872926 -0.452083 0.183362
v 31.884491 -7.205150 12.948860
vn 0.872926 -0.452083 0.183362
v 32.079178 -7.032218 12.448388
vn 0.872926 -0.452083 0.183362
v 32.155155 -6.647706 13.034704
vn 0.903324 -0.402918 0.147181
v 32.155155 -6.647706 13.034704
vn 0.903324 -0.402918 0.147181
v 32.079178 -7.032218 12.448388
vn 0.903324 -0.402918 0.147181
v 32.249615 -6.650572 12.447120
vn 0.975203 -0.155447 0.157529
v 32.155155 -6.647706 13.034704
vn 0.975203 -0.155447 0.157529
v 32.249615 -6.650572 12.447120
vn 0.975203 -0.155447 0.157529
v 32.249210 -6.029669 13.062331
vn 0.975057 -0.155898 0.157984
v 32.249210 -6.029669 13.062331
vn 0.975057 -0.155898 0.157984
v 32.249615 -6.650572 12.447120
vn 0.975057 -0.155898 0.157984
v 32.348835 -6.032656 12.444509
vn 0.987246 -0.000941 0.159200
v 32.348835 -6.032656 12.444509
vn 0.987246 -0.000941 0.159200
v 32.366928 4.621095 12.395303
vn 0.987246 -0.000941 0.159200
v 32.249210 -6.029669 13.062331
vn 0.987331 -0.000976 0.158670
v 32.249210 -6.029669 13.062331
vn 0.987331 -0.000976 0.158670
v 32.366928 4.621095 12.395303
vn 0.987331 -0.000976 0.158670
v 32.267654 4.624053 13.013041
vn 0.912752 0.000309 0.408513
v 32.249210 -6.029669 13.062331
vn 0.912752 0.000309 0.408513
v 32.267654 4.624053 13.013041
vn 0.912752 0.000309 0.408513
v 32.078445 -6.027618 13.443871
vn 0.912618 0.000324 0.408813
v 32.078445 -6.027618 13.443871
vn 0.912618 0.000324 0.408813
v 32.267654 4.624053 13.013041
vn 0.912618 0.000324 0.408813
v 32.096710 4.626086 13.394653
vn 0.837671 0.001087 0.546174
v 32.078445 -6.027618 13.443871
vn 0.837671 0.001087 0.546174
v 32.096710 4.626086 13.394653
vn 0.837671 0.001087 0.546174
v 31.964157 -6.026585 13.619154
vn 0.837437 0.001098 0.546533
v 31.964157 -6.026585 13.619154
vn 0.837437 0.001098 0.546533
v 32.096710 4.626086 13.394653
vn 0.837437 0.001098 0.546533
v 31.982309 4.627170 13.569942
vn 0.705146 0.002074 0.709059
v 31.964157 -6.026585 13.619154
vn 0.705146 0.002074 0.709059
v 31.982309 4.627170 13.569942
vn 0.705146 0.002074 0.709059
v 31.520493 -6.023783 14.060360
vn 0.705467 0.002045 0.708740
v 31.520493 -6.023783 14.060360
vn 0.705467 0.002045 0.708740
v 31.982309 4.627170 13.569942
vn 0.705467 0.002045 0.708740
v 31.538834 4.629916 14.011363
vn 0.543847 0.002923 0.839179
v 31.520493 -6.023783 14.060360
vn 0.543847 0.002923 0.839179
v 31.538834 4.629916 14.011363
vn 0.543847 0.002923 0.839179
v 31.344828 -6.022963 14.174202
vn 0.542518 0.002961 0.840039
v 31.344828 -6.022963 14.174202
vn 0.542518 0.002961 0.840039
v 31.538834 4.629916 14.011363
vn 0.542518 0.002961 0.840039
v 31.362976 4.630795 14.124932
vn 0.404343 0.003541 0.914601
v 31.344828 -6.022963 14.174202
vn 0.404343 0.003541 0.914601
v 31.362976 4.630795 14.124932
vn 0.404343 0.003541 0.914601
v 30.962206 -6.021573 14.343352
vn 0.404792 0.003520 0.914402
v 30.962206 -6.021573 14.343352
vn 0.404792 0.003520 0.914402
v 31.362976 4.630795 14.124932
vn 0.404792 0.003520 0.914402
v 30.980652 4.632264 14.294176
vn 0.153935 0.004294 0.988072
v 30.962206 -6.021573 14.343352
vn 0.153935 0.004294 0.988072
v 30.980652 4.632264 14.294176
vn 0.153935 0.004294 0.988072
v 30.344250 -6.020055 14.439619
vn 0.154160 0.004280 0.988037
v 30.344250 -6.020055 14.439619
vn 0.154160 0.004280 0.988037
v 30.980652 4.632264 14.294176
vn 0.154160 0.004280 0.988037
v 30.362356 4.633684 14.390641
vn -0.961037 0.276400 -0.003468
v 5.346350 8.634479 13.372070
vn -0.961037 0.276400 -0.003468
v 5.371330 8.583866 2.415029
vn -0.961037 0.276400 -0.003468
v 5.237189 8.117484 2.416835
vn -0.960941 0.276731 -0.003484
v 5.346350 8.634479 13.372070
vn -0.960941 0.276731 -0.003484
v 5.237189 8.117484 2.416835
vn -0.960941 0.276731 -0.003484
v 5.211554 8.169172 13.592058
vn -0.978022 -0.208499 -0.001279
v 5.211554 8.169172 13.592058
vn -0.978022 -0.208499 -0.001279
v 5.237189 8.117484 2.416835
vn -0.978022 -0.208499 -0.001279
v 5.338370 7.642853 2.419315
vn -0.977998 -0.208609 -0.001274
v 5.211554 8.169172 13.592058
vn -0.977998 -0.208609 -0.001274
v 5.338370 7.642853 2.419315
vn -0.977998 -0.208609 -0.001274
v 5.312356 7.695417 13.783806
vn -0.764728 -0.644352 0.001230
v 5.312356 7.695417 13.783806
vn -0.764728 -0.644352 0.001230
v 5.338370 7.642853 2.419315
vn -0.764728 -0.644352 0.001230
v 5.651055 7.271757 2.421741
vn -0.764851 -0.644206 0.001221
v 5.312356 7.695417 13.783806
vn -0.764851 -0.644206 0.001221
v 5.651055 7.271757 2.421741
vn -0.764851 -0.644206 0.001221
v 5.624717 7.324803 13.912379
vn -0.002075 0.124232 0.992251
v 9.361131 4.671978 14.922282
vn -0.002075 0.124232 0.992251
v 30.361071 4.636321 14.970655
vn -0.002075 0.124232 0.992251
v 30.365454 6.863493 14.691817
vn -0.002070 0.124189 0.992256
v 9.361131 4.671978 14.922282
vn -0.002070 0.124189 0.992256
v 30.365454 6.863493 14.691817
vn -0.002070 0.124189 0.992256
v 9.365533 6.899027 14.643559
vn -0.001544 0.356462 0.934308
v 9.365533 6.899027 14.643559
vn -0.001544 0.356462 0.934308
v 30.365454 6.863493 14.691817
vn -0.001544 0.356462 0.934308
v 30.370852 8.960668 13.891702
vn -0.001550 0.356512 0.934289
v 9.365533 6.899027 14.643559
vn -0.001550 0.356512 0.934289
v 30.370852 8.960668 13.891702
vn -0.001550 0.356512 0.934289
v 9.370919 8.996207 13.843312
vn -0.000935 0.568182 0.822903
v 9.370919 8.996207 13.843312
vn -0.000935 0.568182 0.822903
v 30.370852 8.960668 13.891702
vn -0.000935 0.568182 0.822903
v 30.376905 10.807724 12.616389
vn -0.000923 0.568090 0.822966
v 9.370919 8.996207 13.843312
vn -0.000923 0.568090 0.822966
v 30.376905 10.807724 12.616389
vn -0.000923 0.568090 0.822966
v 9.376998 10.843184 12.568357
vn -0.000258 0.747365 0.664413
v 9.376998 10.843184 12.568357
vn -0.000258 0.747365 0.664413
v 30.376905 10.807724 12.616389
vn -0.000258 0.747365 0.664413
v 30.383307 12.298858 10.939089
vn -0.000262 0.747395 0.664380
v 9.376998 10.843184 12.568357
vn -0.000262 0.747395 0.664380
v 30.383307 12.298858 10.939089
vn -0.000262 0.747395 0.664380
v 9.383382 12.334388 10.890827
vn 0.000421 0.883906 0.467665
v 9.383382 12.334388 10.890827
vn 0.000421 0.883906 0.467665
v 30.383307 12.298858 10.939089
vn 0.000421 0.883906 0.467665
v 30.389639 13.348594 8.955042
vn 0.000421 0.883904 0.467668
v 9.383382 12.334388 10.890827
vn 0.000421 0.883904 0.467668
v 30.389639 13.348594 8.955042
vn 0.000421 0.883904 0.467668
v 9.389711 13.384135 8.906773
vn 0.001079 0.969640 0.244534
v 9.389711 13.384135 8.906773
vn 0.001079 0.969640 0.244534
v 30.389639 13.348594 8.955042
vn 0.001079 0.969640 0.244534
v 30.395315 13.897456 6.778639
vn 0.001082 0.969633 0.244562
v 9.389711 13.384135 8.906773
vn 0.001082 0.969633 0.244562
v 30.395315 13.897456 6.778639
vn 0.001082 0.969633 0.244562
v 9.395619 13.933064 6.730368
vn 0.001499 0.996550 0.082978
v 9.395619 13.933064 6.730368
vn 0.001499 0.996550 0.082978
v 30.395315 13.897456 6.778639
vn 0.001499 0.996550 0.082978
v 30.406067 14.256866 2.462015
vn 0.001496 0.996552 0.082962
v 9.395619 13.933064 6.730368
vn 0.001496 0.996552 0.082962
v 30.406067 14.256866 2.462015
vn 0.001496 0.996552 0.082962
v 9.406204 14.292402 2.413750
vn 0.001703 0.999988 -0.004541
v 9.406204 14.292402 2.413750
vn 0.001703 0.999988 -0.004541
v 30.406067 14.256866 2.462015
vn 0.001703 0.999988 -0.004541
v 30.415956 14.237177 -1.869833
vn 0.001703 0.999988 -0.004541
v 9.416093 14.272712 -1.918098
vn 0.001897 0.995735 -0.092244
v 9.416093 14.272712 -1.918098
vn 0.001897 0.995735 -0.092244
v 30.415956 14.237177 -1.869833
vn 0.001897 0.995735 -0.092244
v 30.425194 13.837575 -6.183167
vn 0.001897 0.995734 -0.092246
v 9.416093 14.272712 -1.918098
vn 0.001897 0.995734 -0.092246
v 30.425194 13.837575 -6.183167
vn 0.001897 0.995734 -0.092246
v 9.425335 13.873108 -6.231368
vn 0.002218 0.967359 -0.253399
v 9.425335 13.873108 -6.231368
vn 0.002218 0.967359 -0.253399
v 30.425194 13.837575 -6.183167
vn 0.002218 0.967359 -0.253399
v 30.429237 13.268823 -8.354366
vn 0.002217 0.967356 -0.253411
v 9.425335 13.873108 -6.231368
vn 0.002217 0.967356 -0.253411
v 30.429237 13.268823 -8.354366
vn 0.002217 0.967356 -0.253411
v 9.429321 13.304346 -8.402489
vn 0.002578 0.879458 -0.475970
v 9.429321 13.304346 -8.402489
vn 0.002578 0.879458 -0.475970
v 30.429237 13.268823 -8.354366
vn 0.002578 0.879458 -0.475970
v 30.431986 12.200538 -10.328240
vn 0.002581 0.879467 -0.475952
v 9.429321 13.304346 -8.402489
vn 0.002581 0.879467 -0.475952
v 30.431986 12.200538 -10.328240
vn 0.002581 0.879467 -0.475952
v 9.431756 12.236049 -10.376483
vn 0.002795 0.741228 -0.671247
v 9.431756 12.236049 -10.376483
vn 0.002795 0.741228 -0.671247
v 30.431986 12.200538 -10.328240
vn 0.002795 0.741228 -0.671247
v 30.433275 10.693832 -11.992023
vn 0.002797 0.741241 -0.671234
v 9.431756 12.236049 -10.376483
vn 0.002797 0.741241 -0.671234
v 30.433275 10.693832 -11.992023
vn 0.002797 0.741241 -0.671234
v 9.433050 10.729402 -12.040262
vn 0.002852 0.560532 -0.828128
v 9.433050 10.729402 -12.040262
vn 0.002852 0.560532 -0.828128
v 30.433275 10.693832 -11.992023
vn 0.002852 0.560532 -0.828128
v 30.433012 8.835085 -13.250147
vn 0.002850 0.560520 -0.828136
v 9.433050 10.729402 -12.040262
vn 0.002850 0.560520 -0.828136
v 30.433012 8.835085 -13.250147
vn 0.002850 0.560520 -0.828136
v 9.432779 8.870594 -13.298389
vn 0.002742 0.347715 -0.937596
v 9.432779 8.870594 -13.298389
vn 0.002742 0.347715 -0.937596
v 30.433012 8.835085 -13.250147
vn 0.002742 0.347715 -0.937596
v 30.431129 6.730706 -14.030579
vn 0.002744 0.347731 -0.937590
v 9.432779 8.870594 -13.298389
vn 0.002744 0.347731 -0.937590
v 30.431129 6.730706 -14.030579
vn 0.002744 0.347731 -0.937590
v 9.431314 6.766249 -14.078847
vn 0.002478 0.115049 -0.993357
v 9.431314 6.766249 -14.078847
vn 0.002478 0.115049 -0.993357
v 30.431129 6.730706 -14.030579
vn 0.002478 0.115049 -0.993357
v 30.428059 4.501174 -14.288806
vn 0.002480 0.115066 -0.993355
v 9.431314 6.766249 -14.078847
vn 0.002480 0.115066 -0.993355
v 30.428059 4.501174 -14.288806
vn 0.002480 0.115066 -0.993355
v 9.428018 4.536628 -14.337124
vn 0.002293 -0.004610 -0.999987
v 30.428059 4.501174 -14.288806
vn 0.002293 -0.004610 -0.999987
v 30.419067 -0.652682 -14.265068
vn 0.002293 -0.004610 -0.999987
v 9.428018 4.536628 -14.337124
vn 0.002285 -0.004641 -0.999987
v 9.428018 4.536628 -14.337124
vn 0.002285 -0.004641 -0.999987
v 30.419067 -0.652682 -14.265068
vn 0.002285 -0.004641 -0.999987
v 9.419383 -0.617136 -14.313226
vn 0.002730 0.337605 -0.941284
v 30.419067 -0.652682 -14.265068
vn 0.002730 0.337605 -0.941284
v 30.418976 -0.982867 -14.383494
vn 0.002730 0.337605 -0.941284
v 9.419383 -0.617136 -14.313226
vn 0.002734 0.337809 -0.941211
v 9.419383 -0.617136 -14.313226
vn 0.002734 0.337809 -0.941211
v 30.418976 -0.982867 -14.383494
vn 0.002734 0.337809 -0.941211
v 9.419054 -0.947393 -14.431759
vn 0.002291 -0.004615 -0.999987
v 9.410279 -6.117685 -14.407919
vn 0.002291 -0.004615 -0.999987
v 9.419054 -0.947393 -14.431759
vn 0.002291 -0.004615 -0.999987
v 30.409903 -6.153242 -14.359638
vn 0.002291 -0.004618 -0.999987
v 30.409903 -6.153242 -14.359638
vn 0.002291 -0.004618 -0.999987
v 9.419054 -0.947393 -14.431759
vn 0.002291 -0.004618 -0.999987
v 30.418976 -0.982867 -14.383494
vn -0.002294 0.004630 0.999987
v 30.342329 -6.016832 15.139892
vn -0.002294 0.004630 0.999987
v 30.351400 -0.846514 15.115973
vn -0.002294 0.004630 0.999987
v 9.342703 -5.981273 15.091555
vn -0.002296 0.004639 0.999987
v 9.342703 -5.981273 15.091555
vn -0.002296 0.004639 0.999987
v 30.351400 -0.846514 15.115973
vn -0.002296 0.004639 0.999987
v 9.351529 -0.810970 15.067592
vn -0.001573 0.347157 0.937806
v 30.351400 -0.846514 15.115973
vn -0.001573 0.347157 0.937806
v 30.352058 -0.517451 14.994163
vn -0.001573 0.347157 0.937806
v 9.351529 -0.810970 15.067592
vn -0.001558 0.346158 0.938175
v 9.351529 -0.810970 15.067592
vn -0.001558 0.346158 0.938175
v 30.352058 -0.517451 14.994163
vn -0.001558 0.346158 0.938175
v 9.352327 -0.481918 14.946182
vn -0.002277 0.004565 0.999987
v 30.352058 -0.517451 14.994163
vn -0.002277 0.004565 0.999987
v 30.361071 4.636321 14.970655
vn -0.002277 0.004565 0.999987
v 9.352327 -0.481918 14.946182
vn -0.002296 0.004641 0.999987
v 9.352327 -0.481918 14.946182
vn -0.002296 0.004641 0.999987
v 30.361071 4.636321 14.970655
vn -0.002296 0.004641 0.999987
v 9.361131 4.671978 14.922282
vn 0.999994 -0.002926 0.001948
v 30.404627 -7.880623 -13.351665
vn 0.999994 -0.002926 0.001948
v 30.403948 -7.764145 -12.827754
vn 0.999994 -0.002926 0.001948
v 30.401905 -8.143932 -12.350312
vn 0.999992 -0.003757 0.001287
v 30.401905 -8.143932 -12.350312
vn 0.999992 -0.003757 0.001287
v 30.403948 -7.764145 -12.827754
vn 0.999992 -0.003757 0.001287
v 30.402170 -8.045599 -12.268814
vn 0.999989 -0.004238 0.001868
v 30.401905 -8.143932 -12.350312
vn 0.999989 -0.004238 0.001868
v 30.402170 -8.045599 -12.268814
vn 0.999989 -0.004238 0.001868
v 30.400614 -8.140399 -11.650365
vn 0.999987 -0.004218 0.002696
v 30.343500 -8.025760 13.149184
vn 0.999987 -0.004218 0.002696
v 30.345375 -8.029229 12.448843
vn 0.999987 -0.004218 0.002696
v 30.344133 -7.928539 13.066391
vn 0.999990 -0.001736 0.004069
v 30.418976 -0.982867 -14.383494
vn 0.999990 -0.001736 0.004069
v 30.419067 -0.652682 -14.265068
vn 0.999990 -0.001736 0.004069
v 30.409903 -6.153242 -14.359638
vn 0.999998 -0.001687 0.001200
v 30.409903 -6.153242 -14.359638
vn 0.999998 -0.001687 0.001200
v 30.419067 -0.652682 -14.265068
vn 0.999998 -0.001687 0.001200
v 30.407890 -7.151960 -14.087132
vn 0.999987 -0.004215 0.002699
v 30.343500 -8.025760 13.149184
vn 0.999987 -0.004215 0.002699
v 30.344133 -7.928539 13.066391
vn 0.999987 -0.004215 0.002699
v 30.341953 -7.753434 14.147879
vn 0.999995 -0.001694 0.002738
v 30.431129 6.730706 -14.030579
vn 0.999995 -0.001694 0.002738
v 30.428560 5.905414 -13.602986
vn 0.999995 -0.001694 0.002738
v 30.428059 4.501174 -14.288806
vn 0.999995 -0.001732 0.002816
v 30.428059 4.501174 -14.288806
vn 0.999995 -0.001732 0.002816
v 30.428560 5.905414 -13.602986
vn 0.999995 -0.001732 0.002816
v 30.419067 -0.652682 -14.265068
vn 0.999992 -0.001794 0.003431
v 30.428560 5.905414 -13.602986
vn 0.999992 -0.001794 0.003431
v 30.426409 4.503833 -13.708832
vn 0.999992 -0.001794 0.003431
v 30.419067 -0.652682 -14.265068
vn 0.999996 -0.001666 0.002247
v 30.419067 -0.652682 -14.265068
vn 0.999996 -0.001666 0.002247
v 30.426409 4.503833 -13.708832
vn 0.999996 -0.001666 0.002247
v 30.408546 -6.149652 -13.659684
vn 0.999996 -0.001655 0.002348
v 30.419067 -0.652682 -14.265068
vn 0.999996 -0.001655 0.002348
v 30.408546 -6.149652 -13.659684
vn 0.999996 -0.001655 0.002348
v 30.407890 -7.151960 -14.087132
vn 0.999996 -0.001651 0.002337
v 30.407890 -7.151960 -14.087132
vn 0.999996 -0.001651 0.002337
v 30.408546 -6.149652 -13.659684
vn 0.999996 -0.001651 0.002337
v 30.407291 -6.767544 -13.558919
vn 0.999995 -0.001921 0.002534
v 30.407890 -7.151960 -14.087132
vn 0.999995 -0.001921 0.002534
v 30.407291 -6.767544 -13.558919
vn 0.999995 -0.001921 0.002534
v 30.404627 -7.880623 -13.351665
vn 0.999997 -0.002102 0.001563
v 30.404627 -7.880623 -13.351665
vn 0.999997 -0.002102 0.001563
v 30.407291 -6.767544 -13.558919
vn 0.999997 -0.002102 0.001563
v 30.405674 -7.323564 -13.272266
vn 0.999996 -0.002132 0.001772
v 30.404627 -7.880623 -13.351665
vn 0.999996 -0.002132 0.001772
v 30.405674 -7.323564 -13.272266
vn 0.999996 -0.002132 0.001772
v 30.403948 -7.764145 -12.827754
vn 0.999996 -0.001689 0.002224
v 30.365454 6.863493 14.691817
vn 0.999996 -0.001689 0.002224
v 30.361071 4.636321 14.970655
vn 0.999996 -0.001689 0.002224
v 30.362356 4.633684 14.390641
vn 0.999996 -0.001739 0.002224
v 30.362356 4.633684 14.390641
vn 0.999996 -0.001739 0.002224
v 30.361071 4.636321 14.970655
vn 0.999996 -0.001739 0.002224
v 30.352058 -0.517451 14.994163
vn 0.999995 -0.001687 0.002663
v 30.362356 4.633684 14.390641
vn 0.999995 -0.001687 0.002663
v 30.352058 -0.517451 14.994163
vn 0.999995 -0.001687 0.002663
v 30.344250 -6.020055 14.439619
vn 0.999997 -0.001613 0.001659
v 30.362356 4.633684 14.390641
vn 0.999997 -0.001613 0.001659
v 30.364813 6.034329 14.271767
vn 0.999997 -0.001613 0.001659
v 30.365454 6.863493 14.691817
vn 0.999996 -0.001892 0.002210
v 30.365454 6.863493 14.691817
vn 0.999996 -0.001892 0.002210
v 30.364813 6.034329 14.271767
vn 0.999996 -0.001892 0.002210
v 30.368145 7.398222 13.931678
vn 0.999996 -0.001672 0.002365
v 30.365454 6.863493 14.691817
vn 0.999996 -0.001672 0.002365
v 30.368145 7.398222 13.931678
vn 0.999996 -0.001672 0.002365
v 30.370852 8.960668 13.891702
vn 0.999996 -0.001674 0.002284
v 30.370852 8.960668 13.891702
vn 0.999996 -0.001674 0.002284
v 30.368145 7.398222 13.931678
vn 0.999996 -0.001674 0.002284
v 30.371572 8.690591 13.378295
vn 0.999996 -0.001693 0.002295
v 30.370852 8.960668 13.891702
vn 0.999996 -0.001693 0.002295
v 30.371572 8.690591 13.378295
vn 0.999996 -0.001693 0.002295
v 30.376905 10.807724 12.616389
vn 0.999996 -0.001720 0.002332
v 30.433275 10.693832 -11.992023
vn 0.999996 -0.001720 0.002332
v 30.431681 9.764532 -11.993586
vn 0.999996 -0.001720 0.002332
v 30.433012 8.835085 -13.250147
vn 0.999994 -0.002132 0.002637
v 30.433012 8.835085 -13.250147
vn 0.999994 -0.002132 0.002637
v 30.431681 9.764532 -11.993586
vn 0.999994 -0.002132 0.002637
v 30.431086 8.569833 -12.734318
vn 0.999994 -0.001914 0.002749
v 30.433012 8.835085 -13.250147
vn 0.999994 -0.001914 0.002749
v 30.431086 8.569833 -12.734318
vn 0.999994 -0.001914 0.002749
v 30.431129 6.730706 -14.030579
vn 0.999996 -0.001567 0.002256
v 30.431129 6.730706 -14.030579
vn 0.999996 -0.001567 0.002256
v 30.431086 8.569833 -12.734318
vn 0.999996 -0.001567 0.002256
v 30.430275 7.272408 -13.275412
vn 0.999995 -0.001841 0.002453
v 30.431129 6.730706 -14.030579
vn 0.999995 -0.001841 0.002453
v 30.430275 7.272408 -13.275412
vn 0.999995 -0.001841 0.002453
v 30.428560 5.905414 -13.602986
vn 0.999998 -0.001543 0.001230
v 30.352058 -0.517451 14.994163
vn 0.999998 -0.001543 0.001230
v 30.351400 -0.846514 15.115973
vn 0.999998 -0.001543 0.001230
v 30.344250 -6.020055 14.439619
vn 0.999995 -0.001742 0.002750
v 30.344250 -6.020055 14.439619
vn 0.999995 -0.001742 0.002750
v 30.351400 -0.846514 15.115973
vn 0.999995 -0.001742 0.002750
v 30.342329 -6.016832 15.139892
vn 0.999995 -0.001816 0.002751
v 30.344250 -6.020055 14.439619
vn 0.999995 -0.001816 0.002751
v 30.342329 -6.016832 15.139892
vn 0.999995 -0.001816 0.002751
v 30.343388 -6.638548 14.344848
vn 0.999995 -0.001743 0.002694
v 30.343388 -6.638548 14.344848
vn 0.999995 -0.001743 0.002694
v 30.342329 -6.016832 15.139892
vn 0.999995 -0.001743 0.002694
v 30.341293 -7.018063 14.876367
vn 0.999995 -0.001814 0.002644
v 30.343388 -6.638548 14.344848
vn 0.999995 -0.001814 0.002644
v 30.341293 -7.018063 14.876367
vn 0.999995 -0.001814 0.002644
v 30.343119 -7.197324 14.063024
vn 0.999995 -0.001697 0.002618
v 30.343119 -7.197324 14.063024
vn 0.999995 -0.001697 0.002618
v 30.341293 -7.018063 14.876367
vn 0.999995 -0.001697 0.002618
v 30.341953 -7.753434 14.147879
vn 0.999996 -0.001747 0.002293
v 30.343119 -7.197324 14.063024
vn 0.999996 -0.001747 0.002293
v 30.341953 -7.753434 14.147879
vn 0.999996 -0.001747 0.002293
v 30.343351 -7.641567 13.622942
vn 0.999996 -0.001728 0.002297
v 30.343351 -7.641567 13.622942
vn 0.999996 -0.001728 0.002297
v 30.341953 -7.753434 14.147879
vn 0.999996 -0.001728 0.002297
v 30.344133 -7.928539 13.066391
vn 0.999997 -0.002008 0.001419
v 30.371572 8.690591 13.378295
vn 0.999997 -0.002008 0.001419
v 30.375025 9.878313 12.626739
vn 0.999997 -0.002008 0.001419
v 30.376905 10.807724 12.616389
vn 0.999996 -0.002003 0.001895
v 30.376905 10.807724 12.616389
vn 0.999996 -0.002003 0.001895
v 30.375025 9.878313 12.626739
vn 0.999996 -0.002003 0.001895
v 30.378899 10.931197 11.695192
vn 0.999996 -0.002188 0.001870
v 30.376905 10.807724 12.616389
vn 0.999996 -0.002188 0.001870
v 30.378899 10.931197 11.695192
vn 0.999996 -0.002188 0.001870
v 30.383307 12.298858 10.939089
vn 0.999996 -0.002102 0.002026
v 30.383307 12.298858 10.939089
vn 0.999996 -0.002102 0.002026
v 30.378899 10.931197 11.695192
vn 0.999996 -0.002102 0.002026
v 30.382975 11.822368 10.608439
vn 0.999996 -0.002129 0.002065
v 30.383307 12.298858 10.939089
vn 0.999996 -0.002129 0.002065
v 30.382975 11.822368 10.608439
vn 0.999996 -0.002129 0.002065
v 30.389639 13.348594 8.955042
vn 0.999995 -0.001583 0.002570
v 30.382975 11.822368 10.608439
vn 0.999995 -0.001583 0.002570
v 30.387215 12.529106 9.393300
vn 0.999995 -0.001583 0.002570
v 30.389639 13.348594 8.955042
vn 0.999996 -0.001747 0.002262
v 30.389639 13.348594 8.955042
vn 0.999996 -0.001747 0.002262
v 30.387215 12.529106 9.393300
vn 0.999996 -0.001747 0.002262
v 30.391066 13.033337 8.080843
vn 0.999996 -0.001593 0.002207
v 30.389639 13.348594 8.955042
vn 0.999996 -0.001593 0.002207
v 30.391066 13.033337 8.080843
vn 0.999996 -0.001593 0.002207
v 30.395315 13.897456 6.778639
vn 0.999996 -0.001221 0.002454
v 30.395315 13.897456 6.778639
vn 0.999996 -0.001221 0.002454
v 30.391066 13.033337 8.080843
vn 0.999996 -0.001221 0.002454
v 30.394793 13.321843 6.705447
vn 0.999996 -0.001213 0.002390
v 30.395315 13.897456 6.778639
vn 0.999996 -0.001213 0.002390
v 30.394793 13.321843 6.705447
vn 0.999996 -0.001213 0.002390
v 30.406067 14.256866 2.462015
vn 0.999996 -0.001661 0.002292
v 30.429237 13.268823 -8.354366
vn 0.999996 -0.001661 0.002292
v 30.428854 12.445065 -8.784686
vn 0.999996 -0.001661 0.002292
v 30.431986 12.200538 -10.328240
vn 0.999996 -0.001649 0.002290
v 30.431986 12.200538 -10.328240
vn 0.999996 -0.001649 0.002290
v 30.428854 12.445065 -8.784686
vn 0.999996 -0.001649 0.002290
v 30.430437 11.727105 -9.993237
vn 0.999996 -0.001658 0.002277
v 30.431986 12.200538 -10.328240
vn 0.999996 -0.001658 0.002277
v 30.430437 11.727105 -9.993237
vn 0.999996 -0.001658 0.002277
v 30.433275 10.693832 -11.992023
vn 0.999994 -0.002152 0.002532
v 30.433275 10.693832 -11.992023
vn 0.999994 -0.002152 0.002532
v 30.430437 11.727105 -9.993237
vn 0.999994 -0.002152 0.002532
v 30.431231 10.825881 -11.072018
vn 0.999996 -0.001720 0.002470
v 30.433275 10.693832 -11.992023
vn 0.999996 -0.001720 0.002470
v 30.431231 10.825881 -11.072018
vn 0.999996 -0.001720 0.002470
v 30.431681 9.764532 -11.993586
vn 0.999996 -0.001779 0.002265
v 30.394793 13.321843 6.705447
vn 0.999996 -0.001779 0.002265
v 30.402571 13.623860 3.508510
vn 0.999996 -0.001779 0.002265
v 30.406067 14.256866 2.462015
vn 0.999996 -0.001718 0.002301
v 30.406067 14.256866 2.462015
vn 0.999996 -0.001718 0.002301
v 30.402571 13.623860 3.508510
vn 0.999996 -0.001718 0.002301
v 30.410114 13.714651 0.298555
vn 0.999996 -0.001674 0.002290
v 30.406067 14.256866 2.462015
vn 0.999996 -0.001674 0.002290
v 30.410114 13.714651 0.298555
vn 0.999996 -0.001674 0.002290
v 30.415956 14.237177 -1.869833
vn 0.999996 -0.001784 0.002264
v 30.415956 14.237177 -1.869833
vn 0.999996 -0.001784 0.002264
v 30.410114 13.714651 0.298555
vn 0.999996 -0.001784 0.002264
v 30.417164 13.594230 -2.910289
vn 0.999996 -0.001866 0.002315
v 30.415956 14.237177 -1.869833
vn 0.999996 -0.001866 0.002315
v 30.417164 13.594230 -2.910289
vn 0.999996 -0.001866 0.002315
v 30.425194 13.837575 -6.183167
vn 0.999996 -0.001586 0.002336
v 30.425194 13.837575 -6.183167
vn 0.999996 -0.001586 0.002336
v 30.417164 13.594230 -2.910289
vn 0.999996 -0.001586 0.002336
v 30.424099 13.262933 -6.104395
vn 0.999996 -0.001594 0.002279
v 30.425194 13.837575 -6.183167
vn 0.999996 -0.001594 0.002279
v 30.424099 13.262933 -6.104395
vn 0.999996 -0.001594 0.002279
v 30.429237 13.268823 -8.354366
vn 0.999994 -0.002624 0.002276
v 30.429237 13.268823 -8.354366
vn 0.999994 -0.002624 0.002276
v 30.424099 13.262933 -6.104395
vn 0.999994 -0.002624 0.002276
v 30.426434 12.961389 -7.477273
vn 0.999995 -0.001803 0.002564
v 30.429237 13.268823 -8.354366
vn 0.999995 -0.001803 0.002564
v 30.426434 12.961389 -7.477273
vn 0.999995 -0.001803 0.002564
v 30.428854 12.445065 -8.784686
vn -0.001053 -0.967121 -0.254314
v 30.401905 -8.143932 -12.350312
vn -0.001053 -0.967121 -0.254314
v 9.402284 -8.108377 -12.398593
vn -0.001053 -0.967121 -0.254314
v 9.405064 -7.845064 -13.399949
vn -0.001053 -0.967122 -0.254311
v 30.401905 -8.143932 -12.350312
vn -0.001053 -0.967122 -0.254311
v 9.405064 -7.845064 -13.399949
vn -0.001053 -0.967122 -0.254311
v 30.404627 -7.880623 -13.351665
vn 0.000415 -0.710388 -0.703810
v 30.404627 -7.880623 -13.351665
vn 0.000415 -0.710388 -0.703810
v 9.405064 -7.845064 -13.399949
vn 0.000415 -0.710388 -0.703810
v 9.407964 -7.116427 -14.135394
vn 0.000416 -0.710386 -0.703813
v 30.404627 -7.880623 -13.351665
vn 0.000416 -0.710386 -0.703813
v 9.407964 -7.116427 -14.135394
vn 0.000416 -0.710386 -0.703813
v 30.407890 -7.151960 -14.087132
vn 0.001772 -0.263247 -0.964727
v 30.407890 -7.151960 -14.087132
vn 0.001772 -0.263247 -0.964727
v 9.407964 -7.116427 -14.135394
vn 0.001772 -0.263247 -0.964727
v 9.410279 -6.117685 -14.407919
vn 0.001772 -0.263236 -0.964730
v 30.407890 -7.151960 -14.087132
vn 0.001772 -0.263236 -0.964730
v 9.410279 -6.117685 -14.407919
vn 0.001772 -0.263236 -0.964730
v 30.409903 -6.153242 -14.359638
vn -0.002657 -0.254583 0.967047
v 30.342329 -6.016832 15.139892
vn -0.002657 -0.254583 0.967047
v 9.342703 -5.981273 15.091555
vn -0.002657 -0.254583 0.967047
v 9.341537 -6.982510 14.827968
vn -0.002660 -0.254529 0.967062
v 30.342329 -6.016832 15.139892
vn -0.002660 -0.254529 0.967062
v 9.341537 -6.982510 14.827968
vn -0.002660 -0.254529 0.967062
v 30.341293 -7.018063 14.876367
vn -0.002829 -0.703668 0.710524
v 30.341293 -7.018063 14.876367
vn -0.002829 -0.703668 0.710524
v 9.341537 -6.982510 14.827968
vn -0.002829 -0.703668 0.710524
v 9.342033 -7.717962 14.099614
vn -0.002822 -0.703773 0.710419
v 30.341293 -7.018063 14.876367
vn -0.002822 -0.703773 0.710419
v 9.342033 -7.717962 14.099614
vn -0.002822 -0.703773 0.710419
v 30.341953 -7.753434 14.147879
vn -0.002235 -0.964730 0.263232
v 30.341953 -7.753434 14.147879
vn -0.002235 -0.964730 0.263232
v 9.342033 -7.717962 14.099614
vn -0.002235 -0.964730 0.263232
v 9.343835 -7.990506 13.100774
vn -0.002226 -0.964773 0.263073
v 30.341953 -7.753434 14.147879
vn -0.002226 -0.964773 0.263073
v 9.343835 -7.990506 13.100774
vn -0.002226 -0.964773 0.263073
v 30.343500 -8.025760 13.149184
vn 0.668425 -0.743763 0.004970
v 9.325014 -8.064820 -2.999027
vn 0.668425 -0.743763 0.004970
v 9.312419 -8.039391 2.500886
vn 0.668425 -0.743763 0.004970
v 7.400856 -9.757302 2.504471
vn 0.668424 -0.743763 0.004969
v 9.325014 -8.064820 -2.999027
vn 0.668424 -0.743763 0.004969
v 7.400856 -9.757302 2.504471
vn 0.668424 -0.743763 0.004969
v 7.413447 -9.782733 -2.995502
vn 0.494594 -0.869109 0.005151
v 7.413447 -9.782733 -2.995502
vn 0.494594 -0.869109 0.005151
v 7.400856 -9.757302 2.504471
vn 0.494594 -0.869109 0.005151
v 5.167212 -11.028424 2.505236
vn 0.494594 -0.869109 0.005151
v 5.179803 -11.053854 -2.994737
vn 0.298282 -0.954464 0.005096
v 5.179803 -11.053854 -2.994737
vn 0.298282 -0.954464 0.005096
v 5.167212 -11.028424 2.505236
vn 0.298282 -0.954464 0.005096
v 2.714167 -11.795042 2.503187
vn 0.298282 -0.954464 0.005096
v 2.726759 -11.820472 -2.996785
vn 0.088334 -0.996079 0.004808
v 2.726759 -11.820472 -2.996785
vn 0.088334 -0.996079 0.004808
v 2.714167 -11.795042 2.503187
vn 0.088334 -0.996079 0.004808
v 0.154333 -12.022076 2.498345
vn 0.088332 -0.996079 0.004807
v 2.726759 -11.820472 -2.996785
vn 0.088332 -0.996079 0.004807
v 0.154333 -12.022076 2.498345
vn 0.088332 -0.996079 0.004807
v 0.166860 -12.047507 -3.001683
vn -0.126005 -0.992020 0.004300
v 0.166860 -12.047507 -3.001683
vn -0.126005 -0.992020 0.004300
v 0.154333 -12.022076 2.498345
vn -0.126005 -0.992020 0.004300
v -2.395340 -11.698251 2.490986
vn -0.125985 -0.992023 0.004310
v 0.166860 -12.047507 -3.001683
vn -0.125985 -0.992023 0.004310
v -2.395340 -11.698251 2.490986
vn -0.125985 -0.992023 0.004310
v -2.382740 -11.723744 -3.008929
vn -0.334302 -0.942459 0.003603
v -2.382740 -11.723744 -3.008929
vn -0.334302 -0.942459 0.003603
v -2.395340 -11.698251 2.490986
vn -0.334302 -0.942459 0.003603
v -4.817578 -10.839088 2.481472
vn -0.334323 -0.942452 0.003592
v -2.382740 -11.723744 -3.008929
vn -0.334323 -0.942452 0.003592
v -4.817578 -10.839088 2.481472
vn -0.334323 -0.942452 0.003592
v -4.804991 -10.864516 -3.018561
vn -0.527236 -0.849714 0.002722
v -4.804991 -10.864516 -3.018561
vn -0.527236 -0.849714 0.002722
v -4.817578 -10.839088 2.481472
vn -0.527236 -0.849714 0.002722
v -7.001240 -9.484192 2.470188
vn -0.527237 -0.849714 0.002721
v -4.804991 -10.864516 -3.018561
vn -0.527237 -0.849714 0.002721
v -7.001240 -9.484192 2.470188
vn -0.527237 -0.849714 0.002721
v -6.988649 -9.509619 -3.029784
vn -0.696136 -0.717908 0.001725
v -6.988649 -9.509619 -3.029784
vn -0.696136 -0.717908 0.001725
v -7.001240 -9.484192 2.470188
vn -0.696136 -0.717908 0.001725
v -8.846326 -7.695090 2.457690
vn -0.696135 -0.717908 0.001726
v -6.988649 -9.509619 -3.029784
vn -0.696135 -0.717908 0.001726
v -8.846326 -7.695090 2.457690
vn -0.696135 -0.717908 0.001726
v -8.833736 -7.720520 -3.042283
vn -0.833046 -0.553204 0.000651
v -8.833736 -7.720520 -3.042283
vn -0.833046 -0.553204 0.000651
v -8.846326 -7.695090 2.457690
vn -0.833046 -0.553204 0.000651
v -10.268091 -5.554130 2.444531
vn -0.833045 -0.553204 0.000651
v -8.833736 -7.720520 -3.042283
vn -0.833045 -0.553204 0.000651
v -10.268091 -5.554130 2.444531
vn -0.833045 -0.553204 0.000651
v -10.255504 -5.579560 -3.055441
vn -0.931740 -0.363127 -0.000453
v -10.255504 -5.579560 -3.055441
vn -0.931740 -0.363127 -0.000453
v -10.268091 -5.554130 2.444531
vn -0.931740 -0.363127 -0.000453
v -11.201323 -3.159554 2.431363
vn -0.931740 -0.363126 -0.000454
v -10.255504 -5.579560 -3.055441
vn -0.931740 -0.363126 -0.000454
v -11.201323 -3.159554 2.431363
vn -0.931740 -0.363126 -0.000454
v -11.188730 -3.184987 -3.068550
vn -0.987710 -0.156290 -0.001539
v -11.188730 -3.184987 -3.068550
vn -0.987710 -0.156290 -0.001539
v -11.201323 -3.159554 2.431363
vn -0.987710 -0.156290 -0.001539
v -11.602968 -0.621138 2.418597
vn -0.987693 -0.156399 -0.001486
v -11.188730 -3.184987 -3.068550
vn -0.987693 -0.156399 -0.001486
v -11.602968 -0.621138 2.418597
vn -0.987693 -0.156399 -0.001486
v -11.590678 -0.646484 -3.081233
vn -0.998343 0.057489 -0.002496
v -11.590678 -0.646484 -3.081233
vn -0.998343 0.057489 -0.002496
v -11.602968 -0.621138 2.418597
vn -0.998343 0.057489 -0.002496
v -11.455193 1.944608 2.407065
vn -0.998334 0.057640 -0.002567
v -11.590678 -0.646484 -3.081233
vn -0.998334 0.057640 -0.002567
v -11.455193 1.944608 2.407065
vn -0.998334 0.057640 -0.002567
v -11.442522 1.919118 -3.092796
vn -0.963190 0.268798 -0.003465
v -11.442522 1.919118 -3.092796
vn -0.963190 0.268798 -0.003465
v -11.455193 1.944608 2.407065
vn -0.963190 0.268798 -0.003465
v -10.764330 4.420062 2.397208
vn -0.963228 0.268664 -0.003399
v -11.442522 1.919118 -3.092796
vn -0.963228 0.268664 -0.003399
v -10.764330 4.420062 2.397208
vn -0.963228 0.268664 -0.003399
v -10.752022 4.394603 -3.102627
vn -0.883909 0.467640 -0.004143
v -10.752022 4.394603 -3.102627
vn -0.883909 0.467640 -0.004143
v -10.764330 4.420062 2.397208
vn -0.883909 0.467640 -0.004143
v -9.562508 6.691616 2.389486
vn -0.883864 0.467725 -0.004188
v -10.752022 4.394603 -3.102627
vn -0.883864 0.467725 -0.004188
v -9.562508 6.691616 2.389486
vn -0.883864 0.467725 -0.004188
v -9.549909 6.666180 -3.110368
vn -0.764007 0.645191 -0.004734
v -9.549909 6.666180 -3.110368
vn -0.764007 0.645191 -0.004734
v -9.562508 6.691616 2.389486
vn -0.764007 0.645191 -0.004734
v -7.904287 8.655170 2.384292
vn -0.764008 0.645189 -0.004733
v -9.549909 6.666180 -3.110368
vn -0.764008 0.645189 -0.004733
v -7.904287 8.655170 2.384292
vn -0.764008 0.645189 -0.004733
v -7.891637 8.629802 -3.115622
vn -0.609084 0.793089 -0.005059
v -7.891637 8.629802 -3.115622
vn -0.609084 0.793089 -0.005059
v -7.904287 8.655170 2.384292
vn -0.609084 0.793089 -0.005059
v -5.865954 10.220573 2.381649
vn -0.609093 0.793083 -0.005054
v -7.891637 8.629802 -3.115622
vn -0.609093 0.793083 -0.005054
v -5.865954 10.220573 2.381649
vn -0.609093 0.793083 -0.005054
v -5.853359 10.195196 -3.118202
vn -0.426249 0.904591 -0.005150
v -5.853359 10.195196 -3.118202
vn -0.426249 0.904591 -0.005150
v -5.865954 10.220573 2.381649
vn -0.426249 0.904591 -0.005150
v -3.541032 11.316092 2.381962
vn -0.426230 0.904600 -0.005159
v -5.853359 10.195196 -3.118202
vn -0.426230 0.904600 -0.005159
v -3.541032 11.316092 2.381962
vn -0.426230 0.904600 -0.005159
v -3.528436 11.290657 -3.117952
vn -0.223815 0.974619 -0.005020
v -3.528436 11.290657 -3.117952
vn -0.223815 0.974619 -0.005020
v -3.541032 11.316092 2.381962
vn -0.223815 0.974619 -0.005020
v -1.036226 11.891319 2.384936
vn -0.223836 0.974614 -0.005010
v -3.528436 11.290657 -3.117952
vn -0.223836 0.974614 -0.005010
v -1.036226 11.891319 2.384936
vn -0.223836 0.974614 -0.005010
v -1.023630 11.865942 -3.114916
vn -0.011158 0.999927 -0.004639
v -1.023630 11.865942 -3.114916
vn -0.011158 0.999927 -0.004639
v -1.036226 11.891319 2.384936
vn -0.011158 0.999927 -0.004639
v 1.533549 11.920022 2.390823
vn -0.011138 0.999927 -0.004649
v -1.023630 11.865942 -3.114916
vn -0.011138 0.999927 -0.004649
v 1.533549 11.920022 2.390823
vn -0.011138 0.999927 -0.004649
v 1.546140 11.894592 -3.109149
vn 0.202012 0.979375 -0.004066
v 1.546140 11.894592 -3.109149
vn 0.202012 0.979375 -0.004066
v 1.533549 11.920022 2.390823
vn 0.202012 0.979375 -0.004066
v 4.050723 11.400847 2.398963
vn 0.202013 0.979374 -0.004067
v 1.546140 11.894592 -3.109149
vn 0.202013 0.979374 -0.004067
v 4.050723 11.400847 2.398963
vn 0.202013 0.979374 -0.004067
v 4.063318 11.375413 -3.100951
vn 0.405930 0.913898 -0.003297
v 4.063318 11.375413 -3.100951
vn 0.405930 0.913898 -0.003297
v 4.050723 11.400847 2.398963
vn 0.405930 0.913898 -0.003297
v 6.399497 10.357620 2.409172
vn 0.405929 0.913899 -0.003296
v 4.063318 11.375413 -3.100951
vn 0.405929 0.913899 -0.003296
v 6.399497 10.357620 2.409172
vn 0.405929 0.913899 -0.003296
v 6.412091 10.332188 -3.090740
vn 0.002295 -0.004623 -0.999987
v -1.023630 11.865942 -3.114916
vn 0.002295 -0.004623 -0.999987
v 1.546140 11.894592 -3.109149
vn 0.002295 -0.004623 -0.999987
v 9.325014 -8.064820 -2.999027
vn 0.002716 -0.004642 -0.999986
v 9.394348 -0.065033 -3.035975
vn 0.002716 -0.004642 -0.999986
v 9.380717 -8.064631 -2.998877
vn 0.002716 -0.004642 -0.999986
v 9.325014 -8.064820 -2.999027
vn 0.002291 -0.004629 -0.999987
v 6.412091 10.332188 -3.090740
vn 0.002291 -0.004629 -0.999987
v 5.383925 8.558433 -3.084885
vn 0.002291 -0.004629 -0.999987
v 4.063318 11.375413 -3.100951
vn 0.002303 -0.004623 -0.999987
v 4.063318 11.375413 -3.100951
vn 0.002303 -0.004623 -0.999987
v 5.383925 8.558433 -3.084885
vn 0.002303 -0.004623 -0.999987
v 1.546140 11.894592 -3.109149
vn 0.002283 -0.004633 -0.999987
v 5.179803 -11.053854 -2.994737
vn 0.002283 -0.004633 -0.999987
v 2.726759 -11.820472 -2.996785
vn 0.002283 -0.004633 -0.999987
v -11.590678 -0.646484 -3.081233
vn 0.002320 -0.004585 -0.999987
v -11.590678 -0.646484 -3.081233
vn 0.002320 -0.004585 -0.999987
v 2.726759 -11.820472 -2.996785
vn 0.002320 -0.004585 -0.999987
v 0.166860 -12.047507 -3.001683
vn 0.002251 -0.004656 -0.999987
v -11.590678 -0.646484 -3.081233
vn 0.002251 -0.004656 -0.999987
v 0.166860 -12.047507 -3.001683
vn 0.002251 -0.004656 -0.999987
v -2.382740 -11.723744 -3.008929
vn 0.002287 -0.004628 -0.999987
v -6.988649 -9.509619 -3.029784
vn 0.002287 -0.004628 -0.999987
v -8.833736 -7.720520 -3.042283
vn 0.002287 -0.004628 -0.999987
v -10.255504 -5.579560 -3.055441
vn 0.002285 -0.004639 -0.999987
v -11.442522 1.919118 -3.092796
vn 0.002285 -0.004639 -0.999987
v 9.325014 -8.064820 -2.999027
vn 0.002285 -0.004639 -0.999987
v -11.590678 -0.646484 -3.081233
vn 0.002296 -0.004607 -0.999987
v -11.590678 -0.646484 -3.081233
vn 0.002296 -0.004607 -0.999987
v 9.325014 -8.064820 -2.999027
vn 0.002296 -0.004607 -0.999987
v 7.413447 -9.782733 -2.995502
vn 0.002289 -0.004623 -0.999987
v -11.590678 -0.646484 -3.081233
vn 0.002289 -0.004623 -0.999987
v 7.413447 -9.782733 -2.995502
vn 0.002289 -0.004623 -0.999987
v 5.179803 -11.053854 -2.994737
vn 0.002542 -0.004349 -0.999987
v 5.383925 8.558433 -3.084885
vn 0.002542 -0.004349 -0.999987
v 5.249776 8.092057 -3.083198
vn 0.002542 -0.004349 -0.999987
v 1.546140 11.894592 -3.109149
vn 0.002101 -0.004778 -0.999986
v 1.546140 11.894592 -3.109149
vn 0.002101 -0.004778 -0.999986
v 5.249776 8.092057 -3.083198
vn 0.002101 -0.004778 -0.999986
v 5.350957 7.617425 -3.080717
vn 0.002261 -0.004636 -0.999987
v 1.546140 11.894592 -3.109149
vn 0.002261 -0.004636 -0.999987
v 5.350957 7.617425 -3.080717
vn 0.002261 -0.004636 -0.999987
v 9.325014 -8.064820 -2.999027
vn 0.001980 -0.004707 -0.999987
v 9.325014 -8.064820 -2.999027
vn 0.001980 -0.004707 -0.999987
v 5.350957 7.617425 -3.080717
vn 0.001980 -0.004707 -0.999987
v 5.663639 7.246332 -3.078351
vn 0.002269 -0.004638 -0.999987
v 9.325014 -8.064820 -2.999027
vn 0.002269 -0.004638 -0.999987
v 5.663639 7.246332 -3.078351
vn 0.002269 -0.004638 -0.999987
v 9.394348 -0.065033 -3.035975
vn 0.002356 -0.004569 -0.999987
v -2.382740 -11.723744 -3.008929
vn 0.002356 -0.004569 -0.999987
v -4.804991 -10.864516 -3.018561
vn 0.002356 -0.004569 -0.999987
v -11.590678 -0.646484 -3.081233
vn 0.002269 -0.004627 -0.999987
v -11.590678 -0.646484 -3.081233
vn 0.002269 -0.004627 -0.999987
v -4.804991 -10.864516 -3.018561
vn 0.002269 -0.004627 -0.999987
v -6.988649 -9.509619 -3.029784
vn 0.002240 -0.004641 -0.999987
v -11.590678 -0.646484 -3.081233
vn 0.002240 -0.004641 -0.999987
v -6.988649 -9.509619 -3.029784
vn 0.002240 -0.004641 -0.999987
v -11.188730 -3.184987 -3.068550
vn 0.002388 -0.004544 -0.999987
v -11.188730 -3.184987 -3.068550
vn 0.002388 -0.004544 -0.999987
v -6.988649 -9.509619 -3.029784
vn 0.002388 -0.004544 -0.999987
v -10.255504 -5.579560 -3.055441
vn 0.002298 -0.004612 -0.999987
v -11.442522 1.919118 -3.092796
vn 0.002298 -0.004612 -0.999987
v -10.752022 4.394603 -3.102627
vn 0.002298 -0.004612 -0.999987
v 9.325014 -8.064820 -2.999027
vn 0.002292 -0.004621 -0.999987
v 9.325014 -8.064820 -2.999027
vn 0.002292 -0.004621 -0.999987
v -10.752022 4.394603 -3.102627
vn 0.002292 -0.004621 -0.999987
v -9.549909 6.666180 -3.110368
vn 0.002297 -0.004615 -0.999987
v 9.325014 -8.064820 -2.999027
vn 0.002297 -0.004615 -0.999987
v -9.549909 6.666180 -3.110368
vn 0.002297 -0.004615 -0.999987
v -7.891637 8.629802 -3.115622
vn 0.002287 -0.004626 -0.999987
v -7.891637 8.629802 -3.115622
vn 0.002287 -0.004626 -0.999987
v -5.853359 10.195196 -3.118202
vn 0.002287 -0.004626 -0.999987
v 9.325014 -8.064820 -2.999027
vn 0.002287 -0.004625 -0.999987
v 9.325014 -8.064820 -2.999027
vn 0.002287 -0.004625 -0.999987
v -5.853359 10.195196 -3.118202
vn 0.002287 -0.004625 -0.999987
v -3.528436 11.290657 -3.117952
vn 0.002276 -0.004633 -0.999987
v 9.325014 -8.064820 -2.999027
vn 0.002276 -0.004633 -0.999987
v -3.528436 11.290657 -3.117952
vn 0.002276 -0.004633 -0.999987
v -1.023630 11.865942 -3.114916
vn 0.002438 -0.004522 -0.999987
v 7.227993 5.806901 -3.068029
vn 0.002438 -0.004522 -0.999987
v 8.411132 4.040703 -3.057158
vn 0.002438 -0.004522 -0.999987
v 5.663639 7.246332 -3.078351
vn 0.002284 -0.004653 -0.999987
v 5.663639 7.246332 -3.078351
vn 0.002284 -0.004653 -0.999987
v 8.411132 4.040703 -3.057158
vn 0.002284 -0.004653 -0.999987
v 9.146927 2.046309 -3.046197
vn 0.002428 -0.004557 -0.999987
v 5.663639 7.246332 -3.078351
vn 0.002428 -0.004557 -0.999987
v 9.146927 2.046309 -3.046197
vn 0.002428 -0.004557 -0.999987
v 9.394348 -0.065033 -3.035975
vn -0.002295 0.004620 0.999987
v 5.338370 7.642853 2.419315
vn -0.002295 0.004620 0.999987
v 1.533549 11.920022 2.390823
vn -0.002295 0.004620 0.999987
v 9.312419 -8.039391 2.500886
vn -0.002343 0.004601 0.999987
v 1.533549 11.920022 2.390823
vn -0.002343 0.004601 0.999987
v -1.036226 11.891319 2.384936
vn -0.002343 0.004601 0.999987
v 9.312419 -8.039391 2.500886
vn -0.002254 0.004647 0.999987
v 9.312419 -8.039391 2.500886
vn -0.002254 0.004647 0.999987
v -1.036226 11.891319 2.384936
vn -0.002254 0.004647 0.999987
v -3.541032 11.316092 2.381962
vn -0.002308 0.004612 0.999987
v 9.312419 -8.039391 2.500886
vn -0.002308 0.004612 0.999987
v -3.541032 11.316092 2.381962
vn -0.002308 0.004612 0.999987
v -5.865954 10.220573 2.381649
vn -0.002294 0.004605 0.999987
v -11.201323 -3.159554 2.431363
vn -0.002294 0.004605 0.999987
v -10.268091 -5.554130 2.444531
vn -0.002294 0.004605 0.999987
v 9.312419 -8.039391 2.500886
vn -0.002291 0.004625 0.999987
v 9.312419 -8.039391 2.500886
vn -0.002291 0.004625 0.999987
v -10.268091 -5.554130 2.444531
vn -0.002291 0.004625 0.999987
v -8.846326 -7.695090 2.457690
vn -0.002291 0.004623 0.999987
v 9.312419 -8.039391 2.500886
vn -0.002291 0.004623 0.999987
v -8.846326 -7.695090 2.457690
vn -0.002291 0.004623 0.999987
v -7.001240 -9.484192 2.470188
vn -0.002264 0.004628 0.999987
v 5.338370 7.642853 2.419315
vn -0.002264 0.004628 0.999987
v 9.312419 -8.039391 2.500886
vn -0.002264 0.004628 0.999987
v 5.651055 7.271757 2.421741
vn -0.002414 0.004592 0.999987
v 5.651055 7.271757 2.421741
vn -0.002414 0.004592 0.999987
v 9.312419 -8.039391 2.500886
vn -0.002414 0.004592 0.999987
v 9.368144 -8.039501 2.501021
vn -0.002282 0.004624 0.999987
v 5.651055 7.271757 2.421741
vn -0.002282 0.004624 0.999987
v 9.368144 -8.039501 2.501021
vn -0.002282 0.004624 0.999987
v 9.381755 -0.039545 2.464061
vn -0.002123 0.004773 0.999986
v 5.338370 7.642853 2.419315
vn -0.002123 0.004773 0.999986
v 5.237189 8.117484 2.416835
vn -0.002123 0.004773 0.999986
v 1.533549 11.920022 2.390823
vn -0.002353 0.004549 0.999987
v 1.533549 11.920022 2.390823
vn -0.002353 0.004549 0.999987
v 5.237189 8.117484 2.416835
vn -0.002353 0.004549 0.999987
v 5.371330 8.583866 2.415029
vn -0.002278 0.004636 0.999987
v 1.533549 11.920022 2.390823
vn -0.002278 0.004636 0.999987
v 5.371330 8.583866 2.415029
vn -0.002278 0.004636 0.999987
v 4.050723 11.400847 2.398963
vn -0.002290 0.004630 0.999987
v 4.050723 11.400847 2.398963
vn -0.002290 0.004630 0.999987
v 5.371330 8.583866 2.415029
vn -0.002290 0.004630 0.999987
v 6.399497 10.357620 2.409172
vn -0.002269 0.004643 0.999987
v -5.865954 10.220573 2.381649
vn -0.002269 0.004643 0.999987
v -7.904287 8.655170 2.384292
vn -0.002269 0.004643 0.999987
v 9.312419 -8.039391 2.500886
vn -0.002313 0.004599 0.999987
v 9.312419 -8.039391 2.500886
vn -0.002313 0.004599 0.999987
v -7.904287 8.655170 2.384292
vn -0.002313 0.004599 0.999987
v -9.562508 6.691616 2.389486
vn -0.002299 0.004616 0.999987
v 9.312419 -8.039391 2.500886
vn -0.002299 0.004616 0.999987
v -9.562508 6.691616 2.389486
vn -0.002299 0.004616 0.999987
v -10.764330 4.420062 2.397208
vn -0.002296 0.004622 0.999987
v -10.764330 4.420062 2.397208
vn -0.002296 0.004622 0.999987
v -11.455193 1.944608 2.407065
vn -0.002296 0.004622 0.999987
v 9.312419 -8.039391 2.500886
vn -0.002293 0.004627 0.999987
v 9.312419 -8.039391 2.500886
vn -0.002293 0.004627 0.999987
v -11.455193 1.944608 2.407065
vn -0.002293 0.004627 0.999987
v -11.602968 -0.621138 2.418597
vn -0.002279 0.004668 0.999987
v 9.312419 -8.039391 2.500886
vn -0.002279 0.004668 0.999987
v -11.602968 -0.621138 2.418597
vn -0.002279 0.004668 0.999987
v -11.201323 -3.159554 2.431363
vn -0.002260 0.004635 0.999987
v 9.381755 -0.039545 2.464061
vn -0.002260 0.004635 0.999987
v 9.134334 2.071736 2.453717
vn -0.002260 0.004635 0.999987
v 5.651055 7.271757 2.421741
vn -0.002269 0.004629 0.999987
v 5.651055 7.271757 2.421741
vn -0.002269 0.004629 0.999987
v 9.134334 2.071736 2.453717
vn -0.002269 0.004629 0.999987
v 8.398541 4.066134 2.442814
vn -0.002229 0.004664 0.999987
v 5.651055 7.271757 2.421741
vn -0.002229 0.004664 0.999987
v 8.398541 4.066134 2.442814
vn -0.002229 0.004664 0.999987
v 7.215460 5.832336 2.431940
vn -0.002292 0.004634 0.999987
v -7.001240 -9.484192 2.470188
vn -0.002292 0.004634 0.999987
v -4.817578 -10.839088 2.481472
vn -0.002292 0.004634 0.999987
v 9.312419 -8.039391 2.500886
vn -0.002289 0.004620 0.999987
v 9.312419 -8.039391 2.500886
vn -0.002289 0.004620 0.999987
v -4.817578 -10.839088 2.481472
vn -0.002289 0.004620 0.999987
v -2.395340 -11.698251 2.490986
vn -0.002297 0.004643 0.999987
v 9.312419 -8.039391 2.500886
vn -0.002297 0.004643 0.999987
v -2.395340 -11.698251 2.490986
vn -0.002297 0.004643 0.999987
v 0.154333 -12.022076 2.498345
vn -0.002305 0.004662 0.999986
v 0.154333 -12.022076 2.498345
vn -0.002305 0.004662 0.999986
v 2.714167 -11.795042 2.503187
vn -0.002305 0.004662 0.999986
v 9.312419 -8.039391 2.500886
vn -0.002277 0.004613 0.999987
v 9.312419 -8.039391 2.500886
vn -0.002277 0.004613 0.999987
v 2.714167 -11.795042 2.503187
vn -0.002277 0.004613 0.999987
v 5.167212 -11.028424 2.505236
vn -0.002303 0.004649 0.999987
v 9.312419 -8.039391 2.500886
vn -0.002303 0.004649 0.999987
v 5.167212 -11.028424 2.505236
vn -0.002303 0.004649 0.999987
v 7.400856 -9.757302 2.504471
# 2304 vertices, 0 vertices normals

f 1//1 2//2 3//3
f 4//4 5//5 6//6
f 7//7 8//8 9//9
f 10//10 11//11 12//12
f 13//13 14//14 15//15
f 16//16 17//17 18//18
f 19//19 20//20 21//21
f 22//22 23//23 24//24
f 25//25 26//26 27//27
f 28//28 29//29 30//30
f 31//31 32//32 33//33
f 34//34 35//35 36//36
f 37//37 38//38 39//39
f 40//40 41//41 42//42
f 43//43 44//44 45//45
f 46//46 47//47 48//48
f 49//49 50//50 51//51
f 52//52 53//53 54//54
f 55//55 56//56 57//57
f 58//58 59//59 60//60
f 61//61 62//62 63//63
f 64//64 65//65 66//66
f 67//67 68//68 69//69
f 70//70 71//71 72//72
f 73//73 74//74 75//75
f 76//76 77//77 78//78
f 79//79 80//80 81//81
f 82//82 83//83 84//84
f 85//85 86//86 87//87
f 88//88 89//89 90//90
f 91//91 92//92 93//93
f 94//94 95//95 96//96
f 97//97 98//98 99//99
f 100//100 101//101 102//102
f 103//103 104//104 105//105
f 106//106 107//107 108//108
f 109//109 110//110 111//111
f 112//112 113//113 114//114
f 115//115 116//116 117//117
f 118//118 119//119 120//120
f 121//121 122//122 123//123
f 124//124 125//125 126//126
f 127//127 128//128 129//129
f 130//130 131//131 132//132
f 133//133 134//134 135//135
f 136//136 137//137 138//138
f 139//139 140//140 141//141
f 142//142 143//143 144//144
f 145//145 146//146 147//147
f 148//148 149//149 150//150
f 151//151 152//152 153//153
f 154//154 155//155 156//156
f 157//157 158//158 159//159
f 160//160 161//161 162//162
f 163//163 164//164 165//165
f 166//166 167//167 168//168
f 169//169 170//170 171//171
f 172//172 173//173 174//174
f 175//175 176//176 177//177
f 178//178 179//179 180//180
f 181//181 182//182 183//183
f 184//184 185//185 186//186
f 187//187 188//188 189//189
f 190//190 191//191 192//192
f 193//193 194//194 195//195
f 196//196 197//197 198//198
f 199//199 200//200 201//201
f 202//202 203//203 204//204
f 205//205 206//206 207//207
f 208//208 209//209 210//210
f 211//211 212//212 213//213
f 214//214 215//215 216//216
f 217//217 218//218 219//219
f 220//220 221//221 222//222
f 223//223 224//224 225//225
f 226//226 227//227 228//228
f 229//229 230//230 231//231
f 232//232 233//233 234//234
f 235//235 236//236 237//237
f 238//238 239//239 240//240
f 241//241 242//242 243//243
f 244//244 245//245 246//246
f 247//247 248//248 249//249
f 250//250 251//251 252//252
f 253//253 254//254 255//255
f 256//256 257//257 258//258
f 259//259 260//260 261//261
f 262//262 263//263 264//264
f 265//265 266//266 267//267
f 268//268 269//269 270//270
f 271//271 272//272 273//273
f 274//274 275//275 276//276
f 277//277 278//278 279//279
f 280//280 281//281 282//282
f 283//283 284//284 285//285
f 286//286 287//287 288//288
f 289//289 290//290 291//291
f 292//292 293//293 294//294
f 295//295 296//296 297//297
f 298//298 299//299 300//300
f 301//301 302//302 303//303
f 304//304 305//305 306//306
f 307//307 308//308 309//309
f 310//310 311//311 312//312
f 313//313 314//314 315//315
f 316//316 317//317 318//318
f 319//319 320//320 321//321
f 322//322 323//323 324//324
f 325//325 326//326 327//327
f 328//328 329//329 330//330
f 331//331 332//332 333//333
f 334//334 335//335 336//336
f 337//337 338//338 339//339
f 340//340 341//341 342//342
f 343//343 344//344 345//345
f 346//346 347//347 348//348
f 349//349 350//350 351//351
f 352//352 353//353 354//354
f 355//355 356//356 357//357
f 358//358 359//359 360//360
f 361//361 362//362 363//363
f 364//364 365//365 366//366
f 367//367 368//368 369//369
f 370//370 371//371 372//372
f 373//373 374//374 375//375
f 376//376 377//377 378//378
f 379//379 380//380 381//381
f 382//382 383//383 384//384
f 385//385 386//386 387//387
f 388//388 389//389 390//390
f 391//391 392//392 393//393
f 394//394 395//395 396//396
f 397//397 398//398 399//399
f 400//400 401//401 402//402
f 403//403 404//404 405//405
f 406//406 407//407 408//408
f 409//409 410//410 411//411
f 412//412 413//413 414//414
f 415//415 416//416 417//417
f 418//418 419//419 420//420
f 421//421 422//422 423//423
f 424//424 425//425 426//426
f 427//427 428//428 429//429
f 430//430 431//431 432//432
f 433//433 434//434 435//435
f 436//436 437//437 438//438
f 439//439 440//440 441//441
f 442//442 443//443 444//444
f 445//445 446//446 447//447
f 448//448 449//449 450//450
f 451//451 452//452 453//453
f 454//454 455//455 456//456
f 457//457 458//458 459//459
f 460//460 461//461 462//462
f 463//463 464//464 465//465
f 466//466 467//467 468//468
f 469//469 470//470 471//471
f 472//472 473//473 474//474
f 475//475 476//476 477//477
f 478//478 479//479 480//480
f 481//481 482//482 483//483
f 484//484 485//485 486//486
f 487//487 488//488 489//489
f 490//490 491//491 492//492
f 493//493 494//494 495//495
f 496//496 497//497 498//498
f 499//499 500//500 501//501
f 502//502 503//503 504//504
f 505//505 506//506 507//507
f 508//508 509//509 510//510
f 511//511 512//512 513//513
f 514//514 515//515 516//516
f 517//517 518//518 519//519
f 520//520 521//521 522//522
f 523//523 524//524 525//525
f 526//526 527//527 528//528
f 529//529 530//530 531//531
f 532//532 533//533 534//534
f 535//535 536//536 537//537
f 538//538 539//539 540//540
f 541//541 542//542 543//543
f 544//544 545//545 546//546
f 547//547 548//548 549//549
f 550//550 551//551 552//552
f 553//553 554//554 555//555
f 556//556 557//557 558//558
f 559//559 560//560 561//561
f 562//562 563//563 564//564
f 565//565 566//566 567//567
f 568//568 569//569 570//570
f 571//571 572//572 573//573
f 574//574 575//575 576//576
f 577//577 578//578 579//579
f 580//580 581//581 582//582
f 583//583 584//584 585//585
f 586//586 587//587 588//588
f 589//589 590//590 591//591
f 592//592 593//593 594//594
f 595//595 596//596 597//597
f 598//598 599//599 600//600
f 601//601 602//602 603//603
f 604//604 605//605 606//606
f 607//607 608//608 609//609
f 610//610 611//611 612//612
f 613//613 614//614 615//615
f 616//616 617//617 618//618
f 619//619 620//620 621//621
f 622//622 623//623 624//624
f 625//625 626//626 627//627
f 628//628 629//629 630//630
f 631//631 632//632 633//633
f 634//634 635//635 636//636
f 637//637 638//638 639//639
f 640//640 641//641 642//642
f 643//643 644//644 645//645
f 646//646 647//647 648//648
f 649//649 650//650 651//651
f 652//652 653//653 654//654
f 655//655 656//656 657//657
f 658//658 659//659 660//660
f 661//661 662//662 663//663
f 664//664 665//665 666//666
f 667//667 668//668 669//669
f 670//670 671//671 672//672
f 673//673 674//674 675//675
f 676//676 677//677 678//678
f 679//679 680//680 681//681
f 682//682 683//683 684//684
f 685//685 686//686 687//687
f 688//688 689//689 690//690
f 691//691 692//692 693//693
f 694//694 695//695 696//696
f 697//697 698//698 699//699
f 700//700 701//701 702//702
f 703//703 704//704 705//705
f 706//706 707//707 708//708
f 709//709 710//710 711//711
f 712//712 713//713 714//714
f 715//715 716//716 717//717
f 718//718 719//719 720//720
f 721//721 722//722 723//723
f 724//724 725//725 726//726
f 727//727 728//728 729//729
f 730//730 731//731 732//732
f 733//733 734//734 735//735
f 736//736 737//737 738//738
f 739//739 740//740 741//741
f 742//742 743//743 744//744
f 745//745 746//746 747//747
f 748//748 749//749 750//750
f 751//751 752//752 753//753
f 754//754 755//755 756//756
f 757//757 758//758 759//759
f 760//760 761//761 762//762
f 763//763 764//764 765//765
f 766//766 767//767 768//768
f 769//769 770//770 771//771
f 772//772 773//773 774//774
f 775//775 776//776 777//777
f 778//778 779//779 780//780
f 781//781 782//782 783//783
f 784//784 785//785 786//786
f 787//787 788//788 789//789
f 790//790 791//791 792//792
f 793//793 794//794 795//795
f 796//796 797//797 798//798
f 799//799 800//800 801//801
f 802//802 803//803 804//804
f 805//805 806//806 807//807
f 808//808 809//809 810//810
f 811//811 812//812 813//813
f 814//814 815//815 816//816
f 817//817 818//818 819//819
f 820//820 821//821 822//822
f 823//823 824//824 825//825
f 826//826 827//827 828//828
f 829//829 830//830 831//831
f 832//832 833//833 834//834
f 835//835 836//836 837//837
f 838//838 839//839 840//840
f 841//841 842//842 843//843
f 844//844 845//845 846//846
f 847//847 848//848 849//849
f 850//850 851//851 852//852
f 853//853 854//854 855//855
f 856//856 857//857 858//858
f 859//859 860//860 861//861
f 862//862 863//863 864//864
f 865//865 866//866 867//867
f 868//868 869//869 870//870
f 871//871 872//872 873//873
f 874//874 875//875 876//876
f 877//877 878//878 879//879
f 880//880 881//881 882//882
f 883//883 884//884 885//885
f 886//886 887//887 888//888
f 889//889 890//890 891//891
f 892//892 893//893 894//894
f 895//895 896//896 897//897
f 898//898 899//899 900//900
f 901//901 902//902 903//903
f 904//904 905//905 906//906
f 907//907 908//908 909//909
f 910//910 911//911 912//912
f 913//913 914//914 915//915
f 916//916 917//917 918//918
f 919//919 920//920 921//921
f 922//922 923//923 924//924
f 925//925 926//926 927//927
f 928//928 929//929 930//930
f 931//931 932//932 933//933
f 934//934 935//935 936//936
f 937//937 938//938 939//939
f 940//940 941//941 942//942
f 943//943 944//944 945//945
f 946//946 947//947 948//948
f 949//949 950//950 951//951
f 952//952 953//953 954//954
f 955//955 956//956 957//957
f 958//958 959//959 960//960
f 961//961 962//962 963//963
f 964//964 965//965 966//966
f 967//967 968//968 969//969
f 970//970 971//971 972//972
f 973//973 974//974 975//975
f 976//976 977//977 978//978
f 979//979 980//980 981//981
f 982//982 983//983 984//984
f 985//985 986//986 987//987
f 988//988 989//989 990//990
f 991//991 992//992 993//993
f 994//994 995//995 996//996
f 997//997 998//998 999//999
f 1000//1000 1001//1001 1002//1002
f 1003//1003 1004//1004 1005//1005
f 1006//1006 1007//1007 1008//1008
f 1009//1009 1010//1010 1011//1011
f 1012//1012 1013//1013 1014//1014
f 1015//1015 1016//1016 1017//1017
f 1018//1018 1019//1019 1020//1020
f 1021//1021 1022//1022 1023//1023
f 1024//1024 1025//1025 1026//1026
f 1027//1027 1028//1028 1029//1029
f 1030//1030 1031//1031 1032//1032
f 1033//1033 1034//1034 1035//1035
f 1036//1036 1037//1037 1038//1038
f 1039//1039 1040//1040 1041//1041
f 1042//1042 1043//1043 1044//1044
f 1045//1045 1046//1046 1047//1047
f 1048//1048 1049//1049 1050//1050
f 1051//1051 1052//1052 1053//1053
f 1054//1054 1055//1055 1056//1056
f 1057//1057 1058//1058 1059//1059
f 1060//1060 1061//1061 1062//1062
f 1063//1063 1064//1064 1065//1065
f 1066//1066 1067//1067 1068//1068
f 1069//1069 1070//1070 1071//1071
f 1072//1072 1073//1073 1074//1074
f 1075//1075 1076//1076 1077//1077
f 1078//1078 1079//1079 1080//1080
f 1081//1081 1082//1082 1083//1083
f 1084//1084 1085//1085 1086//1086
f 1087//1087 1088//1088 1089//1089
f 1090//1090 1091//1091 1092//1092
f 1093//1093 1094//1094 1095//1095
f 1096//1096 1097//1097 1098//1098
f 1099//1099 1100//1100 1101//1101
f 1102//1102 1103//1103 1104//1104
f 1105//1105 1106//1106 1107//1107
f 1108//1108 1109//1109 1110//1110
f 1111//1111 1112//1112 1113//1113
f 1114//1114 1115//1115 1116//1116
f 1117//1117 1118//1118 1119//1119
f 1120//1120 1121//1121 1122//1122
f 1123//1123 1124//1124 1125//1125
f 1126//1126 1127//1127 1128//1128
f 1129//1129 1130//1130 1131//1131
f 1132//1132 1133//1133 1134//1134
f 1135//1135 1136//1136 1137//1137
f 1138//1138 1139//1139 1140//1140
f 1141//1141 1142//1142 1143//1143
f 1144//1144 1145//1145 1146//1146
f 1147//1147 1148//1148 1149//1149
f 1150//1150 1151//1151 1152//1152
f 1153//1153 1154//1154 1155//1155
f 1156//1156 1157//1157 1158//1158
f 1159//1159 1160//1160 1161//1161
f 1162//1162 1163//1163 1164//1164
f 1165//1165 1166//1166 1167//1167
f 1168//1168 1169//1169 1170//1170
f 1171//1171 1172//1172 1173//1173
f 1174//1174 1175//1175 1176//1176
f 1177//1177 1178//1178 1179//1179
f 1180//1180 1181//1181 1182//1182
f 1183//1183 1184//1184 1185//1185
f 1186//1186 1187//1187 1188//1188
f 1189//1189 1190//1190 1191//1191
f 1192//1192 1193//1193 1194//1194
f 1195//1195 1196//1196 1197//1197
f 1198//1198 1199//1199 1200//1200
f 1201//1201 1202//1202 1203//1203
f 1204//1204 1205//1205 1206//1206
f 1207//1207 1208//1208 1209//1209
f 1210//1210 1211//1211 1212//1212
f 1213//1213 1214//1214 1215//1215
f 1216//1216 1217//1217 1218//1218
f 1219//1219 1220//1220 1221//1221
f 1222//1222 1223//1223 1224//1224
f 1225//1225 1226//1226 1227//1227
f 1228//1228 1229//1229 1230//1230
f 1231//1231 1232//1232 1233//1233
f 1234//1234 1235//1235 1236//1236
f 1237//1237 1238//1238 1239//1239
f 1240//1240 1241//1241 1242//1242
f 1243//1243 1244//1244 1245//1245
f 1246//1246 1247//1247 1248//1248
f 1249//1249 1250//1250 1251//1251
f 1252//1252 1253//1253 1254//1254
f 1255//1255 1256//1256 1257//1257
f 1258//1258 1259//1259 1260//1260
f 1261//1261 1262//1262 1263//1263
f 1264//1264 1265//1265 1266//1266
f 1267//1267 1268//1268 1269//1269
f 1270//1270 1271//1271 1272//1272
f 1273//1273 1274//1274 1275//1275
f 1276//1276 1277//1277 1278//1278
f 1279//1279 1280//1280 1281//1281
f 1282//1282 1283//1283 1284//1284
f 1285//1285 1286//1286 1287//1287
f 1288//1288 1289//1289 1290//1290
f 1291//1291 1292//1292 1293//1293
f 1294//1294 1295//1295 1296//1296
f 1297//1297 1298//1298 1299//1299
f 1300//1300 1301//1301 1302//1302
f 1303//1303 1304//1304 1305//1305
f 1306//1306 1307//1307 1308//1308
f 1309//1309 1310//1310 1311//1311
f 1312//1312 1313//1313 1314//1314
f 1315//1315 1316//1316 1317//1317
f 1318//1318 1319//1319 1320//1320
f 1321//1321 1322//1322 1323//1323
f 1324//1324 1325//1325 1326//1326
f 1327//1327 1328//1328 1329//1329
f 1330//1330 1331//1331 1332//1332
f 1333//1333 1334//1334 1335//1335
f 1336//1336 1337//1337 1338//1338
f 1339//1339 1340//1340 1341//1341
f 1342//1342 1343//1343 1344//1344
f 1345//1345 1346//1346 1347//1347
f 1348//1348 1349//1349 1350//1350
f 1351//1351 1352//1352 1353//1353
f 1354//1354 1355//1355 1356//1356
f 1357//1357 1358//1358 1359//1359
f 1360//1360 1361//1361 1362//1362
f 1363//1363 1364//1364 1365//1365
f 1366//1366 1367//1367 1368//1368
f 1369//1369 1370//1370 1371//1371
f 1372//1372 1373//1373 1374//1374
f 1375//1375 1376//1376 1377//1377
f 1378//1378 1379//1379 1380//1380
f 1381//1381 1382//1382 1383//1383
f 1384//1384 1385//1385 1386//1386
f 1387//1387 1388//1388 1389//1389
f 1390//1390 1391//1391 1392//1392
f 1393//1393 1394//1394 1395//1395
f 1396//1396 1397//1397 1398//1398
f 1399//1399 1400//1400 1401//1401
f 1402//1402 1403//1403 1404//1404
f 1405//1405 1406//1406 1407//1407
f 1408//1408 1409//1409 1410//1410
f 1411//1411 1412//1412 1413//1413
f 1414//1414 1415//1415 1416//1416
f 1417//1417 1418//1418 1419//1419
f 1420//1420 1421//1421 1422//1422
f 1423//1423 1424//1424 1425//1425
f 1426//1426 1427//1427 1428//1428
f 1429//1429 1430//1430 1431//1431
f 1432//1432 1433//1433 1434//1434
f 1435//1435 1436//1436 1437//1437
f 1438//1438 1439//1439 1440//1440
f 1441//1441 1442//1442 1443//1443
f 1444//1444 1445//1445 1446//1446
f 1447//1447 1448//1448 1449//1449
f 1450//1450 1451//1451 1452//1452
f 1453//1453 1454//1454 1455//1455
f 1456//1456 1457//1457 1458//1458
f 1459//1459 1460//1460 1461//1461
f 1462//1462 1463//1463 1464//1464
f 1465//1465 1466//1466 1467//1467
f 1468//1468 1469//1469 1470//1470
f 1471//1471 1472//1472 1473//1473
f 1474//1474 1475//1475 1476//1476
f 1477//1477 1478//1478 1479//1479
f 1480//1480 1481//1481 1482//1482
f 1483//1483 1484//1484 1485//1485
f 1486//1486 1487//1487 1488//1488
f 1489//1489 1490//1490 1491//1491
f 1492//1492 1493//1493 1494//1494
f 1495//1495 1496//1496 1497//1497
f 1498//1498 1499//1499 1500//1500
f 1501//1501 1502//1502 1503//1503
f 1504//1504 1505//1505 1506//1506
f 1507//1507 1508//1508 1509//1509
f 1510//1510 1511//1511 1512//1512
f 1513//1513 1514//1514 1515//1515
f 1516//1516 1517//1517 1518//1518
f 1519//1519 1520//1520 1521//1521
f 1522//1522 1523//1523 1524//1524
f 1525//1525 1526//1526 1527//1527
f 1528//1528 1529//1529 1530//1530
f 1531//1531 1532//1532 1533//1533
f 1534//1534 1535//1535 1536//1536
f 1537//1537 1538//1538 1539//1539
f 1540//1540 1541//1541 1542//1542
f 1543//1543 1544//1544 1545//1545
f 1546//1546 1547//1547 1548//1548
f 1549//1549 1550//1550 1551//1551
f 1552//1552 1553//1553 1554//1554
f 1555//1555 1556//1556 1557//1557
f 1558//1558 1559//1559 1560//1560
f 1561//1561 1562//1562 1563//1563
f 1564//1564 1565//1565 1566//1566
f 1567//1567 1568//1568 1569//1569
f 1570//1570 1571//1571 1572//1572
f 1573//1573 1574//1574 1575//1575
f 1576//1576 1577//1577 1578//1578
f 1579//1579 1580//1580 1581//1581
f 1582//1582 1583//1583 1584//1584
f 1585//1585 1586//1586 1587//1587
f 1588//1588 1589//1589 1590//1590
f 1591//1591 1592//1592 1593//1593
f 1594//1594 1595//1595 1596//1596
f 1597//1597 1598//1598 1599//1599
f 1600//1600 1601//1601 1602//1602
f 1603//1603 1604//1604 1605//1605
f 1606//1606 1607//1607 1608//1608
f 1609//1609 1610//1610 1611//1611
f 1612//1612 1613//1613 1614//1614
f 1615//1615 1616//1616 1617//1617
f 1618//1618 1619//1619 1620//1620
f 1621//1621 1622//1622 1623//1623
f 1624//1624 1625//1625 1626//1626
f 1627//1627 1628//1628 1629//1629
f 1630//1630 1631//1631 1632//1632
f 1633//1633 1634//1634 1635//1635
f 1636//1636 1637//1637 1638//1638
f 1639//1639 1640//1640 1641//1641
f 1642//1642 1643//1643 1644//1644
f 1645//1645 1646//1646 1647//1647
f 1648//1648 1649//1649 1650//1650
f 1651//1651 1652//1652 1653//1653
f 1654//1654 1655//1655 1656//1656
f 1657//1657 1658//1658 1659//1659
f 1660//1660 1661//1661 1662//1662
f 1663//1663 1664//1664 1665//1665
f 1666//1666 1667//1667 1668//1668
f 1669//1669 1670//1670 1671//1671
f 1672//1672 1673//1673 1674//1674
f 1675//1675 1676//1676 1677//1677
f 1678//1678 1679//1679 1680//1680
f 1681//1681 1682//1682 1683//1683
f 1684//1684 1685//1685 1686//1686
f 1687//1687 1688//1688 1689//1689
f 1690//1690 1691//1691 1692//1692
f 1693//1693 1694//1694 1695//1695
f 1696//1696 1697//1697 1698//1698
f 1699//1699 1700//1700 1701//1701
f 1702//1702 1703//1703 1704//1704
f 1705//1705 1706//1706 1707//1707
f 1708//1708 1709//1709 1710//1710
f 1708//1708 1710//1710 1711//1711
f 1712//1712 1713//1713 1714//1714
f 1715//1715 1716//1716 1717//1717
f 1718//1718 1719//1719 1720//1720
f 1721//1721 1722//1722 1723//1723
f 1724//1724 1725//1725 1726//1726
f 1727//1727 1728//1728 1729//1729
f 1730//1730 1731//1731 1732//1732
f 1733//1733 1734//1734 1735//1735
f 1736//1736 1737//1737 1738//1738
f 1739//1739 1740//1740 1741//1741
f 1742//1742 1743//1743 1744//1744
f 1745//1745 1746//1746 1747//1747
f 1748//1748 1749//1749 1750//1750
f 1751//1751 1752//1752 1753//1753
f 1754//1754 1755//1755 1756//1756
f 1757//1757 1758//1758 1759//1759
f 1760//1760 1761//1761 1762//1762
f 1763//1763 1764//1764 1765//1765
f 1766//1766 1767//1767 1768//1768
f 1769//1769 1770//1770 1771//1771
f 1772//1772 1773//1773 1774//1774
f 1775//1775 1776//1776 1777//1777
f 1778//1778 1779//1779 1780//1780
f 1781//1781 1782//1782 1783//1783
f 1784//1784 1785//1785 1786//1786
f 1787//1787 1788//1788 1789//1789
f 1790//1790 1791//1791 1792//1792
f 1793//1793 1794//1794 1795//1795
f 1796//1796 1797//1797 1798//1798
f 1799//1799 1800//1800 1801//1801
f 1802//1802 1803//1803 1804//1804
f 1805//1805 1806//1806 1807//1807
f 1808//1808 1809//1809 1810//1810
f 1811//1811 1812//1812 1813//1813
f 1814//1814 1815//1815 1816//1816
f 1817//1817 1818//1818 1819//1819
f 1820//1820 1821//1821 1822//1822
f 1823//1823 1824//1824 1825//1825
f 1826//1826 1827//1827 1828//1828
f 1829//1829 1830//1830 1831//1831
f 1832//1832 1833//1833 1834//1834
f 1835//1835 1836//1836 1837//1837
f 1838//1838 1839//1839 1840//1840
f 1841//1841 1842//1842 1843//1843
f 1844//1844 1845//1845 1846//1846
f 1847//1847 1848//1848 1849//1849
f 1850//1850 1851//1851 1852//1852
f 1853//1853 1854//1854 1855//1855
f 1856//1856 1857//1857 1858//1858
f 1859//1859 1860//1860 1861//1861
f 1862//1862 1863//1863 1864//1864
f 1865//1865 1866//1866 1867//1867
f 1868//1868 1869//1869 1870//1870
f 1871//1871 1872//1872 1873//1873
f 1874//1874 1875//1875 1876//1876
f 1877//1877 1878//1878 1879//1879
f 1880//1880 1881//1881 1882//1882
f 1883//1883 1884//1884 1885//1885
f 1886//1886 1887//1887 1888//1888
f 1889//1889 1890//1890 1891//1891
f 1892//1892 1893//1893 1894//1894
f 1895//1895 1896//1896 1897//1897
f 1898//1898 1899//1899 1900//1900
f 1901//1901 1902//1902 1903//1903
f 1904//1904 1905//1905 1906//1906
f 1907//1907 1908//1908 1909//1909
f 1910//1910 1911//1911 1912//1912
f 1913//1913 1914//1914 1915//1915
f 1916//1916 1917//1917 1918//1918
f 1919//1919 1920//1920 1921//1921
f 1922//1922 1923//1923 1924//1924
f 1925//1925 1926//1926 1927//1927
f 1928//1928 1929//1929 1930//1930
f 1931//1931 1932//1932 1933//1933
f 1934//1934 1935//1935 1936//1936
f 1937//1937 1938//1938 1939//1939
f 1940//1940 1941//1941 1942//1942
f 1943//1943 1944//1944 1945//1945
f 1946//1946 1947//1947 1948//1948
f 1949//1949 1950//1950 1951//1951
f 1952//1952 1953//1953 1954//1954
f 1955//1955 1956//1956 1957//1957
f 1958//1958 1959//1959 1960//1960
f 1961//1961 1962//1962 1963//1963
f 1964//1964 1965//1965 1966//1966
f 1967//1967 1968//1968 1969//1969
f 1970//1970 1971//1971 1972//1972
f 1973//1973 1974//1974 1975//1975
f 1976//1976 1977//1977 1978//1978
f 1979//1979 1980//1980 1981//1981
f 1982//1982 1983//1983 1984//1984
f 1985//1985 1986//1986 1987//1987
f 1988//1988 1989//1989 1990//1990
f 1991//1991 1992//1992 1993//1993
f 1994//1994 1995//1995 1996//1996
f 1997//1997 1998//1998 1999//1999
f 2000//2000 2001//2001 2002//2002
f 2003//2003 2004//2004 2005//2005
f 2006//2006 2007//2007 2008//2008
f 2009//2009 2010//2010 2011//2011
f 2012//2012 2013//2013 2014//2014
f 2015//2015 2016//2016 2017//2017
f 2015//2015 2017//2017 2018//2018
f 2019//2019 2020//2020 2021//2021
f 2019//2019 2021//2021 2022//2022
f 2023//2023 2024//2024 2025//2025
f 2026//2026 2027//2027 2028//2028
f 2029//2029 2030//2030 2031//2031
f 2032//2032 2033//2033 2034//2034
f 2035//2035 2036//2036 2037//2037
f 2038//2038 2039//2039 2040//2040
f 2041//2041 2042//2042 2043//2043
f 2044//2044 2045//2045 2046//2046
f 2047//2047 2048//2048 2049//2049
f 2050//2050 2051//2051 2052//2052
f 2053//2053 2054//2054 2055//2055
f 2056//2056 2057//2057 2058//2058
f 2059//2059 2060//2060 2061//2061
f 2062//2062 2063//2063 2064//2064
f 2065//2065 2066//2066 2067//2067
f 2068//2068 2069//2069 2070//2070
f 2071//2071 2072//2072 2073//2073
f 2074//2074 2075//2075 2076//2076
f 2077//2077 2078//2078 2079//2079
f 2080//2080 2081//2081 2082//2082
f 2083//2083 2084//2084 2085//2085
f 2086//2086 2087//2087 2088//2088
f 2089//2089 2090//2090 2091//2091
f 2092//2092 2093//2093 2094//2094
f 2095//2095 2096//2096 2097//2097
f 2098//2098 2099//2099 2100//2100
f 2101//2101 2102//2102 2103//2103
f 2104//2104 2105//2105 2106//2106
f 2107//2107 2108//2108 2109//2109
f 2110//2110 2111//2111 2112//2112
f 2113//2113 2114//2114 2115//2115
f 2116//2116 2117//2117 2118//2118
f 2119//2119 2120//2120 2121//2121
f 2122//2122 2123//2123 2124//2124
f 2125//2125 2126//2126 2127//2127
f 2128//2128 2129//2129 2130//2130
f 2131//2131 2132//2132 2133//2133
f 2134//2134 2135//2135 2136//2136
f 2137//2137 2138//2138 2139//2139
f 2140//2140 2141//2141 2142//2142
f 2143//2143 2144//2144 2145//2145
f 2146//2146 2147//2147 2148//2148
f 2149//2149 2150//2150 2151//2151
f 2152//2152 2153//2153 2154//2154
f 2155//2155 2156//2156 2157//2157
f 2158//2158 2159//2159 2160//2160
f 2161//2161 2162//2162 2163//2163
f 2164//2164 2165//2165 2166//2166
f 2167//2167 2168//2168 2169//2169
f 2170//2170 2171//2171 2172//2172
f 2173//2173 2174//2174 2175//2175
f 2176//2176 2177//2177 2178//2178
f 2179//2179 2180//2180 2181//2181
f 2182//2182 2183//2183 2184//2184
f 2185//2185 2186//2186 2187//2187
f 2188//2188 2189//2189 2190//2190
f 2191//2191 2192//2192 2193//2193
f 2194//2194 2195//2195 2196//2196
f 2197//2197 2198//2198 2199//2199
f 2200//2200 2201//2201 2202//2202
f 2203//2203 2204//2204 2205//2205
f 2206//2206 2207//2207 2208//2208
f 2209//2209 2210//2210 2211//2211
f 2212//2212 2213//2213 2214//2214
f 2215//2215 2216//2216 2217//2217
f 2218//2218 2219//2219 2220//2220
f 2221//2221 2222//2222 2223//2223
f 2224//2224 2225//2225 2226//2226
f 2227//2227 2228//2228 2229//2229
f 2230//2230 2231//2231 2232//2232
f 2233//2233 2234//2234 2235//2235
f 2236//2236 2237//2237 2238//2238
f 2239//2239 2240//2240 2241//2241
f 2242//2242 2243//2243 2244//2244
f 2245//2245 2246//2246 2247//2247
f 2248//2248 2249//2249 2250//2250
f 2251//2251 2252//2252 2253//2253
f 2254//2254 2255//2255 2256//2256
f 2257//2257 2258//2258 2259//2259
f 2260//2260 2261//2261 2262//2262
f 2263//2263 2264//2264 2265//2265
f 2266//2266 2267//2267 2268//2268
f 2269//2269 2270//2270 2271//2271
f 2272//2272 2273//2273 2274//2274
f 2275//2275 2276//2276 2277//2277
f 2278//2278 2279//2279 2280//2280
f 2281//2281 2282//2282 2283//2283
f 2284//2284 2285//2285 2286//2286
f 2287//2287 2288//2288 2289//2289
f 2290//2290 2291//2291 2292//2292
f 2293//2293 2294//2294 2295//2295
f 2296//2296 2297//2297 2298//2298
f 2299//2299 2300//2300 2301//2301
f 2302//2302 2303//2303 2304//2304
# 770 faces, 0 coords texture

# End of File
