####
#
# OBJ File Generated by Meshlab
#
####
# Object obj_000014.obj
#
# Vertices: 3864
# Faces: 1292
#
####
vn 0.001584 -0.008973 0.999959
v 60.910542 -10.931235 17.279768
vn 0.001584 -0.008973 0.999959
v 60.923725 -9.875628 17.289219
vn 0.001584 -0.008973 0.999959
v 58.400684 -9.177968 17.299475
vn 0.001625 -0.008913 0.999959
v 58.400684 -9.177968 17.299475
vn 0.001625 -0.008913 0.999959
v 46.897865 -6.505810 17.341986
vn 0.001625 -0.008913 0.999959
v 60.910542 -10.931235 17.279768
vn 0.001606 -0.008973 0.999958
v 60.910542 -10.931235 17.279768
vn 0.001606 -0.008973 0.999958
v 46.897865 -6.505810 17.341986
vn 0.001606 -0.008973 0.999958
v 46.712479 -6.686566 17.340662
vn 0.001596 -0.009007 0.999958
v 60.910542 -10.931235 17.279768
vn 0.001596 -0.009007 0.999958
v 46.712479 -6.686566 17.340662
vn 0.001596 -0.009007 0.999958
v 45.411667 -10.737442 17.306250
vn 0.001442 -0.008958 0.999959
v 45.411667 -10.737442 17.306250
vn 0.001442 -0.008958 0.999959
v 46.712479 -6.686566 17.340662
vn 0.001442 -0.008958 0.999959
v 46.461658 -6.750429 17.340452
vn 0.001586 -0.008996 0.999958
v 45.411667 -10.737442 17.306250
vn 0.001586 -0.008996 0.999958
v 46.461658 -6.750429 17.340452
vn 0.001586 -0.008996 0.999958
v 45.461758 -6.737855 17.342150
vn 0.001600 -0.009020 0.999958
v 58.400684 -9.177968 17.299475
vn 0.001600 -0.009020 0.999958
v 56.185253 -7.783790 17.315596
vn 0.001600 -0.009020 0.999958
v 46.897865 -6.505810 17.341986
vn 0.001603 -0.009001 0.999958
v 46.897865 -6.505810 17.341986
vn 0.001603 -0.009001 0.999958
v 56.185253 -7.783790 17.315596
vn 0.001603 -0.009001 0.999958
v 54.464653 -5.811020 17.336111
vn 0.001587 -0.008829 0.999960
v 46.897865 -6.505810 17.341986
vn 0.001587 -0.008829 0.999960
v 54.464653 -5.811020 17.336111
vn 0.001587 -0.008829 0.999960
v 46.967911 -6.256738 17.344074
vn 0.001599 -0.008979 0.999958
v 53.088085 3.307047 17.420191
vn 0.001599 -0.008979 0.999958
v 47.088631 3.381953 17.430454
vn 0.001599 -0.008979 0.999958
v 53.036251 -0.832431 17.383102
vn 0.001597 -0.008981 0.999958
v 53.036251 -0.832431 17.383102
vn 0.001597 -0.008981 0.999958
v 47.088631 3.381953 17.430454
vn 0.001597 -0.008981 0.999958
v 46.967911 -6.256738 17.344074
vn 0.001604 -0.008990 0.999958
v 53.036251 -0.832431 17.383102
vn 0.001604 -0.008990 0.999958
v 46.967911 -6.256738 17.344074
vn 0.001604 -0.008990 0.999958
v 53.384552 -3.426677 17.359221
vn 0.001595 -0.008969 0.999959
v 53.384552 -3.426677 17.359221
vn 0.001595 -0.008969 0.999959
v 46.967911 -6.256738 17.344074
vn 0.001595 -0.008969 0.999959
v 54.464653 -5.811020 17.336111
vn 0.001597 -0.009018 0.999958
v 11.947237 -4.956693 17.411785
vn 0.001597 -0.009018 0.999958
v 10.934827 -6.951783 17.395409
vn 0.001597 -0.009018 0.999958
v 21.969881 -5.944242 17.386873
vn 0.001506 -0.008638 0.999962
v 7.957531 -10.269239 17.370424
vn 0.001506 -0.008638 0.999962
v 22.214512 -6.380266 17.382551
vn 0.001506 -0.008638 0.999962
v 22.033810 -6.195056 17.384422
vn 0.001547 -0.008788 0.999960
v 22.214512 -6.380266 17.382551
vn 0.001547 -0.008788 0.999960
v 7.957531 -10.269239 17.370424
vn 0.001547 -0.008788 0.999960
v 22.463646 -6.450450 17.381550
vn 0.001598 -0.008984 0.999958
v 22.463646 -6.450450 17.381550
vn 0.001598 -0.008984 0.999958
v 7.957531 -10.269239 17.370424
vn 0.001598 -0.008984 0.999958
v 24.413424 -10.474950 17.342274
vn 0.001642 -0.008963 0.999959
v 22.463646 -6.450450 17.381550
vn 0.001642 -0.008963 0.999959
v 24.413424 -10.474950 17.342274
vn 0.001642 -0.008963 0.999959
v 24.463503 -6.475413 17.378042
vn 0.001628 -0.009358 0.999955
v 21.969881 -5.944242 17.386873
vn 0.001628 -0.009358 0.999955
v 10.934827 -6.951783 17.395409
vn 0.001628 -0.009358 0.999955
v 22.033810 -6.195056 17.384422
vn 0.001601 -0.008961 0.999959
v 22.033810 -6.195056 17.384422
vn 0.001601 -0.008961 0.999959
v 10.934827 -6.951783 17.395409
vn 0.001601 -0.008961 0.999959
v 9.591323 -8.740752 17.381529
vn 0.001604 -0.008979 0.999958
v 22.033810 -6.195056 17.384422
vn 0.001604 -0.008979 0.999958
v 9.591323 -8.740752 17.381529
vn 0.001604 -0.008979 0.999958
v 7.957531 -10.269239 17.370424
vn 0.001599 -0.008979 0.999958
v 12.238242 3.817666 17.490118
vn 0.001599 -0.008979 0.999958
v 12.745484 1.638670 17.469742
vn 0.001599 -0.008979 0.999958
v 22.090599 3.694567 17.473261
vn 0.001597 -0.008969 0.999959
v 22.090599 3.694567 17.473261
vn 0.001597 -0.008969 0.999959
v 12.745484 1.638670 17.469742
vn 0.001597 -0.008969 0.999959
v 12.866485 -0.595171 17.449511
vn 0.001602 -0.008982 0.999958
v 22.090599 3.694567 17.473261
vn 0.001602 -0.008982 0.999958
v 12.866485 -0.595171 17.449511
vn 0.001602 -0.008982 0.999958
v 21.969881 -5.944242 17.386873
vn 0.001595 -0.008995 0.999958
v 21.969881 -5.944242 17.386873
vn 0.001595 -0.008995 0.999958
v 12.866485 -0.595171 17.449511
vn 0.001595 -0.008995 0.999958
v 12.597700 -2.816064 17.429962
vn 0.001601 -0.008978 0.999958
v 21.969881 -5.944242 17.386873
vn 0.001601 -0.008978 0.999958
v 12.597700 -2.816064 17.429962
vn 0.001601 -0.008978 0.999958
v 11.947237 -4.956693 17.411785
vn -0.001587 0.009035 -0.999958
v 58.346207 -8.871663 -16.798889
vn -0.001587 0.009035 -0.999958
v 60.869232 -9.569252 -16.809195
vn -0.001587 0.009035 -0.999958
v 60.855927 -10.624854 -16.818712
vn -0.001572 0.008992 -0.999958
v 45.357178 -10.431185 -16.792236
vn -0.001572 0.008992 -0.999958
v 45.407269 -6.431660 -16.756350
vn -0.001572 0.008992 -0.999958
v 46.407234 -6.444116 -16.758034
vn -0.001596 0.008998 -0.999958
v 45.357178 -10.431185 -16.792236
vn -0.001596 0.008998 -0.999958
v 46.407234 -6.444116 -16.758034
vn -0.001596 0.008998 -0.999958
v 60.855927 -10.624854 -16.818712
vn -0.001594 0.008982 -0.999958
v 46.913425 -5.950364 -16.754404
vn -0.001594 0.008982 -0.999958
v 47.034016 3.688326 -16.668015
vn -0.001594 0.008982 -0.999958
v 53.033600 3.613239 -16.678251
vn -0.001676 0.008720 -0.999961
v 46.407234 -6.444116 -16.758034
vn -0.001676 0.008720 -0.999961
v 46.658051 -6.380308 -16.757898
vn -0.001676 0.008720 -0.999961
v 60.855927 -10.624854 -16.818712
vn -0.001590 0.009008 -0.999958
v 60.855927 -10.624854 -16.818712
vn -0.001590 0.009008 -0.999958
v 46.658051 -6.380308 -16.757898
vn -0.001590 0.009008 -0.999958
v 46.843307 -6.199551 -16.756565
vn -0.001578 0.009048 -0.999958
v 60.855927 -10.624854 -16.818712
vn -0.001578 0.009048 -0.999958
v 46.843307 -6.199551 -16.756565
vn -0.001578 0.009048 -0.999958
v 58.346207 -8.871663 -16.798889
vn -0.001607 0.008923 -0.999959
v 58.346207 -8.871663 -16.798889
vn -0.001607 0.008923 -0.999959
v 46.843307 -6.199551 -16.756565
vn -0.001607 0.008923 -0.999959
v 56.130642 -7.477476 -16.782888
vn -0.001604 0.008989 -0.999958
v 53.033600 3.613239 -16.678251
vn -0.001604 0.008989 -0.999958
v 52.981773 -0.526071 -16.715378
vn -0.001604 0.008989 -0.999958
v 46.913425 -5.950364 -16.754404
vn -0.001607 0.008992 -0.999958
v 46.913425 -5.950364 -16.754404
vn -0.001607 0.008992 -0.999958
v 52.981773 -0.526071 -16.715378
vn -0.001607 0.008992 -0.999958
v 53.329941 -3.120423 -16.739265
vn -0.001673 0.009141 -0.999957
v 46.913425 -5.950364 -16.754404
vn -0.001673 0.009141 -0.999957
v 53.329941 -3.120423 -16.739265
vn -0.001673 0.009141 -0.999957
v 46.843307 -6.199551 -16.756565
vn -0.001591 0.008969 -0.999959
v 46.843307 -6.199551 -16.756565
vn -0.001591 0.008969 -0.999959
v 53.329941 -3.120423 -16.739265
vn -0.001591 0.008969 -0.999959
v 54.410042 -5.504825 -16.762373
vn -0.001595 0.009009 -0.999958
v 46.843307 -6.199551 -16.756565
vn -0.001595 0.009009 -0.999958
v 54.410042 -5.504825 -16.762373
vn -0.001595 0.009009 -0.999958
v 56.130642 -7.477476 -16.782888
vn -0.001583 0.008966 -0.999959
v 10.680113 10.294676 -16.550547
vn -0.001583 0.008966 -0.999959
v 12.529881 7.895906 -16.574982
vn -0.001583 0.008966 -0.999959
v -11.547529 -9.057775 -16.688881
vn -0.001639 0.009046 -0.999958
v -11.547529 -9.057775 -16.688881
vn -0.001639 0.009046 -0.999958
v 12.529881 7.895906 -16.574982
vn -0.001639 0.009046 -0.999958
v 13.045827 7.124847 -16.582804
vn -0.001592 0.008974 -0.999958
v -11.547529 -9.057775 -16.688881
vn -0.001592 0.008974 -0.999958
v 13.045827 7.124847 -16.582804
vn -0.001592 0.008974 -0.999958
v -9.089825 -11.490355 -16.714624
vn -0.001605 0.008990 -0.999958
v -9.089825 -11.490355 -16.714624
vn -0.001605 0.008990 -0.999958
v 13.045827 7.124847 -16.582804
vn -0.001605 0.008990 -0.999958
v 13.502620 6.498891 -16.589165
vn 0.002195 0.011580 -0.999931
v 14.451196 5.224863 -16.602169
vn 0.002195 0.011580 -0.999931
v 14.472788 5.195035 -16.602468
vn 0.002195 0.011580 -0.999931
v 15.148234 4.217298 -16.612309
vn -0.001324 0.008884 -0.999960
v 10.125114 -10.678437 -16.737984
vn -0.001324 0.008884 -0.999960
v 9.963184 -10.771332 -16.738596
vn -0.001324 0.008884 -0.999960
v 15.232779 4.085813 -16.613573
vn -0.001699 0.009017 -0.999958
v 15.232779 4.085813 -16.613573
vn -0.001699 0.009017 -0.999958
v 9.963184 -10.771332 -16.738596
vn -0.001699 0.009017 -0.999958
v 9.785486 -10.893426 -16.739395
vn -0.000392 0.008542 -0.999963
v 15.232779 4.085813 -16.613573
vn -0.000392 0.008542 -0.999963
v 9.785486 -10.893426 -16.739395
vn -0.000392 0.008542 -0.999963
v 9.688646 -10.972441 -16.740032
vn -0.001600 0.008986 -0.999958
v -11.547529 -9.057775 -16.688881
vn -0.001600 0.008986 -0.999958
v -13.371311 -6.119737 -16.659561
vn -0.001600 0.008986 -0.999958
v 10.680113 10.294676 -16.550547
vn -0.001604 0.008991 -0.999958
v 10.680113 10.294676 -16.550547
vn -0.001604 0.008991 -0.999958
v -13.371311 -6.119737 -16.659561
vn -0.001604 0.008991 -0.999958
v -14.460955 -2.837877 -16.628305
vn -0.001601 0.008985 -0.999958
v 10.680113 10.294676 -16.550547
vn -0.001601 0.008985 -0.999958
v -14.460955 -2.837877 -16.628305
vn -0.001601 0.008985 -0.999958
v -14.756417 0.607444 -16.596874
vn -0.001603 0.008991 -0.999958
v -14.756417 0.607444 -16.596874
vn -0.001603 0.008991 -0.999958
v -14.241511 4.026922 -16.566952
vn -0.001603 0.008991 -0.999958
v 10.680113 10.294676 -16.550547
vn -0.001595 0.008961 -0.999959
v 10.680113 10.294676 -16.550547
vn -0.001595 0.008961 -0.999959
v -14.241511 4.026922 -16.566952
vn -0.001595 0.008961 -0.999959
v -12.944453 7.232532 -16.540297
vn -0.001601 0.009007 -0.999958
v 10.680113 10.294676 -16.550547
vn -0.001601 0.009007 -0.999958
v -12.944453 7.232532 -16.540297
vn -0.001601 0.009007 -0.999958
v -10.936828 10.048123 -16.518150
vn -0.001609 0.008997 -0.999958
v -2.840155 -14.339719 -16.750252
vn -0.001609 0.008997 -0.999958
v -6.133185 -13.283875 -16.735453
vn -0.001609 0.008997 -0.999958
v 15.222279 4.102337 -16.613390
vn -0.001596 0.008981 -0.999958
v 15.222279 4.102337 -16.613390
vn -0.001596 0.008981 -0.999958
v -6.133185 -13.283875 -16.735453
vn -0.001596 0.008981 -0.999958
v -9.089825 -11.490355 -16.714624
vn -0.001326 0.008559 -0.999963
v 15.222279 4.102337 -16.613390
vn -0.001326 0.008559 -0.999963
v -9.089825 -11.490355 -16.714624
vn -0.001326 0.008559 -0.999963
v 15.148234 4.217298 -16.612309
vn -0.007229 0.005061 -0.999961
v 14.451196 5.224863 -16.602169
vn -0.007229 0.005061 -0.999961
v 15.148234 4.217298 -16.612309
vn -0.007229 0.005061 -0.999961
v 14.258892 5.487140 -16.599453
vn -0.001603 0.008999 -0.999958
v 12.018707 -10.017217 -16.735167
vn -0.001603 0.008999 -0.999958
v 11.870963 -10.061333 -16.735327
vn -0.001603 0.008999 -0.999958
v 21.915396 -5.637928 -16.711618
vn -0.001567 0.008941 -0.999959
v 13.502620 6.498891 -16.589165
vn -0.001567 0.008941 -0.999959
v 13.683058 6.257617 -16.591604
vn -0.001567 0.008941 -0.999959
v -9.089825 -11.490355 -16.714624
vn 0.001478 0.005036 -0.999986
v -9.089825 -11.490355 -16.714624
vn 0.001478 0.005036 -0.999986
v 13.683058 6.257617 -16.591604
vn 0.001478 0.005036 -0.999986
v 13.688245 6.250547 -16.591633
vn -0.001616 0.009008 -0.999958
v -9.089825 -11.490355 -16.714624
vn -0.001616 0.009008 -0.999958
v 13.688245 6.250547 -16.591633
vn -0.001616 0.009008 -0.999958
v 15.148234 4.217298 -16.612309
vn -0.016769 -0.001874 -0.999858
v 15.148234 4.217298 -16.612309
vn -0.016769 -0.001874 -0.999858
v 13.688245 6.250547 -16.591633
vn -0.016769 -0.001874 -0.999858
v 13.767183 6.145427 -16.592760
vn -0.000911 0.009486 -0.999955
v 15.148234 4.217298 -16.612309
vn -0.000911 0.009486 -0.999955
v 13.767183 6.145427 -16.592760
vn -0.000911 0.009486 -0.999955
v 14.258892 5.487140 -16.599453
vn 0.011132 -0.019785 -0.999742
v 12.018707 -10.017217 -16.735167
vn 0.011132 -0.019785 -0.999742
v 21.915396 -5.637928 -16.711618
vn 0.011132 -0.019785 -0.999742
v 12.027969 -10.014452 -16.735117
vn -0.001489 0.008740 -0.999961
v 11.870963 -10.061333 -16.735327
vn -0.001489 0.008740 -0.999961
v 11.315149 -10.226336 -16.735941
vn -0.001489 0.008740 -0.999961
v 21.915396 -5.637928 -16.711618
vn -0.001704 0.009236 -0.999956
v 21.915396 -5.637928 -16.711618
vn -0.001704 0.009236 -0.999956
v 11.315149 -10.226336 -16.735941
vn -0.001704 0.009236 -0.999956
v 10.947927 -10.342263 -16.736387
vn -0.000034 0.005344 -0.999986
v 21.915396 -5.637928 -16.711618
vn -0.000034 0.005344 -0.999986
v 10.947927 -10.342263 -16.736387
vn -0.000034 0.005344 -0.999986
v 10.902357 -10.357541 -16.736467
vn -0.001606 0.009006 -0.999958
v -8.328691 12.318844 -16.501886
vn -0.001606 0.009006 -0.999958
v 4.920147 14.036140 -16.507692
vn -0.001606 0.009006 -0.999958
v -10.936828 10.048123 -16.518150
vn -0.001607 0.009013 -0.999958
v -10.936828 10.048123 -16.518150
vn -0.001607 0.009013 -0.999958
v 4.920147 14.036140 -16.507692
vn -0.001607 0.009013 -0.999958
v 8.021008 12.505364 -16.526476
vn -0.001601 0.008962 -0.999959
v -10.936828 10.048123 -16.518150
vn -0.001601 0.008962 -0.999959
v 8.021008 12.505364 -16.526476
vn -0.001601 0.008962 -0.999959
v 10.680113 10.294676 -16.550547
vn -0.001600 0.008967 -0.999959
v -8.328691 12.318844 -16.501886
vn -0.001600 0.008967 -0.999959
v -5.263427 13.919912 -16.492435
vn -0.001600 0.008967 -0.999959
v 4.920147 14.036140 -16.507692
vn -0.001600 0.008964 -0.999959
v 4.920147 14.036140 -16.507692
vn -0.001600 0.008964 -0.999959
v -5.263427 13.919912 -16.492435
vn -0.001600 0.008964 -0.999959
v -1.909825 14.763394 -16.490242
vn -0.001609 0.008886 -0.999959
v 4.920147 14.036140 -16.507692
vn -0.001609 0.008886 -0.999959
v -1.909825 14.763394 -16.490242
vn -0.001609 0.008886 -0.999959
v 1.548075 14.802766 -16.495455
vn -0.001623 0.008995 -0.999958
v 9.688646 -10.972441 -16.740032
vn -0.001623 0.008995 -0.999958
v 7.214559 -12.720229 -16.751738
vn -0.001623 0.008995 -0.999958
v 15.232779 4.085813 -16.613573
vn -0.001595 0.008982 -0.999958
v 15.232779 4.085813 -16.613573
vn -0.001595 0.008982 -0.999958
v 7.214559 -12.720229 -16.751738
vn -0.001595 0.008982 -0.999958
v 4.022258 -14.049897 -16.758591
vn -0.002434 0.009500 -0.999952
v 15.232779 4.085813 -16.613573
vn -0.002434 0.009500 -0.999952
v 4.022258 -14.049897 -16.758591
vn -0.002434 0.009500 -0.999952
v 15.222279 4.102337 -16.613390
vn -0.001601 0.008986 -0.999958
v 15.222279 4.102337 -16.613390
vn -0.001601 0.008986 -0.999958
v 4.022258 -14.049897 -16.758591
vn -0.001601 0.008986 -0.999958
v 0.608086 -14.599823 -16.758068
vn -0.001589 0.008977 -0.999958
v 15.222279 4.102337 -16.613390
vn -0.001589 0.008977 -0.999958
v 0.608086 -14.599823 -16.758068
vn -0.001589 0.008977 -0.999958
v -2.840155 -14.339719 -16.750252
vn -0.001600 0.008983 -0.999958
v 15.232779 4.085813 -16.613573
vn -0.001600 0.008983 -0.999958
v 22.036045 4.000762 -16.625225
vn -0.001600 0.008983 -0.999958
v 21.915396 -5.637928 -16.711618
vn -0.001539 0.008846 -0.999960
v 21.915396 -5.637928 -16.711618
vn -0.001539 0.008846 -0.999960
v 21.979263 -5.888751 -16.713936
vn -0.001539 0.008846 -0.999960
v 12.027969 -10.014452 -16.735117
vn -0.001667 0.009155 -0.999957
v 12.027969 -10.014452 -16.735117
vn -0.001667 0.009155 -0.999957
v 21.979263 -5.888751 -16.713936
vn -0.001667 0.009155 -0.999957
v 22.159897 -6.073951 -16.715933
vn -0.001597 0.008976 -0.999958
v 12.027969 -10.014452 -16.735117
vn -0.001597 0.008976 -0.999958
v 22.159897 -6.073951 -16.715933
vn -0.001597 0.008976 -0.999958
v 24.358870 -10.168572 -16.756199
vn -0.001431 0.009065 -0.999958
v 24.358870 -10.168572 -16.756199
vn -0.001431 0.009065 -0.999958
v 22.159897 -6.073951 -16.715933
vn -0.001431 0.009065 -0.999958
v 22.409031 -6.144136 -16.716925
vn -0.001640 0.008964 -0.999959
v 24.358870 -10.168572 -16.756199
vn -0.001640 0.008964 -0.999959
v 22.409031 -6.144136 -16.716925
vn -0.001640 0.008964 -0.999959
v 24.408888 -6.169040 -16.720428
vn -0.009435 0.027279 -0.999583
v 10.902357 -10.357541 -16.736467
vn -0.009435 0.027279 -0.999583
v 10.865390 -10.370054 -16.736460
vn -0.009435 0.027279 -0.999583
v 21.915396 -5.637928 -16.711618
vn -0.000737 0.006969 -0.999975
v 21.915396 -5.637928 -16.711618
vn -0.000737 0.006969 -0.999975
v 10.865390 -10.370054 -16.736460
vn -0.000737 0.006969 -0.999975
v 10.324595 -10.580621 -16.737528
vn -0.001596 0.008986 -0.999958
v 21.915396 -5.637928 -16.711618
vn -0.001596 0.008986 -0.999958
v 10.324595 -10.580621 -16.737528
vn -0.001596 0.008986 -0.999958
v 15.232779 4.085813 -16.613573
vn -0.005978 0.010451 -0.999928
v 15.232779 4.085813 -16.613573
vn -0.005978 0.010451 -0.999928
v 10.324595 -10.580621 -16.737528
vn -0.005978 0.010451 -0.999928
v 10.303578 -10.590146 -16.737501
vn -0.001768 0.009038 -0.999958
v 15.232779 4.085813 -16.613573
vn -0.001768 0.009038 -0.999958
v 10.303578 -10.590146 -16.737501
vn -0.001768 0.009038 -0.999958
v 10.125114 -10.678437 -16.737984
vn -0.012509 -0.963540 -0.267272
v 60.845070 -11.633798 -15.827675
vn -0.012509 -0.963540 -0.267272
v 45.346313 -11.439939 -15.801195
vn -0.012509 -0.963540 -0.267272
v 45.347160 -11.301582 -16.300018
vn -0.012495 -0.963438 -0.267638
v 60.845070 -11.633798 -15.827675
vn -0.012495 -0.963438 -0.267638
v 45.347160 -11.301582 -16.300018
vn -0.012495 -0.963438 -0.267638
v 60.845970 -11.495258 -16.326426
vn -0.009969 -0.700504 -0.713579
v 60.845970 -11.495258 -16.326426
vn -0.009969 -0.700504 -0.713579
v 45.347160 -11.301582 -16.300018
vn -0.009969 -0.700504 -0.713579
v 45.351196 -10.932242 -16.662647
vn -0.009990 -0.700869 -0.713220
v 60.845970 -11.495258 -16.326426
vn -0.009990 -0.700869 -0.713220
v 45.351196 -10.932242 -16.662647
vn -0.009990 -0.700869 -0.713220
v 60.849869 -11.126094 -16.689253
vn -0.004793 -0.250334 -0.968148
v 60.849869 -11.126094 -16.689253
vn -0.004793 -0.250334 -0.968148
v 45.351196 -10.932242 -16.662647
vn -0.004793 -0.250334 -0.968148
v 45.357178 -10.431185 -16.792236
vn -0.004778 -0.250015 -0.968230
v 60.849869 -11.126094 -16.689253
vn -0.004778 -0.250015 -0.968230
v 45.357178 -10.431185 -16.792236
vn -0.004778 -0.250015 -0.968230
v 60.855927 -10.624854 -16.818712
vn -0.002045 -0.026849 -0.999637
v 12.027969 -10.014452 -16.735117
vn -0.002045 -0.026849 -0.999637
v 24.358870 -10.168572 -16.756199
vn -0.002045 -0.026849 -0.999637
v 11.906995 -10.085129 -16.732971
vn -0.003482 -0.250058 -0.968225
v 11.906995 -10.085129 -16.732971
vn -0.003482 -0.250058 -0.968225
v 24.358870 -10.168572 -16.756199
vn -0.003482 -0.250058 -0.968225
v 24.352814 -10.669741 -16.626743
vn -0.000811 -0.195467 -0.980710
v 11.906995 -10.085129 -16.732971
vn -0.000811 -0.195467 -0.980710
v 24.352814 -10.669741 -16.626743
vn -0.000811 -0.195467 -0.980710
v 11.465348 -10.329613 -16.683878
vn -0.006333 -0.394311 -0.918955
v 11.465348 -10.329613 -16.683878
vn -0.006333 -0.394311 -0.918955
v 24.352814 -10.669741 -16.626743
vn -0.006333 -0.394311 -0.918955
v 11.165703 -10.484526 -16.615343
vn -0.008809 -0.576949 -0.816732
v 11.165703 -10.484526 -16.615343
vn -0.008809 -0.576949 -0.816732
v 24.352814 -10.669741 -16.626743
vn -0.008809 -0.576949 -0.816732
v 10.760236 -10.681437 -16.471869
vn -0.007526 -0.700646 -0.713469
v 10.760236 -10.681437 -16.471869
vn -0.007526 -0.700646 -0.713469
v 24.352814 -10.669741 -16.626743
vn -0.007526 -0.700646 -0.713469
v 24.348852 -11.039091 -16.263990
vn -0.008165 -0.715955 -0.698099
v 10.760236 -10.681437 -16.471869
vn -0.008165 -0.715955 -0.698099
v 24.348852 -11.039091 -16.263990
vn -0.008165 -0.715955 -0.698099
v 10.595892 -10.757542 -16.391895
vn -0.010971 -0.974517 -0.224046
v 10.126230 -10.964869 -15.993444
vn -0.010971 -0.974517 -0.224046
v 24.347937 -11.177442 -15.765220
vn -0.010971 -0.974517 -0.224046
v 10.087507 -10.981634 -15.918624
vn -0.012606 -0.995078 -0.098287
v 10.087507 -10.981634 -15.918624
vn -0.012606 -0.995078 -0.098287
v 24.347937 -11.177442 -15.765220
vn -0.012606 -0.995078 -0.098287
v 10.050138 -10.998735 -15.740696
vn -0.008406 -0.937085 -0.348999
v 10.126230 -10.964869 -15.993444
vn -0.008406 -0.937085 -0.348999
v 10.276271 -10.899903 -16.171495
vn -0.008406 -0.937085 -0.348999
v 24.347937 -11.177442 -15.765220
vn -0.004484 -0.891227 -0.453535
v 24.347937 -11.177442 -15.765220
vn -0.004484 -0.891227 -0.453535
v 10.276271 -10.899903 -16.171495
vn -0.004484 -0.891227 -0.453535
v 10.324140 -10.879051 -16.212944
vn -0.011968 -0.963541 -0.267293
v 24.347937 -11.177442 -15.765220
vn -0.011968 -0.963541 -0.267293
v 10.324140 -10.879051 -16.212944
vn -0.011968 -0.963541 -0.267293
v 24.348852 -11.039091 -16.263990
vn -0.011721 -0.869744 -0.493363
v 24.348852 -11.039091 -16.263990
vn -0.011721 -0.869744 -0.493363
v 10.324140 -10.879051 -16.212944
vn -0.011721 -0.869744 -0.493363
v 10.360802 -10.862950 -16.242199
vn -0.011106 -0.809291 -0.587302
v 24.348852 -11.039091 -16.263990
vn -0.011106 -0.809291 -0.587302
v 10.360802 -10.862950 -16.242199
vn -0.011106 -0.809291 -0.587302
v 10.595892 -10.757542 -16.391895
vn -0.001697 -0.267372 0.963592
v 60.910542 -10.931235 17.279768
vn -0.001697 -0.267372 0.963592
v 45.411667 -10.737442 17.306250
vn -0.001697 -0.267372 0.963592
v 45.405300 -11.236228 17.167839
vn -0.001694 -0.267486 0.963560
v 60.910542 -10.931235 17.279768
vn -0.001694 -0.267486 0.963560
v 45.405300 -11.236228 17.167839
vn -0.001694 -0.267486 0.963560
v 60.904049 -11.429958 17.141310
vn -0.007718 -0.713380 0.700735
v 60.904049 -11.429958 17.141310
vn -0.007718 -0.713380 0.700735
v 45.405300 -11.236228 17.167839
vn -0.007718 -0.713380 0.700735
v 45.400082 -11.598925 16.798538
vn -0.007718 -0.713383 0.700732
v 60.904049 -11.429958 17.141310
vn -0.007718 -0.713383 0.700732
v 45.400082 -11.598925 16.798538
vn -0.007718 -0.713383 0.700732
v 60.898895 -11.792596 16.772070
vn -0.011671 -0.968154 0.250081
v 60.898895 -11.792596 16.772070
vn -0.011671 -0.968154 0.250081
v 45.400082 -11.598925 16.798538
vn -0.011671 -0.968154 0.250081
v 45.397625 -11.728362 16.297327
vn -0.011671 -0.968155 0.250080
v 60.898895 -11.792596 16.772070
vn -0.011671 -0.968155 0.250080
v 45.397625 -11.728362 16.297327
vn -0.011671 -0.968155 0.250080
v 60.896362 -11.922032 16.270851
vn -0.009554 -0.839141 0.543830
v 5.772810 -11.038385 16.967018
vn -0.009554 -0.839141 0.543830
v 5.506830 -11.099313 16.868332
vn -0.009554 -0.839141 0.543830
v 24.401775 -11.336368 16.834513
vn -0.011698 -0.968118 0.250220
v 24.401775 -11.336368 16.834513
vn -0.011698 -0.968118 0.250220
v 5.506830 -11.099313 16.868332
vn -0.011698 -0.968118 0.250220
v 24.399305 -11.465869 16.333347
vn -0.003820 -0.882708 0.469906
v 5.506830 -11.099313 16.868332
vn -0.003820 -0.882708 0.469906
v 5.442775 -11.113407 16.841335
vn -0.003820 -0.882708 0.469906
v 24.399305 -11.465869 16.333347
vn -0.006874 -0.923274 0.384081
v 24.399305 -11.465869 16.333347
vn -0.006874 -0.923274 0.384081
v 5.442775 -11.113407 16.841335
vn -0.006874 -0.923274 0.384081
v 5.148335 -11.175256 16.687389
vn -0.010328 -0.971698 0.236002
v 24.399305 -11.465869 16.333347
vn -0.010328 -0.971698 0.236002
v 5.148335 -11.175256 16.687389
vn -0.010328 -0.971698 0.236002
v 4.971181 -11.209798 16.537416
vn -0.011585 -0.990147 0.139552
v 4.971181 -11.209798 16.537416
vn -0.011585 -0.990147 0.139552
v 4.939318 -11.215698 16.492910
vn -0.011585 -0.990147 0.139552
v 24.399305 -11.465869 16.333347
vn -0.012102 -0.996221 0.086009
v 24.399305 -11.465869 16.333347
vn -0.012102 -0.996221 0.086009
v 4.939318 -11.215698 16.492910
vn -0.012102 -0.996221 0.086009
v 4.910785 -11.220730 16.430613
vn -0.012459 -0.999655 0.023123
v 24.399305 -11.465869 16.333347
vn -0.012459 -0.999655 0.023123
v 4.910785 -11.220730 16.430613
vn -0.012459 -0.999655 0.023123
v 4.900786 -11.222083 16.366722
vn -0.001695 -0.267483 0.963561
v 24.406919 -10.973673 17.203817
vn -0.001695 -0.267483 0.963561
v 24.413424 -10.474950 17.342274
vn -0.001695 -0.267483 0.963561
v 7.957531 -10.269239 17.370424
vn 0.003634 -0.149023 0.988827
v 7.957531 -10.269239 17.370424
vn 0.003634 -0.149023 0.988827
v 7.312820 -10.519985 17.335005
vn 0.003634 -0.149023 0.988827
v 24.406919 -10.973673 17.203817
vn -0.003445 -0.395406 0.918500
v 24.406919 -10.973673 17.203817
vn -0.003445 -0.395406 0.918500
v 7.312820 -10.519985 17.335005
vn -0.003445 -0.395406 0.918500
v 6.677107 -10.760762 17.228968
vn -0.007573 -0.713390 0.700726
v 24.406919 -10.973673 17.203817
vn -0.007573 -0.713390 0.700726
v 6.677107 -10.760762 17.228968
vn -0.007573 -0.713390 0.700726
v 24.401775 -11.336368 16.834513
vn -0.003276 -0.631959 0.774995
v 24.401775 -11.336368 16.834513
vn -0.003276 -0.631959 0.774995
v 6.677107 -10.760762 17.228968
vn -0.003276 -0.631959 0.774995
v 6.066864 -10.961249 17.062904
vn -0.007716 -0.767464 0.641046
v 24.401775 -11.336368 16.834513
vn -0.007716 -0.767464 0.641046
v 6.066864 -10.961249 17.062904
vn -0.007716 -0.767464 0.641046
v 5.772810 -11.038385 16.967018
vn -0.012473 -0.999883 -0.008899
v 46.462616 -6.755603 17.920454
vn -0.012473 -0.999883 -0.008899
v 45.462650 -6.743143 17.922079
vn -0.012473 -0.999883 -0.008899
v 46.461658 -6.750429 17.340452
vn -0.012589 -0.999879 -0.009099
v 46.461658 -6.750429 17.340452
vn -0.012589 -0.999879 -0.009099
v 45.462650 -6.743143 17.922079
vn -0.012589 -0.999879 -0.009099
v 45.461758 -6.737855 17.342150
vn -0.012497 -0.999882 -0.008892
v 22.463646 -6.450450 17.381550
vn -0.012497 -0.999882 -0.008892
v 24.463503 -6.475413 17.378042
vn -0.012497 -0.999882 -0.008892
v 22.464605 -6.455619 17.961491
vn -0.012530 -0.999881 -0.009008
v 22.464605 -6.455619 17.961491
vn -0.012530 -0.999881 -0.009008
v 24.463503 -6.475413 17.378042
vn -0.012530 -0.999881 -0.009008
v 24.464405 -6.480650 17.958103
vn -0.012470 -0.999883 -0.008893
v 46.407234 -6.444116 -16.758034
vn -0.012470 -0.999883 -0.008893
v 45.407269 -6.431660 -16.756350
vn -0.012470 -0.999883 -0.008893
v 46.406277 -6.438946 -17.337978
vn -0.012590 -0.999879 -0.009099
v 46.406277 -6.438946 -17.337978
vn -0.012590 -0.999879 -0.009099
v 45.407269 -6.431660 -16.756350
vn -0.012590 -0.999879 -0.009099
v 45.406372 -6.426372 -17.336279
vn -0.012560 -0.999880 -0.009113
v 22.408201 -6.138839 -17.296989
vn -0.012560 -0.999880 -0.009113
v 24.407991 -6.163929 -17.300379
vn -0.012560 -0.999880 -0.009113
v 22.409031 -6.144136 -16.716925
vn -0.012467 -0.999884 -0.008791
v 22.409031 -6.144136 -16.716925
vn -0.012467 -0.999884 -0.008791
v 24.407991 -6.163929 -17.300379
vn -0.012467 -0.999884 -0.008791
v 24.408888 -6.169040 -16.720428
vn -0.012522 -0.999881 -0.008959
v 60.845070 -11.633798 -15.827675
vn -0.012522 -0.999881 -0.008959
v 60.896362 -11.922032 16.270851
vn -0.012522 -0.999881 -0.008959
v 45.346313 -11.439939 -15.801195
vn -0.012510 -0.999882 -0.008965
v 45.346313 -11.439939 -15.801195
vn -0.012510 -0.999882 -0.008965
v 60.896362 -11.922032 16.270851
vn -0.012510 -0.999882 -0.008965
v 45.397625 -11.728362 16.297327
vn -0.012513 -0.999882 -0.008957
v 10.050138 -10.998735 -15.740696
vn -0.012513 -0.999882 -0.008957
v 24.347937 -11.177442 -15.765220
vn -0.012513 -0.999882 -0.008957
v 10.057907 -11.041829 -10.941006
vn -0.012515 -0.999882 -0.008965
v 10.057907 -11.041829 -10.941006
vn -0.012515 -0.999882 -0.008965
v 24.347937 -11.177442 -15.765220
vn -0.012515 -0.999882 -0.008965
v 24.399305 -11.465869 16.333347
vn -0.012515 -0.999882 -0.008965
v 4.857126 -10.976812 -10.932093
vn -0.012517 -0.999881 -0.008964
v 4.857126 -10.976812 -10.932093
vn -0.012517 -0.999881 -0.008964
v 24.399305 -11.465869 16.333347
vn -0.012517 -0.999881 -0.008964
v 4.900786 -11.222083 16.366722
vn 0.011695 0.968706 -0.247936
v 4.708090 12.540546 -10.414393
vn 0.011695 0.968706 -0.247936
v 4.797312 12.764898 -9.533624
vn 0.011695 0.968706 -0.247936
v 8.314795 12.495411 -10.420618
vn 0.011687 0.968699 -0.247963
v 8.314795 12.495411 -10.420618
vn 0.011687 0.968699 -0.247963
v 4.797312 12.764898 -9.533624
vn 0.011687 0.968699 -0.247963
v 22.154930 12.547864 -9.563369
vn 0.029593 0.760807 -0.648303
v 10.803868 10.792422 -13.476696
vn 0.029593 0.760807 -0.648303
v 22.141306 11.761510 -11.821915
vn 0.029593 0.760807 -0.648303
v 11.101629 10.534837 -13.765389
vn 0.009298 0.820923 -0.570964
v 11.101629 10.534837 -13.765389
vn 0.009298 0.820923 -0.570964
v 22.141306 11.761510 -11.821915
vn 0.009298 0.820923 -0.570964
v 22.120888 10.396157 -13.785330
vn 0.007550 0.702281 -0.711860
v 11.101629 10.534837 -13.765389
vn 0.007550 0.702281 -0.711860
v 22.120888 10.396157 -13.785330
vn 0.007550 0.702281 -0.711860
v 11.750796 9.922082 -14.363014
vn 0.017023 0.807550 -0.589554
v 10.803868 10.792422 -13.476696
vn 0.017023 0.807550 -0.589554
v 9.941848 11.466137 -12.578755
vn 0.017023 0.807550 -0.589554
v 22.141306 11.761510 -11.821915
vn 0.009215 0.872262 -0.488952
v 22.141306 11.761510 -11.821915
vn 0.009215 0.872262 -0.488952
v 9.941848 11.466137 -12.578755
vn 0.009215 0.872262 -0.488952
v 9.124186 12.019560 -11.606891
vn 0.013287 0.944288 -0.328851
v 22.141306 11.761510 -11.821915
vn 0.013287 0.944288 -0.328851
v 9.124186 12.019560 -11.606891
vn 0.013287 0.944288 -0.328851
v 22.154930 12.547864 -9.563369
vn 0.025974 0.915174 -0.402220
v 22.154930 12.547864 -9.563369
vn 0.025974 0.915174 -0.402220
v 9.124186 12.019560 -11.606891
vn 0.025974 0.915174 -0.402220
v 8.857222 12.183946 -11.250102
vn 0.017583 0.939763 -0.341376
v 22.154930 12.547864 -9.563369
vn 0.017583 0.939763 -0.341376
v 8.857222 12.183946 -11.250102
vn 0.017583 0.939763 -0.341376
v 8.314795 12.495411 -10.420618
vn 0.026627 0.329598 -0.943746
v 13.817290 7.294677 -15.981397
vn 0.026627 0.329598 -0.943746
v 22.095137 8.552573 -15.308527
vn 0.026627 0.329598 -0.943746
v 14.352229 6.329002 -16.303560
vn 0.000900 0.405848 -0.913940
v 14.352229 6.329002 -16.303560
vn 0.000900 0.405848 -0.913940
v 22.095137 8.552573 -15.308527
vn 0.000900 0.405848 -0.913940
v 22.066172 6.367019 -16.279081
vn 0.001993 0.223241 -0.974761
v 14.352229 6.329002 -16.303560
vn 0.001993 0.223241 -0.974761
v 22.066172 6.367019 -16.279081
vn 0.001993 0.223241 -0.974761
v 14.681038 5.623264 -16.464516
vn 0.008684 0.426626 -0.904386
v 13.817290 7.294677 -15.981397
vn 0.008684 0.426626 -0.904386
v 13.206286 8.213933 -15.553623
vn 0.008684 0.426626 -0.904386
v 22.095137 8.552573 -15.308527
vn 0.004766 0.501198 -0.865319
v 22.095137 8.552573 -15.308527
vn 0.004766 0.501198 -0.865319
v 13.206286 8.213933 -15.553623
vn 0.004766 0.501198 -0.865319
v 12.861087 8.671000 -15.290789
vn 0.006687 0.636871 -0.770942
v 22.095137 8.552573 -15.308527
vn 0.006687 0.636871 -0.770942
v 12.861087 8.671000 -15.290789
vn 0.006687 0.636871 -0.770942
v 22.120888 10.396157 -13.785330
vn 0.029460 0.562762 -0.826094
v 22.120888 10.396157 -13.785330
vn 0.029460 0.562762 -0.826094
v 12.861087 8.671000 -15.290789
vn 0.029460 0.562762 -0.826094
v 12.530893 9.074736 -15.027526
vn 0.014864 0.625467 -0.780109
v 22.120888 10.396157 -13.785330
vn 0.014864 0.625467 -0.780109
v 12.530893 9.074736 -15.027526
vn 0.014864 0.625467 -0.780109
v 11.750796 9.922082 -14.363014
vn 0.000115 0.144742 -0.989469
v 22.036045 4.000762 -16.625225
vn 0.000115 0.144742 -0.989469
v 15.232779 4.085813 -16.613573
vn 0.000115 0.144742 -0.989469
v 22.066172 6.367019 -16.279081
vn 0.032242 0.049790 -0.998239
v 22.066172 6.367019 -16.279081
vn 0.032242 0.049790 -0.998239
v 15.232779 4.085813 -16.613573
vn 0.032242 0.049790 -0.998239
v 15.064368 4.623211 -16.592209
vn 0.011692 0.131057 -0.991306
v 22.066172 6.367019 -16.279081
vn 0.011692 0.131057 -0.991306
v 15.064368 4.623211 -16.592209
vn 0.011692 0.131057 -0.991306
v 14.681038 5.623264 -16.464516
vn 0.011978 0.985324 -0.170276
v 48.044495 12.224197 -9.607662
vn 0.011978 0.985324 -0.170276
v 47.152969 12.235304 -9.606112
vn 0.011978 0.985324 -0.170276
v 47.574429 12.690245 -6.943888
vn -0.223508 0.966034 -0.129700
v 47.574429 12.690245 -6.943888
vn -0.223508 0.966034 -0.129700
v 47.152969 12.235304 -9.606112
vn -0.223508 0.966034 -0.129700
v 47.174221 13.077438 -3.370312
vn 0.012611 0.986376 0.164022
v 4.829479 12.584048 10.595423
vn 0.012611 0.986376 0.164022
v 22.187162 12.367073 10.565676
vn 0.012611 0.986376 0.164022
v 22.189016 13.198152 5.567682
vn 0.012607 0.986378 0.164009
v 4.829479 12.584048 10.595423
vn 0.012607 0.986378 0.164009
v 22.189016 13.198152 5.567682
vn 0.012607 0.986378 0.164009
v 5.117397 13.411483 5.596970
vn 0.012577 0.998068 0.060844
v 5.117397 13.411483 5.596970
vn 0.012577 0.998068 0.060844
v 22.189016 13.198152 5.567682
vn 0.012577 0.998068 0.060844
v 22.184256 13.506503 0.510562
vn 0.012582 0.998067 0.060861
v 5.117397 13.411483 5.596970
vn 0.012582 0.998067 0.060861
v 22.184256 13.506503 0.510562
vn 0.012582 0.998067 0.060861
v 5.208353 13.718728 0.539626
vn 0.012416 0.999000 -0.042943
v 5.208353 13.718728 0.539626
vn 0.012416 0.999000 -0.042943
v 22.184256 13.506503 0.510562
vn 0.012416 0.999000 -0.042943
v 22.172768 13.289057 -4.551244
vn 0.012415 0.999000 -0.042945
v 5.208353 13.718728 0.539626
vn 0.012415 0.999000 -0.042945
v 22.172768 13.289057 -4.551244
vn 0.012415 0.999000 -0.042945
v 5.101264 13.502465 -4.522078
vn 0.012115 0.989163 -0.146321
v 5.101264 13.502465 -4.522078
vn 0.012115 0.989163 -0.146321
v 22.172768 13.289057 -4.551244
vn 0.012115 0.989163 -0.146321
v 22.154930 12.547864 -9.563369
vn 0.012117 0.989164 -0.146314
v 5.101264 13.502465 -4.522078
vn 0.012117 0.989164 -0.146314
v 22.154930 12.547864 -9.563369
vn 0.012117 0.989164 -0.146314
v 4.797312 12.764898 -9.533624
vn 0.001776 0.005248 0.999985
v 12.238242 3.817666 17.490118
vn 0.001776 0.005248 0.999985
v 22.090599 3.694567 17.473261
vn 0.001776 0.005248 0.999985
v 12.145619 4.066582 17.488977
vn 0.006316 0.126933 0.991891
v 12.145619 4.066582 17.488977
vn 0.006316 0.126933 0.991891
v 22.090599 3.694567 17.473261
vn 0.006316 0.126933 0.991891
v 22.119669 6.066513 17.169537
vn 0.015101 0.083836 0.996365
v 12.145619 4.066582 17.488977
vn 0.015101 0.083836 0.996365
v 22.119669 6.066513 17.169537
vn 0.015101 0.083836 0.996365
v 11.710823 5.119372 17.406982
vn 0.007403 0.165863 0.986121
v 11.710823 5.119372 17.406982
vn 0.007403 0.165863 0.986121
v 22.119669 6.066513 17.169537
vn 0.007403 0.165863 0.986121
v 11.492529 5.579755 17.331186
vn 0.007730 0.500212 0.865868
v 9.303588 8.434725 16.257370
vn 0.007730 0.500212 0.865868
v 9.516070 8.235056 16.370821
vn 0.007730 0.500212 0.865868
v 22.145601 8.269199 16.238344
vn 0.008231 0.439836 0.898040
v 22.145601 8.269199 16.238344
vn 0.008231 0.439836 0.898040
v 9.516070 8.235056 16.370821
vn 0.008231 0.439836 0.898040
v 10.366722 7.330115 16.806242
vn 0.013376 0.389219 0.921048
v 22.145601 8.269199 16.238344
vn 0.013376 0.389219 0.921048
v 10.366722 7.330115 16.806242
vn 0.013376 0.389219 0.921048
v 22.119669 6.066513 17.169537
vn 0.007801 0.342654 0.939429
v 22.119669 6.066513 17.169537
vn 0.007801 0.342654 0.939429
v 10.366722 7.330115 16.806242
vn 0.007801 0.342654 0.939429
v 10.973166 6.503983 17.102533
vn 0.003669 0.242099 0.970245
v 22.119669 6.066513 17.169537
vn 0.003669 0.242099 0.970245
v 10.973166 6.503983 17.102533
vn 0.003669 0.242099 0.970245
v 11.492529 5.579755 17.331186
vn 0.008298 0.547609 0.836693
v 9.303588 8.434725 16.257370
vn 0.008298 0.547609 0.836693
v 22.145601 8.269199 16.238344
vn 0.008298 0.547609 0.836693
v 8.554912 9.070079 15.848961
vn 0.014295 0.622873 0.782192
v 8.554912 9.070079 15.848961
vn 0.014295 0.622873 0.782192
v 22.145601 8.269199 16.238344
vn 0.014295 0.622873 0.782192
v 22.166439 10.139790 14.748382
vn 0.013055 0.631510 0.775258
v 8.554912 9.070079 15.848961
vn 0.013055 0.631510 0.775258
v 22.166439 10.139790 14.748382
vn 0.013055 0.631510 0.775258
v 7.414652 9.869963 15.216592
vn 0.037810 0.853617 0.519527
v 4.354721 11.288701 13.628685
vn 0.037810 0.853617 0.519527
v 4.408729 11.271210 13.653494
vn 0.037810 0.853617 0.519527
v 4.529405 11.760959 12.840021
vn 0.050431 0.852304 0.520609
v 4.529405 11.760959 12.840021
vn 0.050431 0.852304 0.520609
v 4.408729 11.271210 13.653494
vn 0.050431 0.852304 0.520609
v 4.936104 11.087107 13.903808
vn 0.110976 0.858191 0.501191
v 4.529405 11.760959 12.840021
vn 0.110976 0.858191 0.501191
v 4.936104 11.087107 13.903808
vn 0.110976 0.858191 0.501191
v 6.203025 10.543090 14.554802
vn 0.009383 0.709582 0.704560
v 7.414652 9.869963 15.216592
vn 0.009383 0.709582 0.704560
v 22.166439 10.139790 14.748382
vn 0.009383 0.709582 0.704560
v 6.203025 10.543090 14.554802
vn 0.013376 0.810510 0.585573
v 6.203025 10.543090 14.554802
vn 0.013376 0.810510 0.585573
v 22.166439 10.139790 14.748382
vn 0.013376 0.810510 0.585573
v 22.180613 11.540193 12.809716
vn 0.011242 0.820395 0.571687
v 6.203025 10.543090 14.554802
vn 0.011242 0.820395 0.571687
v 22.180613 11.540193 12.809716
vn 0.011242 0.820395 0.571687
v 4.529405 11.760959 12.840021
vn 0.012328 0.938243 0.345758
v 4.529405 11.760959 12.840021
vn 0.012328 0.938243 0.345758
v 22.180613 11.540193 12.809716
vn 0.012328 0.938243 0.345758
v 22.187162 12.367073 10.565676
vn 0.012321 0.938262 0.345706
v 4.529405 11.760959 12.840021
vn 0.012321 0.938262 0.345706
v 22.187162 12.367073 10.565676
vn 0.012321 0.938262 0.345706
v 4.829479 12.584048 10.595423
vn 0.976487 -0.010292 -0.215332
v 48.265697 11.802557 11.389871
vn 0.976487 -0.010292 -0.215332
v 48.209110 7.283021 11.349255
vn 0.976487 -0.010292 -0.215332
v 48.076721 12.043407 10.521388
vn 0.982087 -0.005444 -0.188349
v 48.076721 12.043407 10.521388
vn 0.982087 -0.005444 -0.188349
v 48.209110 7.283021 11.349255
vn 0.982087 -0.005444 -0.188349
v 47.532665 7.323102 7.820995
vn 0.983700 -0.010691 -0.179501
v 48.076721 12.043407 10.521388
vn 0.983700 -0.010691 -0.179501
v 47.532665 7.323102 7.820995
vn 0.983700 -0.010691 -0.179501
v 47.598114 12.557188 7.867912
vn 0.993165 -0.011377 -0.116161
v 47.598114 12.557188 7.867912
vn 0.993165 -0.011377 -0.116161
v 47.532665 7.323102 7.820995
vn 0.993165 -0.011377 -0.116161
v 47.115730 7.360275 4.252605
vn 0.993169 -0.011402 -0.116126
v 47.598114 12.557188 7.867912
vn 0.993169 -0.011402 -0.116126
v 47.115730 7.360275 4.252605
vn 0.993169 -0.011402 -0.116126
v 47.186493 13.008446 4.303240
vn 0.368139 -0.929760 -0.004453
v 4.551185 -11.282131 16.619219
vn 0.368139 -0.929760 -0.004453
v 4.580636 -11.270897 16.708231
vn 0.368139 -0.929760 -0.004453
v 4.144500 -11.447692 17.565973
vn 0.366612 -0.930331 -0.008943
v 4.330766 -11.099719 -11.432360
vn 0.366612 -0.930331 -0.008943
v 4.471071 -11.045543 -11.316638
vn 0.366612 -0.930331 -0.008943
v 4.515313 -11.294220 16.366623
vn 0.333302 -0.942775 -0.009172
v 4.144500 -11.447692 17.565973
vn 0.333302 -0.942775 -0.009172
v 3.652564 -11.336693 -11.719533
vn 0.333302 -0.942775 -0.009172
v 4.330766 -11.099719 -11.432360
vn 0.357673 -0.933805 -0.008908
v 4.330766 -11.099719 -11.432360
vn 0.357673 -0.933805 -0.008908
v 4.515313 -11.294220 16.366623
vn 0.357673 -0.933805 -0.008908
v 4.144500 -11.447692 17.565973
vn 0.361203 -0.932456 -0.007644
v 4.144500 -11.447692 17.565973
vn 0.361203 -0.932456 -0.007644
v 4.515313 -11.294220 16.366623
vn 0.361203 -0.932456 -0.007644
v 4.524629 -11.291659 16.494526
vn 0.364219 -0.931291 -0.006404
v 4.144500 -11.447692 17.565973
vn 0.364219 -0.931291 -0.006404
v 4.524629 -11.291659 16.494526
vn 0.364219 -0.931291 -0.006404
v 4.551185 -11.282131 16.619219
vn 0.373261 -0.927725 -0.001429
v 4.580636 -11.270897 16.708231
vn 0.373261 -0.927725 -0.001429
v 4.744891 -11.205273 17.008556
vn 0.373261 -0.927725 -0.001429
v 4.144500 -11.447692 17.565973
vn 0.383704 -0.923382 0.011708
v 4.144500 -11.447692 17.565973
vn 0.383704 -0.923382 0.011708
v 4.744891 -11.205273 17.008556
vn 0.383704 -0.923382 0.011708
v 5.017829 -11.087949 17.316692
vn 0.391209 -0.919251 0.043964
v 4.144500 -11.447692 17.565973
vn 0.391209 -0.919251 0.043964
v 5.017829 -11.087949 17.316692
vn 0.391209 -0.919251 0.043964
v 5.323515 -10.945809 17.568594
vn 0.289456 -0.957154 -0.008490
v 3.652564 -11.336693 -11.719533
vn 0.289456 -0.957154 -0.008490
v 4.144500 -11.447692 17.565973
vn 0.289456 -0.957154 -0.008490
v 3.277476 -11.449412 -11.799797
vn 0.252745 -0.967505 -0.007406
v 3.277476 -11.449412 -11.799797
vn 0.252745 -0.967505 -0.007406
v 4.144500 -11.447692 17.565973
vn 0.252745 -0.967505 -0.007406
v 1.976590 -12.014010 17.564257
vn 0.217776 -0.975956 -0.009117
v 3.277476 -11.449412 -11.799797
vn 0.217776 -0.975956 -0.009117
v 1.976590 -12.014010 17.564257
vn 0.217776 -0.975956 -0.009117
v 1.929409 -11.749122 -11.917562
vn 0.439516 0.897909 0.024187
v 6.298599 10.067064 17.755749
vn 0.439516 0.897909 0.024187
v 5.738437 10.409753 15.212902
vn 0.439516 0.897909 0.024187
v 4.285835 11.051962 17.767851
vn 0.423977 0.905573 0.013426
v 4.285835 11.051962 17.767851
vn 0.423977 0.905573 0.013426
v 5.738437 10.409753 15.212902
vn 0.423977 0.905573 0.013426
v 4.569413 10.967834 14.487106
vn 0.365918 0.930615 0.007765
v 4.285835 11.051962 17.767851
vn 0.365918 0.930615 0.007765
v 4.569413 10.967834 14.487106
vn 0.365918 0.930615 0.007765
v 4.280337 11.082900 14.319318
vn 0.732474 0.672703 0.104655
v 9.578349 7.110672 17.723969
vn 0.732474 0.672703 0.104655
v 8.794116 8.040188 17.238012
vn 0.732474 0.672703 0.104655
v 8.093047 8.725327 17.740799
vn 0.697072 0.716983 -0.005047
v 8.093047 8.725327 17.740799
vn 0.697072 0.716983 -0.005047
v 8.794116 8.040188 17.238012
vn 0.697072 0.716983 -0.005047
v 7.907921 8.897676 16.655972
vn 0.598775 0.800527 0.025000
v 8.093047 8.725327 17.740799
vn 0.598775 0.800527 0.025000
v 7.907921 8.897676 16.655972
vn 0.598775 0.800527 0.025000
v 6.298599 10.067064 17.755749
vn 0.601727 0.798063 0.031939
v 6.298599 10.067064 17.755749
vn 0.601727 0.798063 0.031939
v 7.907921 8.897676 16.655972
vn 0.601727 0.798063 0.031939
v 6.856124 9.718938 15.950736
vn 0.526417 0.850226 -0.001383
v 6.298599 10.067064 17.755749
vn 0.526417 0.850226 -0.001383
v 6.856124 9.718938 15.950736
vn 0.526417 0.850226 -0.001383
v 5.738437 10.409753 15.212902
vn 0.003013 0.363807 -0.931470
v 51.514748 7.484480 -15.749349
vn 0.003013 0.363807 -0.931470
v 53.083260 7.464821 -15.751952
vn 0.003013 0.363807 -0.931470
v 53.063786 5.979441 -16.332165
vn 0.006663 0.636862 -0.770949
v 47.093166 8.240019 -15.351331
vn 0.006663 0.636862 -0.770949
v 47.118797 10.083662 -13.828119
vn 0.006663 0.636862 -0.770949
v 49.711040 10.051215 -13.832520
vn -0.036136 0.466338 -0.883868
v 51.514748 7.484480 -15.749349
vn -0.036136 0.466338 -0.883868
v 47.064144 6.054465 -16.321878
vn -0.036136 0.466338 -0.883868
v 51.056583 8.190472 -15.358128
vn 0.003506 0.405814 -0.913949
v 51.056583 8.190472 -15.358128
vn 0.003506 0.405814 -0.913949
v 47.064144 6.054465 -16.321878
vn 0.003506 0.405814 -0.913949
v 47.093166 8.240019 -15.351331
vn 0.006251 0.608844 -0.793265
v 51.056583 8.190472 -15.358128
vn 0.006251 0.608844 -0.793265
v 47.093166 8.240019 -15.351331
vn 0.006251 0.608844 -0.793265
v 50.048237 9.602963 -14.281964
vn -0.054149 0.686400 -0.725206
v 50.048237 9.602963 -14.281964
vn -0.054149 0.686400 -0.725206
v 47.093166 8.240019 -15.351331
vn -0.054149 0.686400 -0.725206
v 49.711040 10.051215 -13.832520
vn 0.011192 0.944327 -0.328819
v 47.139217 11.449013 -11.864710
vn 0.011192 0.944327 -0.328819
v 47.152969 12.235304 -9.606112
vn 0.011192 0.944327 -0.328819
v 48.044495 12.224197 -9.607662
vn -0.132648 0.952552 -0.273951
v 48.044495 12.224197 -9.607662
vn -0.132648 0.952552 -0.273951
v 48.230732 11.998987 -10.480918
vn -0.132648 0.952552 -0.273951
v 47.139217 11.449013 -11.864710
vn 0.010981 0.926236 -0.376785
v 47.139217 11.449013 -11.864710
vn 0.010981 0.926236 -0.376785
v 48.230732 11.998987 -10.480918
vn 0.010981 0.926236 -0.376785
v 48.653572 11.430000 -11.867313
vn 0.009325 0.820922 -0.570964
v 47.139217 11.449013 -11.864710
vn 0.009325 0.820922 -0.570964
v 48.653572 11.430000 -11.867313
vn 0.009325 0.820922 -0.570964
v 47.118797 10.083662 -13.828119
vn -0.083778 0.850870 -0.518653
v 47.118797 10.083662 -13.828119
vn -0.083778 0.850870 -0.518653
v 48.653572 11.430000 -11.867313
vn -0.083778 0.850870 -0.518653
v 48.922699 11.079034 -12.486559
vn 0.008955 0.797261 -0.603569
v 47.118797 10.083662 -13.828119
vn 0.008955 0.797261 -0.603569
v 48.922699 11.079034 -12.486559
vn 0.008955 0.797261 -0.603569
v 49.711040 10.051215 -13.832520
vn 0.002952 0.363752 -0.931491
v 51.514748 7.484480 -15.749349
vn 0.002952 0.363752 -0.931491
v 53.063786 5.979441 -16.332165
vn 0.002952 0.363752 -0.931491
v 47.064144 6.054465 -16.321878
vn 0.000113 0.144721 -0.989472
v 47.064144 6.054465 -16.321878
vn 0.000113 0.144721 -0.989472
v 53.063786 5.979441 -16.332165
vn 0.000113 0.144721 -0.989472
v 53.033600 3.613239 -16.678251
vn 0.000123 0.144745 -0.989469
v 47.064144 6.054465 -16.321878
vn 0.000123 0.144745 -0.989469
v 53.033600 3.613239 -16.678251
vn 0.000123 0.144745 -0.989469
v 47.034016 3.688326 -16.668015
vn -0.222983 0.963564 0.147727
v 47.186493 13.008446 4.303240
vn -0.222983 0.963564 0.147727
v 47.185135 12.054577 10.522881
vn -0.222983 0.963564 0.147727
v 47.598114 12.557188 7.867912
vn 0.012618 0.982110 0.187886
v 47.598114 12.557188 7.867912
vn 0.012618 0.982110 0.187886
v 47.185135 12.054577 10.522881
vn 0.012618 0.982110 0.187886
v 48.076721 12.043407 10.521388
vn 0.012523 0.964254 0.264685
v 48.076721 12.043407 10.521388
vn 0.012523 0.964254 0.264685
v 47.185135 12.054577 10.522881
vn 0.012523 0.964254 0.264685
v 48.265697 11.802557 11.389871
vn -0.058338 0.936782 0.345016
v 48.265697 11.802557 11.389871
vn -0.058338 0.936782 0.345016
v 47.185135 12.054577 10.522881
vn -0.058338 0.936782 0.345016
v 47.178646 11.227695 12.766918
vn 0.012124 0.919311 0.393345
v 48.265697 11.802557 11.389871
vn 0.012124 0.919311 0.393345
v 47.178646 11.227695 12.766918
vn 0.012124 0.919311 0.393345
v 48.693016 11.208808 12.764385
vn 0.011607 0.862872 0.505289
v 48.693016 11.208808 12.764385
vn 0.011607 0.862872 0.505289
v 47.178646 11.227695 12.766918
vn 0.011607 0.862872 0.505289
v 48.964176 10.846756 13.376425
vn -0.026865 0.810431 0.585217
v 48.964176 10.846756 13.376425
vn -0.026865 0.810431 0.585217
v 47.178646 11.227695 12.766918
vn -0.026865 0.810431 0.585217
v 47.164474 9.827303 14.705585
vn 0.010888 0.786262 0.617798
v 48.964176 10.846756 13.376425
vn 0.010888 0.786262 0.617798
v 47.164474 9.827303 14.705585
vn 0.010888 0.786262 0.617798
v 49.756714 9.794916 14.701118
vn 0.009957 0.698212 0.715822
v 49.756714 9.794916 14.701118
vn 0.009957 0.698212 0.715822
v 47.164474 9.827303 14.705585
vn 0.009957 0.698212 0.715822
v 50.095367 9.338633 15.141467
vn -0.012424 0.623069 0.782068
v 50.095367 9.338633 15.141467
vn -0.012424 0.623069 0.782068
v 47.164474 9.827303 14.705585
vn -0.012424 0.623069 0.782068
v 47.143631 7.956704 16.195549
vn 0.008810 0.594486 0.804058
v 50.095367 9.338633 15.141467
vn 0.008810 0.594486 0.804058
v 47.143631 7.956704 16.195549
vn 0.008810 0.594486 0.804058
v 51.107048 7.907158 16.188751
vn 0.007402 0.471140 0.882027
v 51.107048 7.907158 16.188751
vn 0.007402 0.471140 0.882027
v 47.143631 7.956704 16.195549
vn 0.007402 0.471140 0.882027
v 51.566391 7.194209 16.565723
vn -0.009944 0.389445 0.920996
v 51.566391 7.194209 16.565723
vn -0.009944 0.389445 0.920996
v 47.143631 7.956704 16.195549
vn -0.009944 0.389445 0.920996
v 47.117699 5.754024 17.126677
vn 0.005935 0.346964 0.937860
v 51.566391 7.194209 16.565723
vn 0.005935 0.346964 0.937860
v 47.117699 5.754024 17.126677
vn 0.005935 0.346964 0.937860
v 53.135033 7.174613 16.563047
vn 0.005936 0.346958 0.937862
v 53.135033 7.174613 16.563047
vn 0.005936 0.346958 0.937862
v 47.117699 5.754024 17.126677
vn 0.005936 0.346958 0.937862
v 53.117287 5.678994 17.116457
vn 0.003277 0.126987 0.991899
v 53.117287 5.678994 17.116457
vn 0.003277 0.126987 0.991899
v 47.117699 5.754024 17.126677
vn 0.003277 0.126987 0.991899
v 47.088631 3.381953 17.430454
vn 0.003282 0.126975 0.991900
v 53.117287 5.678994 17.116457
vn 0.003282 0.126975 0.991900
v 47.088631 3.381953 17.430454
vn 0.003282 0.126975 0.991900
v 53.088085 3.307047 17.420191
vn 0.999920 -0.012505 -0.001710
v 53.088085 3.307047 17.420191
vn 0.999920 -0.012505 -0.001710
v 53.036251 -0.832431 17.383102
vn 0.999920 -0.012505 -0.001710
v 52.981773 -0.526071 -16.715378
vn 0.999920 -0.012505 -0.001710
v 53.033600 3.613239 -16.678251
vn 0.999920 -0.012504 -0.001710
v 53.088085 3.307047 17.420191
vn 0.999920 -0.012504 -0.001710
v 53.033600 3.613239 -16.678251
vn 0.999920 -0.012504 -0.001710
v 53.063786 5.979441 -16.332165
vn 0.999920 -0.012530 -0.001712
v 53.088085 3.307047 17.420191
vn 0.999920 -0.012530 -0.001712
v 53.063786 5.979441 -16.332165
vn 0.999920 -0.012530 -0.001712
v 53.117287 5.678994 17.116457
vn 0.999921 -0.012442 -0.001711
v 53.117287 5.678994 17.116457
vn 0.999921 -0.012442 -0.001711
v 53.063786 5.979441 -16.332165
vn 0.999921 -0.012442 -0.001711
v 53.083260 7.464821 -15.751952
vn 0.999920 -0.012500 -0.001714
v 53.117287 5.678994 17.116457
vn 0.999920 -0.012500 -0.001714
v 53.083260 7.464821 -15.751952
vn 0.999920 -0.012500 -0.001714
v 53.135033 7.174613 16.563047
vn 0.999920 -0.012516 -0.001710
v 60.896362 -11.922032 16.270851
vn 0.999920 -0.012516 -0.001710
v 60.845070 -11.633798 -15.827675
vn 0.999920 -0.012516 -0.001710
v 60.869232 -9.569252 -16.809195
vn 0.999926 -0.012075 -0.001547
v 60.845970 -11.495258 -16.326426
vn 0.999926 -0.012075 -0.001547
v 60.849869 -11.126094 -16.689253
vn 0.999926 -0.012075 -0.001547
v 60.845070 -11.633798 -15.827675
vn 0.999919 -0.012557 -0.001831
v 60.845070 -11.633798 -15.827675
vn 0.999919 -0.012557 -0.001831
v 60.849869 -11.126094 -16.689253
vn 0.999919 -0.012557 -0.001831
v 60.855927 -10.624854 -16.818712
vn 0.999919 -0.012588 -0.001863
v 60.845070 -11.633798 -15.827675
vn 0.999919 -0.012588 -0.001863
v 60.855927 -10.624854 -16.818712
vn 0.999919 -0.012588 -0.001863
v 60.869232 -9.569252 -16.809195
vn 0.999920 -0.012573 -0.001603
v 60.904049 -11.429958 17.141310
vn 0.999920 -0.012573 -0.001603
v 60.898895 -11.792596 16.772070
vn 0.999920 -0.012573 -0.001603
v 60.910542 -10.931235 17.279768
vn 0.999921 -0.012432 -0.001843
v 60.910542 -10.931235 17.279768
vn 0.999921 -0.012432 -0.001843
v 60.898895 -11.792596 16.772070
vn 0.999921 -0.012432 -0.001843
v 60.896362 -11.922032 16.270851
vn 0.999921 -0.012472 -0.001804
v 60.910542 -10.931235 17.279768
vn 0.999921 -0.012472 -0.001804
v 60.896362 -11.922032 16.270851
vn 0.999921 -0.012472 -0.001804
v 60.923725 -9.875628 17.289219
vn 0.999920 -0.012519 -0.001710
v 60.923725 -9.875628 17.289219
vn 0.999920 -0.012519 -0.001710
v 60.896362 -11.922032 16.270851
vn 0.999920 -0.012519 -0.001710
v 60.869232 -9.569252 -16.809195
vn 0.991114 0.133014 -0.000388
v 52.981773 -0.526071 -16.715378
vn 0.991114 0.133014 -0.000388
v 53.036251 -0.832431 17.383102
vn 0.991114 0.133014 -0.000388
v 53.329941 -3.120423 -16.739265
vn 0.991107 0.133070 -0.000392
v 53.329941 -3.120423 -16.739265
vn 0.991107 0.133070 -0.000392
v 53.036251 -0.832431 17.383102
vn 0.991107 0.133070 -0.000392
v 53.384552 -3.426677 17.359221
vn 0.910907 0.412606 0.002247
v 53.329941 -3.120423 -16.739265
vn 0.910907 0.412606 0.002247
v 53.384552 -3.426677 17.359221
vn 0.910907 0.412606 0.002247
v 54.410042 -5.504825 -16.762373
vn 0.910903 0.412614 0.002246
v 54.410042 -5.504825 -16.762373
vn 0.910903 0.412614 0.002246
v 53.384552 -3.426677 17.359221
vn 0.910903 0.412614 0.002246
v 54.464653 -5.811020 17.336111
vn 0.753627 0.657285 0.004695
v 54.410042 -5.504825 -16.762373
vn 0.753627 0.657285 0.004695
v 54.464653 -5.811020 17.336111
vn 0.753627 0.657285 0.004695
v 56.130642 -7.477476 -16.782888
vn 0.753647 0.657263 0.004697
v 56.130642 -7.477476 -16.782888
vn 0.753647 0.657263 0.004697
v 54.464653 -5.811020 17.336111
vn 0.753647 0.657263 0.004697
v 56.185253 -7.783790 17.315596
vn 0.532617 0.846329 0.006750
v 56.130642 -7.477476 -16.782888
vn 0.532617 0.846329 0.006750
v 56.185253 -7.783790 17.315596
vn 0.532617 0.846329 0.006750
v 58.346207 -8.871663 -16.798889
vn 0.532639 0.846316 0.006751
v 58.346207 -8.871663 -16.798889
vn 0.532639 0.846316 0.006751
v 56.185253 -7.783790 17.315596
vn 0.532639 0.846316 0.006751
v 58.400684 -9.177968 17.299475
vn 0.266513 0.963796 0.008232
v 58.346207 -8.871663 -16.798889
vn 0.266513 0.963796 0.008232
v 58.400684 -9.177968 17.299475
vn 0.266513 0.963796 0.008232
v 60.869232 -9.569252 -16.809195
vn 0.266536 0.963790 0.008234
v 60.869232 -9.569252 -16.809195
vn 0.266536 0.963790 0.008234
v 58.400684 -9.177968 17.299475
vn 0.266536 0.963790 0.008234
v 60.923725 -9.875628 17.289219
vn 0.954708 -0.014634 0.297184
v 48.230732 11.998987 -10.480918
vn 0.954708 -0.014634 0.297184
v 48.174080 7.479449 -10.521471
vn 0.954708 -0.014634 0.297184
v 48.653572 11.430000 -11.867313
vn 0.943162 -0.001259 0.332331
v 48.653572 11.430000 -11.867313
vn 0.943162 -0.001259 0.332331
v 48.174080 7.479449 -10.521471
vn 0.943162 -0.001259 0.332331
v 48.877861 7.488462 -12.518784
vn 0.913879 -0.015053 0.405707
v 48.653572 11.430000 -11.867313
vn 0.913879 -0.015053 0.405707
v 48.877861 7.488462 -12.518784
vn 0.913879 -0.015053 0.405707
v 48.922699 11.079034 -12.486559
vn 0.695408 0.054216 0.716568
v 51.514748 7.484480 -15.749349
vn 0.695408 0.054216 0.716568
v 51.056583 8.190472 -15.358128
vn 0.695408 0.054216 0.716568
v 50.021873 7.490203 -14.300989
vn 0.719589 -0.015231 0.694233
v 50.021873 7.490203 -14.300989
vn 0.719589 -0.015231 0.694233
v 51.056583 8.190472 -15.358128
vn 0.719589 -0.015231 0.694233
v 50.048237 9.602963 -14.281964
vn 0.841449 -0.015364 0.540117
v 50.021873 7.490203 -14.300989
vn 0.841449 -0.015364 0.540117
v 50.048237 9.602963 -14.281964
vn 0.841449 -0.015364 0.540117
v 48.877861 7.488462 -12.518784
vn 0.814582 0.032064 0.579161
v 48.877861 7.488462 -12.518784
vn 0.814582 0.032064 0.579161
v 50.048237 9.602963 -14.281964
vn 0.814582 0.032064 0.579161
v 49.711040 10.051215 -13.832520
vn 0.857637 -0.015323 0.514027
v 48.877861 7.488462 -12.518784
vn 0.857637 -0.015323 0.514027
v 49.711040 10.051215 -13.832520
vn 0.857637 -0.015323 0.514027
v 48.922699 11.079034 -12.486559
vn 0.993533 -0.013446 0.112745
v 47.103527 7.429147 -3.420960
vn 0.993533 -0.013446 0.112745
v 47.508987 7.456155 -6.990741
vn 0.993533 -0.013446 0.112745
v 47.174221 13.077438 -3.370312
vn 0.993536 -0.013431 0.112721
v 47.174221 13.077438 -3.370312
vn 0.993536 -0.013431 0.112721
v 47.508987 7.456155 -6.990741
vn 0.993536 -0.013431 0.112721
v 47.574429 12.690245 -6.943888
vn 0.984271 -0.013882 0.176120
v 47.574429 12.690245 -6.943888
vn 0.984271 -0.013882 0.176120
v 47.508987 7.456155 -6.990741
vn 0.984271 -0.013882 0.176120
v 48.044495 12.224197 -9.607662
vn 0.982689 -0.008802 0.185053
v 48.044495 12.224197 -9.607662
vn 0.982689 -0.008802 0.185053
v 47.508987 7.456155 -6.990741
vn 0.982689 -0.008802 0.185053
v 48.174080 7.479449 -10.521471
vn 0.977157 -0.014152 0.212047
v 48.044495 12.224197 -9.607662
vn 0.977157 -0.014152 0.212047
v 48.174080 7.479449 -10.521471
vn 0.977157 -0.014152 0.212047
v 48.230732 11.998987 -10.480918
vn 0.693088 0.067048 -0.717728
v 51.566391 7.194209 16.565723
vn 0.693088 0.067048 -0.717728
v 50.068821 7.225866 15.122524
vn 0.693088 0.067048 -0.717728
v 51.107048 7.907158 16.188751
vn 0.717332 -0.002767 -0.696726
v 51.107048 7.907158 16.188751
vn 0.717332 -0.002767 -0.696726
v 50.068821 7.225866 15.122524
vn 0.717332 -0.002767 -0.696726
v 50.095367 9.338633 15.141467
vn 0.790452 -0.004440 -0.612508
v 50.095367 9.338633 15.141467
vn 0.790452 -0.004440 -0.612508
v 50.068821 7.225866 15.122524
vn 0.790452 -0.004440 -0.612508
v 49.756714 9.794916 14.701118
vn 0.839807 0.013001 -0.542730
v 49.756714 9.794916 14.701118
vn 0.839807 0.013001 -0.542730
v 50.068821 7.225866 15.122524
vn 0.839807 0.013001 -0.542730
v 48.919147 7.256241 13.344275
vn 0.855984 -0.006106 -0.516966
v 49.756714 9.794916 14.701118
vn 0.855984 -0.006106 -0.516966
v 48.919147 7.256241 13.344275
vn 0.855984 -0.006106 -0.516966
v 48.964176 10.846756 13.376425
vn 0.912546 -0.007783 -0.408901
v 48.964176 10.846756 13.376425
vn 0.912546 -0.007783 -0.408901
v 48.919147 7.256241 13.344275
vn 0.912546 -0.007783 -0.408901
v 48.693016 11.208808 12.764385
vn 0.942120 0.004716 -0.335243
v 48.693016 11.208808 12.764385
vn 0.942120 0.004716 -0.335243
v 48.919147 7.256241 13.344275
vn 0.942120 0.004716 -0.335243
v 48.209110 7.283021 11.349255
vn 0.953738 -0.009242 -0.300496
v 48.693016 11.208808 12.764385
vn 0.953738 -0.009242 -0.300496
v 48.209110 7.283021 11.349255
vn 0.953738 -0.009242 -0.300496
v 48.265697 11.802557 11.389871
vn 0.012524 0.999881 0.008957
v 53.135033 7.174613 16.563047
vn 0.012524 0.999881 0.008957
v 47.532665 7.323102 7.820995
vn 0.012524 0.999881 0.008957
v 48.209110 7.283021 11.349255
vn 0.012547 0.999881 0.008982
v 51.514748 7.484480 -15.749349
vn 0.012547 0.999881 0.008982
v 50.021873 7.490203 -14.300989
vn 0.012547 0.999881 0.008982
v 53.083260 7.464821 -15.751952
vn 0.012580 0.999880 0.009051
v 53.083260 7.464821 -15.751952
vn 0.012580 0.999880 0.009051
v 50.021873 7.490203 -14.300989
vn 0.012580 0.999880 0.009051
v 48.877861 7.488462 -12.518784
vn 0.012468 0.999883 0.008905
v 53.083260 7.464821 -15.751952
vn 0.012468 0.999883 0.008905
v 48.877861 7.488462 -12.518784
vn 0.012468 0.999883 0.008905
v 48.174080 7.479449 -10.521471
vn 0.012521 0.999882 0.008955
v 48.174080 7.479449 -10.521471
vn 0.012521 0.999882 0.008955
v 47.508987 7.456155 -6.990741
vn 0.012521 0.999882 0.008955
v 53.083260 7.464821 -15.751952
vn 0.012582 0.999880 0.008994
v 53.083260 7.464821 -15.751952
vn 0.012582 0.999880 0.008994
v 47.508987 7.456155 -6.990741
vn 0.012582 0.999880 0.008994
v 47.103527 7.429147 -3.420960
vn 0.012511 0.999882 0.008960
v 53.083260 7.464821 -15.751952
vn 0.012511 0.999882 0.008960
v 47.103527 7.429147 -3.420960
vn 0.012511 0.999882 0.008960
v 53.135033 7.174613 16.563047
vn 0.012528 0.999881 0.008954
v 53.135033 7.174613 16.563047
vn 0.012528 0.999881 0.008954
v 47.103527 7.429147 -3.420960
vn 0.012528 0.999881 0.008954
v 47.115730 7.360275 4.252605
vn 0.012533 0.999881 0.008952
v 53.135033 7.174613 16.563047
vn 0.012533 0.999881 0.008952
v 47.115730 7.360275 4.252605
vn 0.012533 0.999881 0.008952
v 47.532665 7.323102 7.820995
vn 0.012513 0.999882 0.008968
v 48.209110 7.283021 11.349255
vn 0.012513 0.999882 0.008968
v 48.919147 7.256241 13.344275
vn 0.012513 0.999882 0.008968
v 53.135033 7.174613 16.563047
vn 0.012480 0.999882 0.009011
v 53.135033 7.174613 16.563047
vn 0.012480 0.999882 0.009011
v 48.919147 7.256241 13.344275
vn 0.012480 0.999882 0.009011
v 50.068821 7.225866 15.122524
vn 0.012506 0.999882 0.008956
v 53.135033 7.174613 16.563047
vn 0.012506 0.999882 0.008956
v 50.068821 7.225866 15.122524
vn 0.012506 0.999882 0.008956
v 51.566391 7.194209 16.565723
vn 0.001615 -0.008973 0.999958
v 1.211977 -7.335343 18.607632
vn 0.001615 -0.008973 0.999958
v 1.816888 -11.036108 18.573444
vn 0.001615 -0.008973 0.999958
v 3.804081 -10.516980 18.574894
vn 0.001599 -0.008978 0.999958
v 1.211977 -7.335343 18.607632
vn 0.001599 -0.008978 0.999958
v 9.893092 4.714576 18.701939
vn 0.001599 -0.008978 0.999958
v 8.811148 6.460533 18.719345
vn 0.001572 -0.008979 0.999958
v 1.211977 -7.335343 18.607632
vn 0.001572 -0.008979 0.999958
v 2.607100 6.600238 18.730564
vn 0.001572 -0.008979 0.999958
v 1.545768 6.911454 18.735027
vn 0.001627 -0.008985 0.999958
v 3.933696 10.107686 18.759922
vn 0.001627 -0.008985 0.999958
v 2.607100 6.600238 18.730564
vn 0.001627 -0.008985 0.999958
v 5.778719 9.204934 18.748806
vn 0.001626 -0.008984 0.999958
v 5.778719 9.204934 18.748806
vn 0.001626 -0.008984 0.999958
v 2.607100 6.600238 18.730564
vn 0.001626 -0.008984 0.999958
v 1.211977 -7.335343 18.607632
vn 0.001561 -0.008966 0.999959
v 5.778719 9.204934 18.748806
vn 0.001561 -0.008966 0.999959
v 1.211977 -7.335343 18.607632
vn 0.001561 -0.008966 0.999959
v 7.423661 7.974938 18.735210
vn 0.001622 -0.008991 0.999958
v 7.423661 7.974938 18.735210
vn 0.001622 -0.008991 0.999958
v 1.211977 -7.335343 18.607632
vn 0.001622 -0.008991 0.999958
v 8.811148 6.460533 18.719345
vn 0.001619 -0.008965 0.999959
v -6.620337 2.677113 18.710072
vn 0.001619 -0.008965 0.999959
v -6.977561 1.630278 18.701265
vn 0.001619 -0.008965 0.999959
v 1.211977 -7.335343 18.607632
vn 0.001592 -0.008992 0.999958
v 3.804081 -10.516980 18.574894
vn 0.001592 -0.008992 0.999958
v 5.660299 -9.637420 18.579847
vn 0.001592 -0.008992 0.999958
v 1.211977 -7.335343 18.607632
vn 0.001617 -0.008943 0.999959
v 1.211977 -7.335343 18.607632
vn 0.001617 -0.008943 0.999959
v 5.660299 -9.637420 18.579847
vn 0.001617 -0.008943 0.999959
v 7.320603 -8.428083 18.587978
vn 0.001610 -0.008985 0.999958
v 1.211977 -7.335343 18.607632
vn 0.001610 -0.008985 0.999958
v 7.320603 -8.428083 18.587978
vn 0.001610 -0.008985 0.999958
v 8.727061 -6.931314 18.599163
vn 0.001604 -0.008979 0.999958
v 1.545768 6.911454 18.735027
vn 0.001604 -0.008979 0.999958
v 0.449349 7.057588 18.738098
vn 0.001604 -0.008979 0.999958
v 1.211977 -7.335343 18.607632
vn 0.001630 -0.008978 0.999958
v 1.211977 -7.335343 18.607632
vn 0.001630 -0.008978 0.999958
v 0.449349 7.057588 18.738098
vn 0.001630 -0.008978 0.999958
v -0.656538 7.035191 18.739700
vn 0.001596 -0.008982 0.999958
v 1.211977 -7.335343 18.607632
vn 0.001596 -0.008982 0.999958
v -0.656538 7.035191 18.739700
vn 0.001596 -0.008982 0.999958
v -1.746114 6.844874 18.739731
vn 0.001538 -0.009038 0.999958
v -6.977561 1.630278 18.701265
vn 0.001538 -0.009038 0.999958
v -7.171444 0.541330 18.691721
vn 0.001538 -0.009038 0.999958
v 1.211977 -7.335343 18.607632
vn 0.001630 -0.008941 0.999959
v 1.211977 -7.335343 18.607632
vn 0.001630 -0.008941 0.999959
v -7.171444 0.541330 18.691721
vn 0.001630 -0.008941 0.999959
v -7.197307 -0.564362 18.681877
vn 0.001597 -0.008981 0.999958
v 1.211977 -7.335343 18.607632
vn 0.001597 -0.008981 0.999958
v -7.197307 -0.564362 18.681877
vn 0.001597 -0.008981 0.999958
v -7.054723 -1.661201 18.671797
vn 0.001638 -0.008921 0.999959
v -7.054723 -1.661201 18.671797
vn 0.001638 -0.008921 0.999959
v -6.746901 -2.723504 18.661816
vn 0.001638 -0.008921 0.999959
v 1.211977 -7.335343 18.607632
vn 0.001594 -0.008997 0.999958
v 1.211977 -7.335343 18.607632
vn 0.001594 -0.008997 0.999958
v -6.746901 -2.723504 18.661816
vn 0.001594 -0.008997 0.999958
v -6.280997 -3.726762 18.652046
vn 0.001594 -0.008998 0.999958
v 1.211977 -7.335343 18.607632
vn 0.001594 -0.008998 0.999958
v -6.280997 -3.726762 18.652046
vn 0.001594 -0.008998 0.999958
v -5.667922 -4.647332 18.642784
vn 0.001612 -0.009025 0.999958
v 8.727061 -6.931314 18.599163
vn 0.001612 -0.009025 0.999958
v 9.830804 -5.199099 18.613018
vn 0.001612 -0.009025 0.999958
v 1.211977 -7.335343 18.607632
vn 0.001604 -0.008992 0.999958
v 1.211977 -7.335343 18.607632
vn 0.001604 -0.008992 0.999958
v 9.830804 -5.199099 18.613018
vn 0.001604 -0.008992 0.999958
v 10.593219 -3.291876 18.628946
vn 0.001599 -0.008980 0.999958
v 1.211977 -7.335343 18.607632
vn 0.001599 -0.008980 0.999958
v 10.593219 -3.291876 18.628946
vn 0.001599 -0.008980 0.999958
v 10.987755 -1.276264 18.646416
vn 0.001592 -0.008970 0.999959
v 10.987755 -1.276264 18.646416
vn 0.001592 -0.008970 0.999959
v 11.000644 0.777588 18.664818
vn 0.001592 -0.008970 0.999959
v 1.211977 -7.335343 18.607632
vn 0.001618 -0.009001 0.999958
v 1.211977 -7.335343 18.607632
vn 0.001618 -0.009001 0.999958
v 11.000644 0.777588 18.664818
vn 0.001618 -0.009001 0.999958
v 10.631433 2.798008 18.683601
vn 0.001575 -0.008961 0.999959
v 1.211977 -7.335343 18.607632
vn 0.001575 -0.008961 0.999959
v 10.631433 2.798008 18.683601
vn 0.001575 -0.008961 0.999959
v 9.893092 4.714576 18.701939
vn 0.001582 -0.008985 0.999958
v -1.746114 6.844874 18.739731
vn 0.001582 -0.008985 0.999958
v -2.794045 6.491014 18.738209
vn 0.001582 -0.008985 0.999958
v 1.211977 -7.335343 18.607632
vn 0.001577 -0.008987 0.999958
v 1.211977 -7.335343 18.607632
vn 0.001577 -0.008987 0.999958
v -2.794045 6.491014 18.738209
vn 0.001577 -0.008987 0.999958
v -3.776021 5.981863 18.735182
vn 0.001636 -0.008965 0.999959
v 1.211977 -7.335343 18.607632
vn 0.001636 -0.008965 0.999959
v -3.776021 5.981863 18.735182
vn 0.001636 -0.008965 0.999959
v -4.669104 5.329208 18.730791
vn 0.001534 -0.009012 0.999958
v -4.669104 5.329208 18.730791
vn 0.001534 -0.009012 0.999958
v -5.452457 4.548380 18.724957
vn 0.001534 -0.009012 0.999958
v 1.211977 -7.335343 18.607632
vn 0.001610 -0.008970 0.999959
v 1.211977 -7.335343 18.607632
vn 0.001610 -0.008970 0.999959
v -5.452457 4.548380 18.724957
vn 0.001610 -0.008970 0.999959
v -6.107966 3.657441 18.718019
vn 0.001628 -0.008958 0.999959
v 1.211977 -7.335343 18.607632
vn 0.001628 -0.008958 0.999959
v -6.107966 3.657441 18.718019
vn 0.001628 -0.008958 0.999959
v -6.620337 2.677113 18.710072
vn 0.001429 -0.009176 0.999957
v -4.921936 -5.464076 18.634224
vn 0.001429 -0.009176 0.999957
v -4.060518 -6.157696 18.626629
vn 0.001429 -0.009176 0.999957
v -5.667922 -4.647332 18.642784
vn 0.001596 -0.008999 0.999958
v -5.667922 -4.647332 18.642784
vn 0.001596 -0.008999 0.999958
v -4.060518 -6.157696 18.626629
vn 0.001596 -0.008999 0.999958
v -3.103431 -6.712224 18.620111
vn 0.001580 -0.009018 0.999958
v -5.667922 -4.647332 18.642784
vn 0.001580 -0.009018 0.999958
v -3.103431 -6.712224 18.620111
vn 0.001580 -0.009018 0.999958
v -2.073114 -7.114789 18.614853
vn 0.001600 -0.008989 0.999958
v -2.073114 -7.114789 18.614853
vn 0.001600 -0.008989 0.999958
v -0.993686 -7.355915 18.610958
vn 0.001600 -0.008989 0.999958
v -5.667922 -4.647332 18.642784
vn 0.001654 -0.008895 0.999959
v -5.667922 -4.647332 18.642784
vn 0.001654 -0.008895 0.999959
v -0.993686 -7.355915 18.610958
vn 0.001654 -0.008895 0.999959
v 0.110012 -7.430002 18.608473
vn 0.001547 -0.009117 0.999957
v -5.667922 -4.647332 18.642784
vn 0.001547 -0.009117 0.999957
v 0.110012 -7.430002 18.608473
vn 0.001547 -0.009117 0.999957
v 1.211977 -7.335343 18.607632
vn 0.766294 0.642398 -0.010877
v 11.010684 9.924693 -15.112771
vn 0.766294 0.642398 -0.010877
v 11.739750 9.042500 -15.851904
vn 0.766294 0.642398 -0.010877
v 10.680113 10.294676 -16.550547
vn 0.784853 0.612806 -0.092062
v 10.680113 10.294676 -16.550547
vn 0.784853 0.612806 -0.092062
v 11.739750 9.042500 -15.851904
vn 0.784853 0.612806 -0.092062
v 12.371118 8.145972 -16.437017
vn 0.775706 0.600160 -0.195159
v 10.680113 10.294676 -16.550547
vn 0.775706 0.600160 -0.195159
v 12.371118 8.145972 -16.437017
vn 0.775706 0.600160 -0.195159
v 12.529881 7.895906 -16.574982
vn 0.570450 0.821316 0.005129
v 8.304609 12.277924 -11.648454
vn 0.570450 0.821316 0.005129
v 8.554304 12.106976 -12.045460
vn 0.570450 0.821316 0.005129
v 8.021008 12.505364 -16.526476
vn 0.600880 0.799339 -0.000446
v 8.554304 12.106976 -12.045460
vn 0.600880 0.799339 -0.000446
v 9.319023 11.531517 -13.127222
vn 0.600880 0.799339 -0.000446
v 8.021008 12.505364 -16.526476
vn 0.639013 0.768829 -0.023748
v 8.021008 12.505364 -16.526476
vn 0.639013 0.768829 -0.023748
v 9.319023 11.531517 -13.127222
vn 0.639013 0.768829 -0.023748
v 10.125223 10.830576 -14.126498
vn 0.638984 0.768854 -0.023705
v 8.021008 12.505364 -16.526476
vn 0.638984 0.768854 -0.023705
v 10.125223 10.830576 -14.126498
vn 0.638984 0.768854 -0.023705
v 10.680113 10.294676 -16.550547
vn 0.706041 0.708153 0.005064
v 10.680113 10.294676 -16.550547
vn 0.706041 0.708153 0.005064
v 10.125223 10.830576 -14.126498
vn 0.706041 0.708153 0.005064
v 10.675560 10.286350 -14.751401
vn 0.735975 0.676990 0.004996
v 10.680113 10.294676 -16.550547
vn 0.735975 0.676990 0.004996
v 10.675560 10.286350 -14.751401
vn 0.735975 0.676990 0.004996
v 11.010684 9.924693 -15.112771
vn 0.553966 0.832513 0.006610
v 8.304609 12.277924 -11.648454
vn 0.553966 0.832513 0.006610
v 8.021008 12.505364 -16.526476
vn 0.553966 0.832513 0.006610
v 8.026434 12.459198 -11.166416
vn 0.534220 0.845318 0.006740
v 8.026434 12.459198 -11.166416
vn 0.534220 0.845318 0.006740
v 8.021008 12.505364 -16.526476
vn 0.534220 0.845318 0.006740
v 7.718684 12.654860 -11.313418
vn 0.535783 0.844353 0.002184
v 8.026434 12.459198 -11.166416
vn 0.535783 0.844353 0.002184
v 7.718684 12.654860 -11.313418
vn 0.535783 0.844353 0.002184
v 7.953548 12.505098 -11.031245
vn 0.531329 -0.847123 -0.008471
v 8.419689 -12.012396 -11.947102
vn 0.531329 -0.847123 -0.008471
v 7.222267 -12.763391 -11.951917
vn 0.531329 -0.847123 -0.008471
v 7.214559 -12.720229 -16.751738
vn 0.384487 -0.923087 -0.008918
v 7.214559 -12.720229 -16.751738
vn 0.384487 -0.923087 -0.008918
v 7.222267 -12.763391 -11.951917
vn 0.384487 -0.923087 -0.008918
v 4.029912 -14.093014 -11.958701
vn 0.384504 -0.923080 -0.008905
v 7.214559 -12.720229 -16.751738
vn 0.384504 -0.923080 -0.008905
v 4.029912 -14.093014 -11.958701
vn 0.384504 -0.923080 -0.008905
v 4.022258 -14.049897 -16.758591
vn 0.159027 -0.987232 -0.009122
v 4.022258 -14.049897 -16.758591
vn 0.159027 -0.987232 -0.009122
v 4.029912 -14.093014 -11.958701
vn 0.159027 -0.987232 -0.009122
v 0.615736 -14.642985 -11.958241
vn 0.159014 -0.987234 -0.009131
v 4.022258 -14.049897 -16.758591
vn 0.159014 -0.987234 -0.009131
v 0.615736 -14.642985 -11.958241
vn 0.159014 -0.987234 -0.009131
v 0.608086 -14.599823 -16.758068
vn -0.075251 -0.997125 -0.008847
v 0.608086 -14.599823 -16.758068
vn -0.075251 -0.997125 -0.008847
v 0.615736 -14.642985 -11.958241
vn -0.075251 -0.997125 -0.008847
v -2.832505 -14.382821 -11.950422
vn -0.075234 -0.997127 -0.008834
v 0.608086 -14.599823 -16.758068
vn -0.075234 -0.997127 -0.008834
v -2.832505 -14.382821 -11.950422
vn -0.075234 -0.997127 -0.008834
v -2.840155 -14.339719 -16.750252
vn -0.305338 -0.952210 -0.008064
v -2.840155 -14.339719 -16.750252
vn -0.305338 -0.952210 -0.008064
v -2.832505 -14.382821 -11.950422
vn -0.305338 -0.952210 -0.008064
v -6.125421 -13.327031 -11.935693
vn -0.305343 -0.952208 -0.008068
v -2.840155 -14.339719 -16.750252
vn -0.305343 -0.952208 -0.008068
v -6.125421 -13.327031 -11.935693
vn -0.305343 -0.952208 -0.008068
v -6.133185 -13.283875 -16.735453
vn -0.518664 -0.854951 -0.006848
v -6.133185 -13.283875 -16.735453
vn -0.518664 -0.854951 -0.006848
v -6.125421 -13.327031 -11.935693
vn -0.518664 -0.854951 -0.006848
v -9.082175 -11.533456 -11.914793
vn -0.518667 -0.854949 -0.006851
v -6.133185 -13.283875 -16.735453
vn -0.518667 -0.854949 -0.006851
v -9.082175 -11.533456 -11.914793
vn -0.518667 -0.854949 -0.006851
v -9.089825 -11.490355 -16.714624
vn -0.703473 -0.710703 -0.005261
v -9.089825 -11.490355 -16.714624
vn -0.703473 -0.710703 -0.005261
v -9.082175 -11.533456 -11.914793
vn -0.703473 -0.710703 -0.005261
v -11.539939 -9.100884 -11.888988
vn -0.703483 -0.710693 -0.005271
v -9.089825 -11.490355 -16.714624
vn -0.703483 -0.710693 -0.005271
v -11.539939 -9.100884 -11.888988
vn -0.703483 -0.710693 -0.005271
v -11.547529 -9.057775 -16.688881
vn -0.849636 -0.527358 -0.003393
v -11.547529 -9.057775 -16.688881
vn -0.849636 -0.527358 -0.003393
v -11.539939 -9.100884 -11.888988
vn -0.849636 -0.527358 -0.003393
v -13.363659 -6.162845 -11.859671
vn -0.849628 -0.527371 -0.003382
v -11.547529 -9.057775 -16.688881
vn -0.849628 -0.527371 -0.003382
v -13.363659 -6.162845 -11.859671
vn -0.849628 -0.527371 -0.003382
v -13.371311 -6.119737 -16.659561
vn -0.949064 -0.315081 -0.001317
v -13.371311 -6.119737 -16.659561
vn -0.949064 -0.315081 -0.001317
v -13.363659 -6.162845 -11.859671
vn -0.949064 -0.315081 -0.001317
v -14.453253 -2.880977 -11.828539
vn -0.949059 -0.315094 -0.001307
v -13.371311 -6.119737 -16.659561
vn -0.949059 -0.315094 -0.001307
v -14.453253 -2.880977 -11.828539
vn -0.949059 -0.315094 -0.001307
v -14.460955 -2.837877 -16.628305
vn -0.996342 -0.085451 0.000831
v -14.460955 -2.837877 -16.628305
vn -0.996342 -0.085451 0.000831
v -14.453253 -2.880977 -11.828539
vn -0.996342 -0.085451 0.000831
v -14.748712 0.564326 -11.797048
vn -0.996342 -0.085451 0.000832
v -14.460955 -2.837877 -16.628305
vn -0.996342 -0.085451 0.000832
v -14.748712 0.564326 -11.797048
vn -0.996342 -0.085451 0.000832
v -14.756417 0.607444 -16.596874
vn -0.988848 0.148899 0.002925
v -14.756417 0.607444 -16.596874
vn -0.988848 0.148899 0.002925
v -14.748712 0.564326 -11.797048
vn -0.988848 0.148899 0.002925
v -14.233738 3.983704 -11.767208
vn -0.988851 0.148876 0.002942
v -14.756417 0.607444 -16.596874
vn -0.988851 0.148876 0.002942
v -14.233738 3.983704 -11.767208
vn -0.988851 0.148876 0.002942
v -14.241511 4.026922 -16.566952
vn -0.927018 0.374985 0.004878
v -14.241511 4.026922 -16.566952
vn -0.927018 0.374985 0.004878
v -14.233738 3.983704 -11.767208
vn -0.927018 0.374985 0.004878
v -12.936864 7.189423 -11.740403
vn -0.926995 0.375042 0.004834
v -14.241511 4.026922 -16.566952
vn -0.926995 0.375042 0.004834
v -12.936864 7.189423 -11.740403
vn -0.926995 0.375042 0.004834
v -12.944453 7.232532 -16.540297
vn -0.814190 0.580562 0.006501
v -12.944453 7.232532 -16.540297
vn -0.814190 0.580562 0.006501
v -12.936864 7.189423 -11.740403
vn -0.814190 0.580562 0.006501
v -10.929055 10.004963 -11.718401
vn -0.814220 0.580519 0.006539
v -12.944453 7.232532 -16.540297
vn -0.814220 0.580519 0.006539
v -10.929055 10.004963 -11.718401
vn -0.814220 0.580519 0.006539
v -10.936828 10.048123 -16.518150
vn -0.656656 0.754150 0.007845
v -10.936828 10.048123 -16.518150
vn -0.656656 0.754150 0.007845
v -10.929055 10.004963 -11.718401
vn -0.656656 0.754150 0.007845
v -8.320930 12.275751 -11.702194
vn -0.656643 0.754161 0.007833
v -10.936828 10.048123 -16.518150
vn -0.656643 0.754161 0.007833
v -8.320930 12.275751 -11.702194
vn -0.656643 0.754161 0.007833
v -8.328691 12.318844 -16.501886
vn -0.462976 0.886328 0.008706
v -8.328691 12.318844 -16.501886
vn -0.462976 0.886328 0.008706
v -8.320930 12.275751 -11.702194
vn -0.462976 0.886328 0.008706
v -5.255782 13.876746 -11.692679
vn -0.462979 0.886327 0.008709
v -8.328691 12.318844 -16.501886
vn -0.462979 0.886327 0.008709
v -5.255782 13.876746 -11.692679
vn -0.462979 0.886327 0.008709
v -5.263427 13.919912 -16.492435
vn -0.243924 0.969752 0.009110
v -5.263427 13.919912 -16.492435
vn -0.243924 0.969752 0.009110
v -5.255782 13.876746 -11.692679
vn -0.243924 0.969752 0.009110
v -1.902056 14.720296 -11.690489
vn -0.243914 0.969754 0.009103
v -5.263427 13.919912 -16.492435
vn -0.243914 0.969754 0.009103
v -1.902056 14.720296 -11.690489
vn -0.243914 0.969754 0.009103
v -1.909825 14.763394 -16.490242
vn -0.011371 0.999895 0.008997
v -1.909825 14.763394 -16.490242
vn -0.011371 0.999895 0.008997
v -1.902056 14.720296 -11.690489
vn -0.011371 0.999895 0.008997
v 1.555725 14.759665 -11.695623
vn -0.011371 0.999895 0.008997
v 1.548075 14.802766 -16.495455
vn 0.221745 0.975069 0.008403
v 1.548075 14.802766 -16.495455
vn 0.221745 0.975069 0.008403
v 1.555725 14.759665 -11.695623
vn 0.221745 0.975069 0.008403
v 4.927792 13.992914 -11.707940
vn 0.221710 0.975076 0.008428
v 1.548075 14.802766 -16.495455
vn 0.221710 0.975076 0.008428
v 4.927792 13.992914 -11.707940
vn 0.221710 0.975076 0.008428
v 4.920147 14.036140 -16.507692
vn 0.377042 0.926164 0.007740
v 4.920147 14.036140 -16.507692
vn 0.377042 0.926164 0.007740
v 4.927792 13.992914 -11.707940
vn 0.377042 0.926164 0.007740
v 6.173011 13.486039 -11.714431
vn 0.442563 0.896647 -0.012773
v 4.920147 14.036140 -16.507692
vn 0.442563 0.896647 -0.012773
v 6.173011 13.486039 -11.714431
vn 0.442563 0.896647 -0.012773
v 8.021008 12.505364 -16.526476
vn 0.451898 0.892032 -0.008248
v 8.021008 12.505364 -16.526476
vn 0.451898 0.892032 -0.008248
v 6.173011 13.486039 -11.714431
vn 0.451898 0.892032 -0.008248
v 7.094513 13.020164 -11.611514
vn 0.503532 0.863965 0.004425
v 8.021008 12.505364 -16.526476
vn 0.503532 0.863965 0.004425
v 7.094513 13.020164 -11.611514
vn 0.503532 0.863965 0.004425
v 7.718684 12.654860 -11.313418
vn 0.575324 -0.814162 -0.078369
v 9.611825 -11.040539 -16.602894
vn 0.575324 -0.814162 -0.078369
v 7.214559 -12.720229 -16.751738
vn 0.575324 -0.814162 -0.078369
v 9.656735 -11.000819 -16.685825
vn 0.575057 -0.813439 -0.087324
v 9.656735 -11.000819 -16.685825
vn 0.575057 -0.813439 -0.087324
v 7.214559 -12.720229 -16.751738
vn 0.575057 -0.813439 -0.087324
v 9.688646 -10.972441 -16.740032
vn 0.627285 -0.778749 -0.008008
v 9.406263 -11.265999 -11.589631
vn 0.627285 -0.778749 -0.008008
v 9.085678 -11.521966 -11.809810
vn 0.627285 -0.778749 -0.008008
v 9.399592 -11.228673 -15.741743
vn 0.594587 -0.803934 -0.012497
v 9.399592 -11.228673 -15.741743
vn 0.594587 -0.803934 -0.012497
v 9.085678 -11.521966 -11.809810
vn 0.594587 -0.803934 -0.012497
v 8.419689 -12.012396 -11.947102
vn 0.582532 -0.812621 -0.017405
v 9.399592 -11.228673 -15.741743
vn 0.582532 -0.812621 -0.017405
v 8.419689 -12.012396 -11.947102
vn 0.582532 -0.812621 -0.017405
v 9.434458 -11.196063 -16.097347
vn 0.570297 -0.821142 -0.022072
v 9.434458 -11.196063 -16.097347
vn 0.570297 -0.821142 -0.022072
v 8.419689 -12.012396 -11.947102
vn 0.570297 -0.821142 -0.022072
v 7.214559 -12.720229 -16.751738
vn 0.572802 -0.818913 -0.035763
v 9.434458 -11.196063 -16.097347
vn 0.572802 -0.818913 -0.035763
v 7.214559 -12.720229 -16.751738
vn 0.572802 -0.818913 -0.035763
v 9.470673 -11.164192 -16.247105
vn 0.575254 -0.816096 -0.055412
v 9.470673 -11.164192 -16.247105
vn 0.575254 -0.816096 -0.055412
v 7.214559 -12.720229 -16.751738
vn 0.575254 -0.816096 -0.055412
v 9.611825 -11.040539 -16.602894
vn 0.001595 -0.008954 0.999959
v 7.222267 -12.763391 -11.951917
vn 0.001595 -0.008954 0.999959
v 8.419689 -12.012396 -11.947102
vn 0.001595 -0.008954 0.999959
v 1.959269 -11.931695 -11.936077
vn 0.001597 -0.008937 0.999959
v 7.222267 -12.763391 -11.951917
vn 0.001597 -0.008937 0.999959
v 1.959269 -11.931695 -11.936077
vn 0.001597 -0.008937 0.999959
v 4.029912 -14.093014 -11.958701
vn 0.001627 -0.008994 0.999958
v 0.456632 8.329885 -11.751588
vn 0.001627 -0.008994 0.999958
v 2.912102 7.809502 -11.760262
vn 0.001627 -0.008994 0.999958
v 5.064378 13.499845 -11.712582
vn 0.001635 -0.008974 0.999958
v 1.959269 -11.931695 -11.936077
vn 0.001635 -0.008974 0.999958
v 1.324473 -8.048266 -11.900188
vn 0.001635 -0.008974 0.999958
v -1.185416 -8.071703 -11.896296
vn 0.001600 -0.008973 0.999958
v -7.201973 -3.941868 -11.849634
vn 0.001600 -0.008973 0.999958
v -11.539939 -9.100884 -11.888988
vn 0.001600 -0.008973 0.999958
v -5.655549 -5.918755 -11.869849
vn 0.001607 -0.008985 0.999958
v -5.655549 -5.918755 -11.869849
vn 0.001607 -0.008985 0.999958
v -11.539939 -9.100884 -11.888988
vn 0.001607 -0.008985 0.999958
v -9.082175 -11.533456 -11.914793
vn 0.001584 -0.008971 0.999959
v -5.655549 -5.918755 -11.869849
vn 0.001584 -0.008971 0.999959
v -9.082175 -11.533456 -11.914793
vn 0.001584 -0.008971 0.999959
v -3.586174 -7.339264 -11.885872
vn 0.001608 -0.009002 0.999958
v -3.586174 -7.339264 -11.885872
vn 0.001608 -0.009002 0.999958
v -9.082175 -11.533456 -11.914793
vn 0.001608 -0.009002 0.999958
v -6.125421 -13.327031 -11.935693
vn 0.001597 -0.008997 0.999958
v -3.586174 -7.339264 -11.885872
vn 0.001597 -0.008997 0.999958
v -6.125421 -13.327031 -11.935693
vn 0.001597 -0.008997 0.999958
v -1.185416 -8.071703 -11.896296
vn 0.001590 -0.008991 0.999958
v -1.185416 -8.071703 -11.896296
vn 0.001590 -0.008991 0.999958
v -6.125421 -13.327031 -11.935693
vn 0.001590 -0.008991 0.999958
v -2.832505 -14.382821 -11.950422
vn 0.001608 -0.008996 0.999958
v -1.185416 -8.071703 -11.896296
vn 0.001608 -0.008996 0.999958
v -2.832505 -14.382821 -11.950422
vn 0.001608 -0.008996 0.999958
v 1.959269 -11.931695 -11.936077
vn 0.001591 -0.008963 0.999959
v 1.959269 -11.931695 -11.936077
vn 0.001591 -0.008963 0.999959
v -2.832505 -14.382821 -11.950422
vn 0.001591 -0.008963 0.999959
v 0.615736 -14.642985 -11.958241
vn 0.001578 -0.008956 0.999959
v 1.959269 -11.931695 -11.936077
vn 0.001578 -0.008956 0.999959
v 0.615736 -14.642985 -11.958241
vn 0.001578 -0.008956 0.999959
v 4.029912 -14.093014 -11.958701
vn 0.001598 -0.008972 0.999959
v -7.588175 3.345291 -11.783555
vn 0.001598 -0.008972 0.999959
v -14.233738 3.983704 -11.767208
vn 0.001598 -0.008972 0.999959
v -8.215211 0.914968 -11.804359
vn 0.001600 -0.008967 0.999959
v -8.215211 0.914968 -11.804359
vn 0.001600 -0.008967 0.999959
v -14.233738 3.983704 -11.767208
vn 0.001600 -0.008967 0.999959
v -14.748712 0.564326 -11.797048
vn 0.001600 -0.008970 0.999959
v -8.215211 0.914968 -11.804359
vn 0.001600 -0.008970 0.999959
v -14.748712 0.564326 -11.797048
vn 0.001600 -0.008970 0.999959
v -8.082358 -1.591442 -11.827055
vn 0.001590 -0.009004 0.999958
v -8.082358 -1.591442 -11.827055
vn 0.001590 -0.009004 0.999958
v -14.748712 0.564326 -11.797048
vn 0.001590 -0.009004 0.999958
v -14.453253 -2.880977 -11.828539
vn 0.001591 -0.009010 0.999958
v -8.082358 -1.591442 -11.827055
vn 0.001591 -0.009010 0.999958
v -14.453253 -2.880977 -11.828539
vn 0.001591 -0.009010 0.999958
v -7.201973 -3.941868 -11.849634
vn 0.001599 -0.008955 0.999959
v -7.201973 -3.941868 -11.849634
vn 0.001599 -0.008955 0.999959
v -14.453253 -2.880977 -11.828539
vn 0.001599 -0.008955 0.999959
v -13.363659 -6.162845 -11.859671
vn 0.001608 -0.008980 0.999958
v -7.201973 -3.941868 -11.849634
vn 0.001608 -0.008980 0.999958
v -13.363659 -6.162845 -11.859671
vn 0.001608 -0.008980 0.999958
v -11.539939 -9.100884 -11.888988
vn 0.001556 -0.008983 0.999958
v 6.173011 13.486039 -11.714431
vn 0.001556 -0.008983 0.999958
v 4.927792 13.992914 -11.707940
vn 0.001556 -0.008983 0.999958
v 5.064378 13.499845 -11.712582
vn 0.001614 -0.008967 0.999959
v 5.064378 13.499845 -11.712582
vn 0.001614 -0.008967 0.999959
v 4.927792 13.992914 -11.707940
vn 0.001614 -0.008967 0.999959
v 1.555725 14.759665 -11.695623
vn 0.001609 -0.008979 0.999958
v 5.064378 13.499845 -11.712582
vn 0.001609 -0.008979 0.999958
v 1.555725 14.759665 -11.695623
vn 0.001609 -0.008979 0.999958
v 0.456632 8.329885 -11.751588
vn 0.001587 -0.008975 0.999959
v 0.456632 8.329885 -11.751588
vn 0.001587 -0.008975 0.999959
v 1.555725 14.759665 -11.695623
vn 0.001587 -0.008975 0.999959
v -1.902056 14.720296 -11.690489
vn 0.001569 -0.008981 0.999958
v 0.456632 8.329885 -11.751588
vn 0.001569 -0.008981 0.999958
v -1.902056 14.720296 -11.690489
vn 0.001569 -0.008981 0.999958
v -2.041600 8.087863 -11.749841
vn 0.001606 -0.008982 0.999958
v -2.041600 8.087863 -11.749841
vn 0.001606 -0.008982 0.999958
v -1.902056 14.720296 -11.690489
vn 0.001606 -0.008982 0.999958
v -5.255782 13.876746 -11.692679
vn 0.001612 -0.008979 0.999958
v -2.041600 8.087863 -11.749841
vn 0.001612 -0.008979 0.999958
v -5.255782 13.876746 -11.692679
vn 0.001612 -0.008979 0.999958
v -4.351548 7.105749 -11.754935
vn 0.001588 -0.008982 0.999958
v -4.351548 7.105749 -11.754935
vn 0.001588 -0.008982 0.999958
v -5.255782 13.876746 -11.692679
vn 0.001588 -0.008982 0.999958
v -8.320930 12.275751 -11.702194
vn 0.001614 -0.008962 0.999959
v -4.351548 7.105749 -11.754935
vn 0.001614 -0.008962 0.999959
v -8.320930 12.275751 -11.702194
vn 0.001614 -0.008962 0.999959
v -6.259285 5.474615 -11.766477
vn 0.001594 -0.008968 0.999959
v -6.259285 5.474615 -11.766477
vn 0.001594 -0.008968 0.999959
v -8.320930 12.275751 -11.702194
vn 0.001594 -0.008968 0.999959
v -10.929055 10.004963 -11.718401
vn 0.001566 -0.008998 0.999958
v -6.259285 5.474615 -11.766477
vn 0.001566 -0.008998 0.999958
v -10.929055 10.004963 -11.718401
vn 0.001566 -0.008998 0.999958
v -7.588175 3.345291 -11.783555
vn 0.001621 -0.008970 0.999958
v -7.588175 3.345291 -11.783555
vn 0.001621 -0.008970 0.999958
v -10.929055 10.004963 -11.718401
vn 0.001621 -0.008970 0.999958
v -12.936864 7.189423 -11.740403
vn 0.001595 -0.009006 0.999958
v -7.588175 3.345291 -11.783555
vn 0.001595 -0.009006 0.999958
v -12.936864 7.189423 -11.740403
vn 0.001595 -0.009006 0.999958
v -14.233738 3.983704 -11.767208
vn -0.935338 0.353731 0.004148
v 2.783847 7.069118 18.600502
vn -0.935338 0.353731 0.004148
v 2.607100 6.600238 18.730564
vn -0.935338 0.353731 0.004148
v 3.933696 10.107686 18.759922
vn -0.935348 0.353696 0.004882
v 2.783847 7.069118 18.600502
vn -0.935348 0.353696 0.004882
v 3.933696 10.107686 18.759922
vn -0.935348 0.353696 0.004882
v 2.912658 7.414771 18.237368
vn -0.935335 0.353733 0.004699
v 4.708090 12.540546 -10.414393
vn -0.935335 0.353733 0.004699
v 4.694033 12.509557 -10.879519
vn -0.935335 0.353733 0.004699
v 2.912102 7.809502 -11.760262
vn -0.935330 0.353747 0.004642
v 4.708090 12.540546 -10.414393
vn -0.935330 0.353747 0.004642
v 2.912102 7.809502 -11.760262
vn -0.935330 0.353747 0.004642
v 4.797312 12.764898 -9.533624
vn -0.935341 0.353713 0.004816
v 4.694033 12.509557 -10.879519
vn -0.935341 0.353713 0.004816
v 4.760722 12.691745 -11.308365
vn -0.935341 0.353713 0.004816
v 2.912102 7.809502 -11.760262
vn -0.935334 0.353736 0.004547
v 2.912102 7.809502 -11.760262
vn -0.935334 0.353736 0.004547
v 4.760722 12.691745 -11.308365
vn -0.935334 0.353736 0.004547
v 4.893857 13.047622 -11.607643
vn -0.935334 0.353736 0.004518
v 2.912102 7.809502 -11.760262
vn -0.935334 0.353736 0.004518
v 4.893857 13.047622 -11.607643
vn -0.935334 0.353736 0.004518
v 5.064378 13.499845 -11.712582
vn -0.935335 0.353733 0.004677
v 4.259515 10.977315 18.149857
vn -0.935335 0.353733 0.004677
v 4.285835 11.051962 17.767851
vn -0.935335 0.353733 0.004677
v 2.959235 7.544577 17.738441
vn -0.935335 0.353733 0.004665
v 2.959235 7.544577 17.738441
vn -0.935335 0.353733 0.004665
v 4.285835 11.051962 17.767851
vn -0.935335 0.353733 0.004665
v 4.280337 11.082900 14.319318
vn -0.935333 0.353739 0.004671
v 2.959235 7.544577 17.738441
vn -0.935333 0.353739 0.004671
v 4.280337 11.082900 14.319318
vn -0.935333 0.353739 0.004671
v 2.912102 7.809502 -11.760262
vn -0.935234 0.354001 0.004633
v 2.912102 7.809502 -11.760262
vn -0.935234 0.354001 0.004633
v 4.280337 11.082900 14.319318
vn -0.935234 0.354001 0.004633
v 4.304568 11.152326 13.906117
vn -0.935401 0.353557 0.004700
v 2.912102 7.809502 -11.760262
vn -0.935401 0.353557 0.004700
v 4.304568 11.152326 13.906117
vn -0.935401 0.353557 0.004700
v 4.354721 11.288701 13.628685
vn -0.935318 0.353776 0.004776
v 4.068962 10.466290 18.686863
vn -0.935318 0.353776 0.004776
v 4.183353 10.771612 18.472643
vn -0.935318 0.353776 0.004776
v 3.933696 10.107686 18.759922
vn -0.935320 0.353770 0.004758
v 3.933696 10.107686 18.759922
vn -0.935320 0.353770 0.004758
v 4.183353 10.771612 18.472643
vn -0.935320 0.353770 0.004758
v 4.259515 10.977315 18.149857
vn -0.935336 0.353729 0.004692
v 3.933696 10.107686 18.759922
vn -0.935336 0.353729 0.004692
v 4.259515 10.977315 18.149857
vn -0.935336 0.353729 0.004692
v 2.912658 7.414771 18.237368
vn -0.935336 0.353729 0.004712
v 2.912658 7.414771 18.237368
vn -0.935336 0.353729 0.004712
v 4.259515 10.977315 18.149857
vn -0.935336 0.353729 0.004712
v 2.959235 7.544577 17.738441
vn -0.935324 0.353763 0.004668
v 4.354721 11.288701 13.628685
vn -0.935324 0.353763 0.004668
v 4.529405 11.760959 12.840021
vn -0.935324 0.353763 0.004668
v 2.912102 7.809502 -11.760262
vn -0.935333 0.353737 0.004672
v 2.912102 7.809502 -11.760262
vn -0.935333 0.353737 0.004672
v 4.529405 11.760959 12.840021
vn -0.935333 0.353737 0.004672
v 4.829479 12.584048 10.595423
vn -0.935340 0.353718 0.004677
v 2.912102 7.809502 -11.760262
vn -0.935340 0.353718 0.004677
v 4.829479 12.584048 10.595423
vn -0.935340 0.353718 0.004677
v 5.117397 13.411483 5.596970
vn -0.935332 0.353741 0.004669
v 5.117397 13.411483 5.596970
vn -0.935332 0.353741 0.004669
v 5.208353 13.718728 0.539626
vn -0.935332 0.353741 0.004669
v 2.912102 7.809502 -11.760262
vn -0.935337 0.353728 0.004676
v 2.912102 7.809502 -11.760262
vn -0.935337 0.353728 0.004676
v 5.208353 13.718728 0.539626
vn -0.935337 0.353728 0.004676
v 5.101264 13.502465 -4.522078
vn -0.935333 0.353737 0.004667
v 2.912102 7.809502 -11.760262
vn -0.935333 0.353737 0.004667
v 5.101264 13.502465 -4.522078
vn -0.935333 0.353737 0.004667
v 4.797312 12.764898 -9.533624
vn -0.986890 -0.161397 0.000167
v 1.976590 -12.014010 17.564257
vn -0.986890 -0.161397 0.000167
v 1.964930 -11.942314 17.947716
vn -0.986890 -0.161397 0.000167
v 1.930481 -11.731328 18.274096
vn -0.986905 -0.161305 0.000130
v 1.976590 -12.014010 17.564257
vn -0.986905 -0.161305 0.000130
v 1.930481 -11.731328 18.274096
vn -0.986905 -0.161305 0.000130
v 1.929409 -11.749122 -11.917562
vn -0.986908 -0.161286 0.000130
v 1.929409 -11.749122 -11.917562
vn -0.986908 -0.161286 0.000130
v 1.930481 -11.731328 18.274096
vn -0.986908 -0.161286 0.000130
v 1.878491 -11.413025 18.493759
vn -0.986901 -0.161326 0.000131
v 1.929409 -11.749122 -11.917562
vn -0.986901 -0.161326 0.000131
v 1.878491 -11.413025 18.493759
vn -0.986901 -0.161326 0.000131
v 1.816888 -11.036108 18.573444
vn -0.986903 -0.161317 0.000210
v 1.816888 -11.036108 18.573444
vn -0.986903 -0.161317 0.000210
v 1.211977 -7.335343 18.607632
vn -0.986903 -0.161317 0.000210
v 1.292413 -7.827615 18.469030
vn -0.986902 -0.161320 0.000111
v 1.292413 -7.827615 18.469030
vn -0.986902 -0.161320 0.000111
v 1.350872 -8.185505 18.099709
vn -0.986902 -0.161320 0.000111
v 1.816888 -11.036108 18.573444
vn -0.986903 -0.161316 0.000132
v 1.816888 -11.036108 18.573444
vn -0.986903 -0.161316 0.000132
v 1.350872 -8.185505 18.099709
vn -0.986903 -0.161316 0.000132
v 1.371687 -8.313255 17.598566
vn -0.986903 -0.161317 0.000130
v 1.816888 -11.036108 18.573444
vn -0.986903 -0.161317 0.000130
v 1.371687 -8.313255 17.598566
vn -0.986903 -0.161317 0.000130
v 1.929409 -11.749122 -11.917562
vn -0.986902 -0.161318 0.000130
v 1.929409 -11.749122 -11.917562
vn -0.986902 -0.161318 0.000130
v 1.371687 -8.313255 17.598566
vn -0.986902 -0.161318 0.000130
v 1.324473 -8.048266 -11.900188
vn -0.986903 -0.161313 -0.000955
v 1.929409 -11.749122 -11.917562
vn -0.986903 -0.161313 -0.000955
v 1.324473 -8.048266 -11.900188
vn -0.986903 -0.161313 -0.000955
v 1.959269 -11.931695 -11.936077
vn 0.085560 -0.996292 -0.009087
v 1.371687 -8.313255 17.598566
vn 0.085560 -0.996292 -0.009087
v 0.117618 -8.420962 17.599602
vn 0.085560 -0.996292 -0.009087
v 1.324473 -8.048266 -11.900188
vn 0.009318 -0.999882 -0.012251
v 1.324473 -8.048266 -11.900188
vn 0.009318 -0.999882 -0.012251
v 0.117618 -8.420962 17.599602
vn 0.009318 -0.999882 -0.012251
v -1.185416 -8.071703 -11.896296
vn -0.067030 -0.997712 -0.008853
v 0.117618 -8.420962 17.599602
vn -0.067030 -0.997712 -0.008853
v -1.138147 -8.336618 17.602268
vn -0.067030 -0.997712 -0.008853
v -1.185416 -8.071703 -11.896296
vn -0.218024 -0.975907 -0.008415
v -1.185416 -8.071703 -11.896296
vn -0.218024 -0.975907 -0.008415
v -1.138147 -8.336618 17.602268
vn -0.218024 -0.975907 -0.008415
v -2.366588 -8.062216 17.606783
vn -0.291834 -0.956401 -0.011376
v -1.185416 -8.071703 -11.896296
vn -0.291834 -0.956401 -0.011376
v -2.366588 -8.062216 17.606783
vn -0.291834 -0.956401 -0.011376
v -3.586174 -7.339264 -11.885872
vn -0.363895 -0.931408 -0.007784
v -2.366588 -8.062216 17.606783
vn -0.363895 -0.931408 -0.007784
v -3.538929 -7.604239 17.612690
vn -0.363895 -0.931408 -0.007784
v -3.586174 -7.339264 -11.885872
vn -0.501367 -0.865206 -0.006969
v -3.586174 -7.339264 -11.885872
vn -0.501367 -0.865206 -0.006969
v -3.538929 -7.604239 17.612690
vn -0.501367 -0.865206 -0.006969
v -4.627989 -6.973215 17.620193
vn -0.565962 -0.824374 -0.009756
v -3.586174 -7.339264 -11.885872
vn -0.565962 -0.824374 -0.009756
v -4.627989 -6.973215 17.620193
vn -0.565962 -0.824374 -0.009756
v -5.655549 -5.918755 -11.869849
vn -0.627217 -0.778821 -0.005993
v -4.627989 -6.973215 17.620193
vn -0.627217 -0.778821 -0.005993
v -5.608296 -6.183798 17.628839
vn -0.627217 -0.778821 -0.005993
v -5.655549 -5.918755 -11.869849
vn -0.738380 -0.674368 -0.004876
v -5.655549 -5.918755 -11.869849
vn -0.738380 -0.674368 -0.004876
v -5.608296 -6.183798 17.628839
vn -0.738380 -0.674368 -0.004876
v -6.457163 -5.254425 17.638536
vn -0.787656 -0.616069 -0.007527
v -5.655549 -5.918755 -11.869849
vn -0.787656 -0.616069 -0.007527
v -6.457163 -5.254425 17.638536
vn -0.787656 -0.616069 -0.007527
v -7.201973 -3.941868 -11.849634
vn -0.832335 -0.554260 -0.003648
v -6.457163 -5.254425 17.638536
vn -0.832335 -0.554260 -0.003648
v -7.154839 -4.206792 17.649069
vn -0.832335 -0.554260 -0.003648
v -7.201973 -3.941868 -11.849634
vn -0.906963 -0.421203 -0.002334
v -7.201973 -3.941868 -11.849634
vn -0.906963 -0.421203 -0.002334
v -7.154839 -4.206792 17.649069
vn -0.906963 -0.421203 -0.002334
v -7.684974 -3.065330 17.660177
vn -0.936467 -0.350720 -0.004910
v -7.201973 -3.941868 -11.849634
vn -0.936467 -0.350720 -0.004910
v -7.684974 -3.065330 17.660177
vn -0.936467 -0.350720 -0.004910
v -8.082358 -1.591442 -11.827055
vn -0.960501 -0.278275 -0.000965
v -7.684974 -3.065330 17.660177
vn -0.960501 -0.278275 -0.000965
v -8.035227 -1.856429 17.671585
vn -0.960501 -0.278275 -0.000965
v -8.082358 -1.591442 -11.827055
vn -0.991654 -0.128925 0.000426
v -8.082358 -1.591442 -11.827055
vn -0.991654 -0.128925 0.000426
v -8.035227 -1.856429 17.671585
vn -0.991654 -0.128925 0.000426
v -8.197491 -0.608302 17.683050
vn -0.998597 -0.052912 -0.002133
v -8.082358 -1.591442 -11.827055
vn -0.998597 -0.052912 -0.002133
v -8.197491 -0.608302 17.683050
vn -0.998597 -0.052912 -0.002133
v -8.215211 0.914968 -11.804359
vn -0.999725 0.023397 0.001809
v -8.197491 -0.608302 17.683050
vn -0.999725 0.023397 0.001809
v -8.168022 0.649978 17.694267
vn -0.999725 0.023397 0.001809
v -8.215211 0.914968 -11.804359
vn -0.984527 0.175203 0.003149
v -8.215211 0.914968 -11.804359
vn -0.984527 0.175203 0.003149
v -8.168022 0.649978 17.694267
vn -0.984527 0.175203 0.003149
v -7.947486 1.889053 17.705095
vn -0.968292 0.249820 0.000538
v -8.215211 0.914968 -11.804359
vn -0.968292 0.249820 0.000538
v -7.947486 1.889053 17.705095
vn -0.968292 0.249820 0.000538
v -7.588175 3.345291 -11.783555
vn -0.946412 0.322933 0.004416
v -7.947486 1.889053 17.705095
vn -0.946412 0.322933 0.004416
v -7.540982 3.080247 17.715137
vn -0.946412 0.322933 0.004416
v -7.588175 3.345291 -11.783555
vn -0.886269 0.463138 0.005579
v -7.588175 3.345291 -11.783555
vn -0.886269 0.463138 0.005579
v -7.540982 3.080247 17.715137
vn -0.886269 0.463138 0.005579
v -6.957956 4.195827 17.724228
vn -0.848352 0.529425 0.002859
v -7.588175 3.345291 -11.783555
vn -0.848352 0.529425 0.002859
v -6.957956 4.195827 17.724228
vn -0.848352 0.529425 0.002859
v -6.259285 5.474615 -11.766477
vn -0.805481 0.592584 0.006613
v -6.957956 4.195827 17.724228
vn -0.805481 0.592584 0.006613
v -6.212040 5.209640 17.732086
vn -0.805481 0.592584 0.006613
v -6.259285 5.474615 -11.766477
vn -0.705984 0.708188 0.007492
v -6.259285 5.474615 -11.766477
vn -0.705984 0.708188 0.007492
v -6.212040 5.209640 17.732086
vn -0.705984 0.708188 0.007492
v -5.320614 6.098221 17.738682
vn -0.649866 0.760035 0.004611
v -6.259285 5.474615 -11.766477
vn -0.649866 0.760035 0.004611
v -5.320614 6.098221 17.738682
vn -0.649866 0.760035 0.004611
v -4.351548 7.105749 -11.754935
vn -0.589976 0.807379 0.008196
v -5.320614 6.098221 17.738682
vn -0.589976 0.807379 0.008196
v -4.304296 6.840824 17.743750
vn -0.589976 0.807379 0.008196
v -4.351548 7.105749 -11.754935
vn -0.460340 0.887700 0.008710
v -4.351548 7.105749 -11.754935
vn -0.460340 0.887700 0.008710
v -4.304296 6.840824 17.743750
vn -0.460340 0.887700 0.008710
v -3.186921 7.420235 17.747135
vn -0.391275 0.920256 0.005636
v -4.351548 7.105749 -11.754935
vn -0.391275 0.920256 0.005636
v -3.186921 7.420235 17.747135
vn -0.391275 0.920256 0.005636
v -2.041600 8.087863 -11.749841
vn -0.319956 0.947390 0.009020
v -3.186921 7.420235 17.747135
vn -0.319956 0.947390 0.009020
v -1.994466 7.822938 17.748863
vn -0.319956 0.947390 0.009020
v -2.041600 8.087863 -11.749841
vn -0.172035 0.985049 0.009122
v -2.041600 8.087863 -11.749841
vn -0.172035 0.985049 0.009122
v -1.994466 7.822938 17.748863
vn -0.172035 0.985049 0.009122
v -0.754464 8.039499 17.748833
vn -0.096420 0.995324 0.005839
v -2.041600 8.087863 -11.749841
vn -0.096420 0.995324 0.005839
v -0.754464 8.039499 17.748833
vn -0.096420 0.995324 0.005839
v 0.456632 8.329885 -11.751588
vn 0.281376 0.959563 0.008168
v 2.959235 7.544577 17.738441
vn 0.281376 0.959563 0.008168
v 2.912102 7.809502 -11.760262
vn 0.281376 0.959563 0.008168
v 1.751520 7.898676 17.743553
vn 0.207338 0.978256 0.005199
v 1.751520 7.898676 17.743553
vn 0.207338 0.978256 0.005199
v 2.912102 7.809502 -11.760262
vn 0.207338 0.978256 0.005199
v 0.456632 8.329885 -11.751588
vn 0.132134 0.991194 0.008690
v 1.751520 7.898676 17.743553
vn 0.132134 0.991194 0.008690
v 0.456632 8.329885 -11.751588
vn 0.132134 0.991194 0.008690
v 0.503866 8.064968 17.746981
vn -0.020222 0.999755 0.009011
v 0.503866 8.064968 17.746981
vn -0.020222 0.999755 0.009011
v 0.456632 8.329885 -11.751588
vn -0.020222 0.999755 0.009011
v -0.754464 8.039499 17.748833
vn 0.708652 0.433536 0.556650
v 9.546712 7.023918 18.105934
vn 0.708652 0.433536 0.556650
v 9.374454 6.890101 18.429451
vn 0.708652 0.433536 0.556650
v 10.525838 5.031894 18.410891
vn 0.475010 0.286027 0.832198
v 9.374454 6.890101 18.429451
vn 0.475010 0.286027 0.832198
v 9.116159 6.692319 18.644859
vn 0.475010 0.286027 0.832198
v 10.235628 4.885656 18.626829
vn 0.167967 0.094304 0.981272
v 9.116159 6.692319 18.644859
vn 0.167967 0.094304 0.981272
v 8.811148 6.460533 18.719345
vn 0.167967 0.094304 0.981272
v 9.893092 4.714576 18.701939
vn 0.435270 -0.848262 0.301648
v 5.597781 -10.802727 17.665108
vn 0.435270 -0.848262 0.301648
v 6.176760 -10.446079 17.832582
vn 0.435270 -0.848262 0.301648
v 6.131075 -10.426138 17.954582
vn 0.507819 -0.799487 0.320843
v 6.131075 -10.426138 17.954582
vn 0.507819 -0.799487 0.320843
v 6.176760 -10.446079 17.832582
vn 0.507819 -0.799487 0.320843
v 6.784514 -10.016792 17.940361
vn 0.709163 -0.288862 0.643154
v 11.270937 -3.489289 18.333200
vn 0.709163 -0.288862 0.643154
v 10.459556 -5.519015 18.316236
vn 0.709163 -0.288862 0.643154
v 11.097781 -4.620199 18.016197
vn 0.722267 0.662329 0.199126
v 9.578349 7.110672 17.723969
vn 0.722267 0.662329 0.199126
v 8.093047 8.725327 17.740799
vn 0.722267 0.662329 0.199126
v 8.042558 8.665463 18.123049
vn 0.853619 0.415656 0.313950
v 10.650027 5.333299 18.008312
vn 0.853619 0.415656 0.313950
v 10.719452 5.131290 18.087000
vn 0.853619 0.415656 0.313950
v 10.863458 4.864670 18.048447
vn 0.729819 0.305772 0.611448
v 10.863458 4.864670 18.048447
vn 0.729819 0.305772 0.611448
v 10.719452 5.131290 18.087000
vn 0.729819 0.305772 0.611448
v 11.281705 3.784462 18.089418
vn 0.542696 -0.413304 0.731205
v 8.910160 -8.133984 17.988111
vn 0.542696 -0.413304 0.731205
v 10.157763 -6.472884 18.001064
vn 0.542696 -0.413304 0.731205
v 10.459556 -5.519015 18.316236
vn 0.720019 -0.412253 0.558229
v 10.459556 -5.519015 18.316236
vn 0.720019 -0.412253 0.558229
v 10.157763 -6.472884 18.001064
vn 0.720019 -0.412253 0.558229
v 10.645410 -5.611820 18.007980
vn 0.752817 -0.348060 0.558678
v 10.459556 -5.519015 18.316236
vn 0.752817 -0.348060 0.558678
v 10.645410 -5.611820 18.007980
vn 0.752817 -0.348060 0.558678
v 11.097781 -4.620199 18.016197
vn 0.802152 -0.513519 0.304715
v 10.459556 -5.519015 18.316236
vn 0.802152 -0.513519 0.304715
v 9.284878 -7.362662 18.301542
vn 0.802152 -0.513519 0.304715
v 8.910160 -8.133984 17.988111
vn 0.559554 -0.530568 0.636708
v 8.910160 -8.133984 17.988111
vn 0.559554 -0.530568 0.636708
v 9.284878 -7.362662 18.301542
vn 0.559554 -0.530568 0.636708
v 7.787961 -8.955727 18.289568
vn 0.599325 -0.644061 0.475390
v 8.910160 -8.133984 17.988111
vn 0.599325 -0.644061 0.475390
v 7.787961 -8.955727 18.289568
vn 0.599325 -0.644061 0.475390
v 7.393097 -9.553321 17.977751
vn 0.436905 -0.625822 0.646112
v 7.393097 -9.553321 17.977751
vn 0.436905 -0.625822 0.646112
v 7.787961 -8.955727 18.289568
vn 0.436905 -0.625822 0.646112
v 6.784514 -10.016792 17.940361
vn 0.462938 -0.639724 0.613549
v 6.784514 -10.016792 17.940361
vn 0.462938 -0.639724 0.613549
v 7.787961 -8.955727 18.289568
vn 0.462938 -0.639724 0.613549
v 6.020973 -10.242723 18.280903
vn 0.452580 -0.703414 0.548070
v 6.784514 -10.016792 17.940361
vn 0.452580 -0.703414 0.548070
v 6.020973 -10.242723 18.280903
vn 0.452580 -0.703414 0.548070
v 6.131075 -10.426138 17.954582
vn 0.384463 -0.904147 0.186294
v 4.119099 -11.379508 17.949314
vn 0.384463 -0.904147 0.186294
v 4.144500 -11.447692 17.565973
vn 0.384463 -0.904147 0.186294
v 5.323515 -10.945809 17.568594
vn 0.168048 0.094335 0.981255
v 9.116159 6.692319 18.644859
vn 0.168048 0.094335 0.981255
v 9.893092 4.714576 18.701939
vn 0.168048 0.094335 0.981255
v 10.235628 4.885656 18.626829
vn 0.184317 0.061621 0.980933
v 10.235628 4.885656 18.626829
vn 0.184317 0.061621 0.980933
v 9.893092 4.714576 18.701939
vn 0.184317 0.061621 0.980933
v 10.631433 2.798008 18.683601
vn 0.184411 0.061638 0.980915
v 10.235628 4.885656 18.626829
vn 0.184411 0.061638 0.980915
v 10.631433 2.798008 18.683601
vn 0.184411 0.061638 0.980915
v 10.999726 2.902345 18.607807
vn 0.194326 0.026395 0.980582
v 10.999726 2.902345 18.607807
vn 0.194326 0.026395 0.980582
v 10.631433 2.798008 18.683601
vn 0.194326 0.026395 0.980582
v 11.000644 0.777588 18.664818
vn 0.194280 0.026395 0.980591
v 10.999726 2.902345 18.607807
vn 0.194280 0.026395 0.980591
v 11.000644 0.777588 18.664818
vn 0.194280 0.026395 0.980591
v 11.381732 0.811529 18.588402
vn 0.197457 -0.010022 0.980260
v 11.381732 0.811529 18.588402
vn 0.197457 -0.010022 0.980260
v 11.000644 0.777588 18.664818
vn 0.197457 -0.010022 0.980260
v 10.987755 -1.276264 18.646416
vn 0.197690 -0.010068 0.980213
v 11.381732 0.811529 18.588402
vn 0.197690 -0.010068 0.980213
v 10.987755 -1.276264 18.646416
vn 0.197690 -0.010068 0.980213
v 11.368380 -1.313689 18.569267
vn 0.194044 -0.046475 0.979891
v 11.368380 -1.313689 18.569267
vn 0.194044 -0.046475 0.979891
v 10.987755 -1.276264 18.646416
vn 0.194044 -0.046475 0.979891
v 10.593219 -3.291876 18.628946
vn 0.194022 -0.046466 0.979896
v 11.368380 -1.313689 18.569267
vn 0.194022 -0.046466 0.979896
v 10.593219 -3.291876 18.628946
vn 0.194022 -0.046466 0.979896
v 10.960135 -3.399390 18.551197
vn 0.183664 -0.081601 0.979596
v 10.960135 -3.399390 18.551197
vn 0.183664 -0.081601 0.979596
v 10.593219 -3.291876 18.628946
vn 0.183664 -0.081601 0.979596
v 9.830804 -5.199099 18.613018
vn 0.183441 -0.081459 0.979650
v 10.960135 -3.399390 18.551197
vn 0.183441 -0.081459 0.979650
v 9.830804 -5.199099 18.613018
vn 0.183441 -0.081459 0.979650
v 10.171181 -5.372970 18.534824
vn 0.166723 -0.114067 0.979384
v 10.171181 -5.372970 18.534824
vn 0.166723 -0.114067 0.979384
v 9.830804 -5.199099 18.613018
vn 0.166723 -0.114067 0.979384
v 8.727061 -6.931314 18.599163
vn 0.166761 -0.114102 0.979373
v 10.171181 -5.372970 18.534824
vn 0.166761 -0.114102 0.979373
v 8.727061 -6.931314 18.599163
vn 0.166761 -0.114102 0.979373
v 9.029069 -7.165453 18.520462
vn 0.144340 -0.142948 0.979149
v 9.029069 -7.165453 18.520462
vn 0.144340 -0.142948 0.979149
v 8.727061 -6.931314 18.599163
vn 0.144340 -0.142948 0.979149
v 7.320603 -8.428083 18.587978
vn 0.144358 -0.142973 0.979142
v 9.029069 -7.165453 18.520462
vn 0.144358 -0.142973 0.979142
v 7.320603 -8.428083 18.587978
vn 0.144358 -0.142973 0.979142
v 7.573618 -8.714386 18.508871
vn 0.116952 -0.167146 0.978971
v 7.573618 -8.714386 18.508871
vn 0.116952 -0.167146 0.978971
v 7.320603 -8.428083 18.587978
vn 0.116952 -0.167146 0.978971
v 5.660299 -9.637420 18.579847
vn 0.117061 -0.167376 0.978919
v 7.573618 -8.714386 18.508871
vn 0.117061 -0.167376 0.978919
v 5.660299 -9.637420 18.579847
vn 0.117061 -0.167376 0.978919
v 5.855546 -9.965754 18.500362
vn 0.475057 0.286044 0.832166
v 9.374454 6.890101 18.429451
vn 0.475057 0.286044 0.832166
v 10.235628 4.885656 18.626829
vn 0.475057 0.286044 0.832166
v 10.525838 5.031894 18.410891
vn 0.521335 0.192878 0.831268
v 10.525838 5.031894 18.410891
vn 0.521335 0.192878 0.831268
v 10.235628 4.885656 18.626829
vn 0.521335 0.192878 0.831268
v 10.999726 2.902345 18.607807
vn 0.521387 0.192887 0.831234
v 10.525838 5.031894 18.410891
vn 0.521387 0.192887 0.831234
v 10.999726 2.902345 18.607807
vn 0.521387 0.192887 0.831234
v 11.311630 2.992186 18.391319
vn 0.549581 0.092706 0.830281
v 11.311630 2.992186 18.391319
vn 0.549581 0.092706 0.830281
v 10.999726 2.902345 18.607807
vn 0.549581 0.092706 0.830281
v 11.381732 0.811529 18.588402
vn 0.549659 0.092704 0.830230
v 11.311630 2.992186 18.391319
vn 0.549659 0.092704 0.830230
v 11.381732 0.811529 18.588402
vn 0.549659 0.092704 0.830230
v 11.704533 0.841795 18.371309
vn 0.558736 -0.010977 0.829273
v 11.704533 0.841795 18.371309
vn 0.558736 -0.010977 0.829273
v 11.381732 0.811529 18.588402
vn 0.558736 -0.010977 0.829273
v 11.368380 -1.313689 18.569267
vn 0.558377 -0.010899 0.829516
v 11.704533 0.841795 18.371309
vn 0.558377 -0.010899 0.829516
v 11.368380 -1.313689 18.569267
vn 0.558377 -0.010899 0.829516
v 11.690865 -1.344061 18.351791
vn 0.548011 -0.114444 0.828605
v 11.690865 -1.344061 18.351791
vn 0.548011 -0.114444 0.828605
v 11.368380 -1.313689 18.569267
vn 0.548011 -0.114444 0.828605
v 10.960135 -3.399390 18.551197
vn 0.548054 -0.114462 0.828574
v 11.690865 -1.344061 18.351791
vn 0.548054 -0.114462 0.828574
v 10.960135 -3.399390 18.551197
vn 0.548054 -0.114462 0.828574
v 11.270937 -3.489289 18.333200
vn 0.518623 -0.214190 0.827739
v 11.270937 -3.489289 18.333200
vn 0.518623 -0.214190 0.827739
v 10.960135 -3.399390 18.551197
vn 0.518623 -0.214190 0.827739
v 10.171181 -5.372970 18.534824
vn 0.518790 -0.214302 0.827606
v 11.270937 -3.489289 18.333200
vn 0.518790 -0.214302 0.827606
v 10.171181 -5.372970 18.534824
vn 0.518790 -0.214302 0.827606
v 10.459556 -5.519015 18.316236
vn 0.471304 -0.306925 0.826843
v 10.459556 -5.519015 18.316236
vn 0.471304 -0.306925 0.826843
v 10.171181 -5.372970 18.534824
vn 0.471304 -0.306925 0.826843
v 9.029069 -7.165453 18.520462
vn 0.471180 -0.306803 0.826959
v 10.459556 -5.519015 18.316236
vn 0.471180 -0.306803 0.826959
v 9.029069 -7.165453 18.520462
vn 0.471180 -0.306803 0.826959
v 9.284878 -7.362662 18.301542
vn 0.407328 -0.388928 0.826328
v 9.284878 -7.362662 18.301542
vn 0.407328 -0.388928 0.826328
v 9.029069 -7.165453 18.520462
vn 0.407328 -0.388928 0.826328
v 7.573618 -8.714386 18.508871
vn 0.407381 -0.389005 0.826266
v 9.284878 -7.362662 18.301542
vn 0.407381 -0.389005 0.826266
v 7.573618 -8.714386 18.508871
vn 0.407381 -0.389005 0.826266
v 7.787961 -8.955727 18.289568
vn 0.329377 -0.457835 0.825771
v 7.787961 -8.955727 18.289568
vn 0.329377 -0.457835 0.825771
v 7.573618 -8.714386 18.508871
vn 0.329377 -0.457835 0.825771
v 5.855546 -9.965754 18.500362
vn 0.329315 -0.457694 0.825874
v 7.787961 -8.955727 18.289568
vn 0.329315 -0.457694 0.825874
v 5.855546 -9.965754 18.500362
vn 0.329315 -0.457694 0.825874
v 6.020973 -10.242723 18.280903
vn 0.145982 0.123464 0.981553
v 7.423661 7.974938 18.735210
vn 0.145982 0.123464 0.981553
v 8.811148 6.460533 18.719345
vn 0.145982 0.123464 0.981553
v 7.680335 8.259352 18.661263
vn 0.145913 0.123421 0.981568
v 7.680335 8.259352 18.661263
vn 0.145913 0.123421 0.981568
v 8.811148 6.460533 18.719345
vn 0.145913 0.123421 0.981568
v 9.116159 6.692319 18.644859
vn 0.412341 0.369097 0.832912
v 7.680335 8.259352 18.661263
vn 0.412341 0.369097 0.832912
v 9.116159 6.692319 18.644859
vn 0.412341 0.369097 0.832912
v 7.897571 8.501794 18.446281
vn 0.412175 0.369000 0.833037
v 7.897571 8.501794 18.446281
vn 0.412175 0.369000 0.833037
v 9.116159 6.692319 18.644859
vn 0.412175 0.369000 0.833037
v 9.374454 6.890101 18.429451
vn 0.614708 0.557464 0.558004
v 7.897571 8.501794 18.446281
vn 0.614708 0.557464 0.558004
v 9.374454 6.890101 18.429451
vn 0.614708 0.557464 0.558004
v 8.042558 8.665463 18.123049
vn 0.614758 0.557487 0.557925
v 8.042558 8.665463 18.123049
vn 0.614758 0.557487 0.557925
v 9.374454 6.890101 18.429451
vn 0.614758 0.557487 0.557925
v 9.546712 7.023918 18.105934
vn 0.722003 0.659389 0.209565
v 8.042558 8.665463 18.123049
vn 0.722003 0.659389 0.209565
v 9.546712 7.023918 18.105934
vn 0.722003 0.659389 0.209565
v 9.578349 7.110672 17.723969
vn 0.794125 0.575144 0.196405
v 9.578349 7.110672 17.723969
vn 0.794125 0.575144 0.196405
v 9.546712 7.023918 18.105934
vn 0.794125 0.575144 0.196405
v 10.147267 6.270112 17.885120
vn 0.844316 -0.260528 0.468247
v 11.097781 -4.620199 18.016197
vn 0.844316 -0.260528 0.468247
v 11.701759 -2.632483 18.033083
vn 0.844316 -0.260528 0.468247
v 11.270937 -3.489289 18.333200
vn 0.682413 -0.089000 0.725528
v 11.270937 -3.489289 18.333200
vn 0.682413 -0.089000 0.725528
v 11.701759 -2.632483 18.033083
vn 0.682413 -0.089000 0.725528
v 11.951469 -0.570186 18.051191
vn 0.926237 -0.184161 0.328893
v 11.270937 -3.489289 18.333200
vn 0.926237 -0.184161 0.328893
v 11.951469 -0.570186 18.051191
vn 0.926237 -0.184161 0.328893
v 11.690865 -1.344061 18.351791
vn 0.712567 0.032278 0.700861
v 11.690865 -1.344061 18.351791
vn 0.712567 0.032278 0.700861
v 11.951469 -0.570186 18.051191
vn 0.712567 0.032278 0.700861
v 11.838979 1.504205 18.070024
vn 0.920567 -0.009243 0.390476
v 11.690865 -1.344061 18.351791
vn 0.920567 -0.009243 0.390476
v 11.838979 1.504205 18.070024
vn 0.920567 -0.009243 0.390476
v 11.704533 0.841795 18.371309
vn 0.719590 0.161158 0.675439
v 11.704533 0.841795 18.371309
vn 0.719590 0.161158 0.675439
v 11.838979 1.504205 18.070024
vn 0.719590 0.161158 0.675439
v 11.368087 3.527499 18.088943
vn 0.882640 0.157147 0.443003
v 11.704533 0.841795 18.371309
vn 0.882640 0.157147 0.443003
v 11.368087 3.527499 18.088943
vn 0.882640 0.157147 0.443003
v 11.311630 2.992186 18.391319
vn 0.762639 0.255274 0.594320
v 11.311630 2.992186 18.391319
vn 0.762639 0.255274 0.594320
v 11.368087 3.527499 18.088943
vn 0.762639 0.255274 0.594320
v 11.281705 3.784462 18.089418
vn 0.719240 0.270947 0.639751
v 11.311630 2.992186 18.391319
vn 0.719240 0.270947 0.639751
v 11.281705 3.784462 18.089418
vn 0.719240 0.270947 0.639751
v 10.525838 5.031894 18.410891
vn 0.766321 0.320911 0.556569
v 10.525838 5.031894 18.410891
vn 0.766321 0.320911 0.556569
v 11.281705 3.784462 18.089418
vn 0.766321 0.320911 0.556569
v 10.719452 5.131290 18.087000
vn 0.708648 0.433535 0.556656
v 10.525838 5.031894 18.410891
vn 0.708648 0.433535 0.556656
v 10.719452 5.131290 18.087000
vn 0.708648 0.433535 0.556656
v 9.546712 7.023918 18.105934
vn 0.734712 0.450177 0.507483
v 9.546712 7.023918 18.105934
vn 0.734712 0.450177 0.507483
v 10.719452 5.131290 18.087000
vn 0.734712 0.450177 0.507483
v 10.650027 5.333299 18.008312
vn 0.754570 0.465746 0.462283
v 9.546712 7.023918 18.105934
vn 0.754570 0.465746 0.462283
v 10.650027 5.333299 18.008312
vn 0.754570 0.465746 0.462283
v 10.147267 6.270112 17.885120
vn 0.085560 -0.186080 0.978802
v 5.660299 -9.637420 18.579847
vn 0.085560 -0.186080 0.978802
v 3.804081 -10.516980 18.574894
vn 0.085560 -0.186080 0.978802
v 5.855546 -9.965754 18.500362
vn 0.085520 -0.185926 0.978835
v 5.855546 -9.965754 18.500362
vn 0.085520 -0.185926 0.978835
v 3.804081 -10.516980 18.574894
vn 0.085520 -0.185926 0.978835
v 3.934887 -10.875920 18.495285
vn 0.239893 -0.510832 0.825531
v 5.855546 -9.965754 18.500362
vn 0.239893 -0.510832 0.825531
v 3.934887 -10.875920 18.495285
vn 0.239893 -0.510832 0.825531
v 6.020973 -10.242723 18.280903
vn 0.239909 -0.510903 0.825482
v 6.020973 -10.242723 18.280903
vn 0.239909 -0.510903 0.825482
v 3.934887 -10.875920 18.495285
vn 0.239909 -0.510903 0.825482
v 4.045427 -11.178816 18.275694
vn 0.357467 -0.757445 0.546347
v 6.020973 -10.242723 18.280903
vn 0.357467 -0.757445 0.546347
v 4.045427 -11.178816 18.275694
vn 0.357467 -0.757445 0.546347
v 6.131075 -10.426138 17.954582
vn 0.357460 -0.757397 0.546418
v 6.131075 -10.426138 17.954582
vn 0.357460 -0.757397 0.546418
v 4.045427 -11.178816 18.275694
vn 0.357460 -0.757397 0.546418
v 4.119099 -11.379508 17.949314
vn 0.398328 -0.842627 0.362374
v 6.131075 -10.426138 17.954582
vn 0.398328 -0.842627 0.362374
v 4.119099 -11.379508 17.949314
vn 0.398328 -0.842627 0.362374
v 5.597781 -10.802727 17.665108
vn 0.390611 -0.894746 0.216453
v 5.597781 -10.802727 17.665108
vn 0.390611 -0.894746 0.216453
v 4.119099 -11.379508 17.949314
vn 0.390611 -0.894746 0.216453
v 5.323515 -10.945809 17.568594
vn 0.087636 0.167017 0.982052
v 3.933696 10.107686 18.759922
vn 0.087636 0.167017 0.982052
v 5.778719 9.204934 18.748806
vn 0.087636 0.167017 0.982052
v 4.068962 10.466290 18.686863
vn 0.087640 0.167023 0.982050
v 4.068962 10.466290 18.686863
vn 0.087640 0.167023 0.982050
v 5.778719 9.204934 18.748806
vn 0.087640 0.167023 0.982050
v 5.978157 9.532095 18.675367
vn 0.246314 0.493120 0.834363
v 4.068962 10.466290 18.686863
vn 0.246314 0.493120 0.834363
v 5.978157 9.532095 18.675367
vn 0.246314 0.493120 0.834363
v 4.183353 10.771612 18.472643
vn 0.246218 0.492997 0.834464
v 4.183353 10.771612 18.472643
vn 0.246218 0.492997 0.834464
v 5.978157 9.532095 18.675367
vn 0.246218 0.492997 0.834464
v 6.146933 9.810862 18.460873
vn 0.366836 0.742878 0.559967
v 4.183353 10.771612 18.472643
vn 0.366836 0.742878 0.559967
v 6.146933 9.810862 18.460873
vn 0.366836 0.742878 0.559967
v 4.259515 10.977315 18.149857
vn 0.366899 0.742945 0.559837
v 4.259515 10.977315 18.149857
vn 0.366899 0.742945 0.559837
v 6.146933 9.810862 18.460873
vn 0.366899 0.742945 0.559837
v 6.259450 9.998665 18.137903
vn 0.431489 0.879314 0.201556
v 4.259515 10.977315 18.149857
vn 0.431489 0.879314 0.201556
v 6.259450 9.998665 18.137903
vn 0.431489 0.879314 0.201556
v 4.285835 11.051962 17.767851
vn 0.431482 0.879311 0.201584
v 4.285835 11.051962 17.767851
vn 0.431482 0.879311 0.201584
v 6.259450 9.998665 18.137903
vn 0.431482 0.879311 0.201584
v 6.298599 10.067064 17.755749
vn 0.118776 0.147993 0.981830
v 5.778719 9.204934 18.748806
vn 0.118776 0.147993 0.981830
v 7.423661 7.974938 18.735210
vn 0.118776 0.147993 0.981830
v 5.978157 9.532095 18.675367
vn 0.118827 0.148040 0.981817
v 5.978157 9.532095 18.675367
vn 0.118827 0.148040 0.981817
v 7.423661 7.974938 18.735210
vn 0.118827 0.148040 0.981817
v 7.680335 8.259352 18.661263
vn 0.334982 0.438767 0.833829
v 5.978157 9.532095 18.675367
vn 0.334982 0.438767 0.833829
v 7.680335 8.259352 18.661263
vn 0.334982 0.438767 0.833829
v 6.146933 9.810862 18.460873
vn 0.335163 0.438926 0.833673
v 6.146933 9.810862 18.460873
vn 0.335163 0.438926 0.833673
v 7.680335 8.259352 18.661263
vn 0.335163 0.438926 0.833673
v 7.897571 8.501794 18.446281
vn 0.499572 0.661856 0.558906
v 6.146933 9.810862 18.460873
vn 0.499572 0.661856 0.558906
v 7.897571 8.501794 18.446281
vn 0.499572 0.661856 0.558906
v 6.259450 9.998665 18.137903
vn 0.499451 0.661767 0.559119
v 6.259450 9.998665 18.137903
vn 0.499451 0.661767 0.559119
v 7.897571 8.501794 18.446281
vn 0.499451 0.661767 0.559119
v 8.042558 8.665463 18.123049
vn 0.587724 0.783825 0.200499
v 6.259450 9.998665 18.137903
vn 0.587724 0.783825 0.200499
v 8.042558 8.665463 18.123049
vn 0.587724 0.783825 0.200499
v 6.298599 10.067064 17.755749
vn 0.587753 0.783832 0.200387
v 6.298599 10.067064 17.755749
vn 0.587753 0.783832 0.200387
v 8.042558 8.665463 18.123049
vn 0.587753 0.783832 0.200387
v 8.093047 8.725327 17.740799
vn 0.051128 -0.198446 0.978777
v 3.804081 -10.516980 18.574894
vn 0.051128 -0.198446 0.978777
v 1.816888 -11.036108 18.573444
vn 0.051128 -0.198446 0.978777
v 3.934887 -10.875920 18.495285
vn 0.051136 -0.198565 0.978753
v 3.934887 -10.875920 18.495285
vn 0.051136 -0.198565 0.978753
v 1.816888 -11.036108 18.573444
vn 0.051136 -0.198565 0.978753
v 1.878491 -11.413025 18.493759
vn 0.142120 -0.546478 0.825327
v 3.934887 -10.875920 18.495285
vn 0.142120 -0.546478 0.825327
v 1.878491 -11.413025 18.493759
vn 0.142120 -0.546478 0.825327
v 4.045427 -11.178816 18.275694
vn 0.142117 -0.546391 0.825384
v 4.045427 -11.178816 18.275694
vn 0.142117 -0.546391 0.825384
v 1.878491 -11.413025 18.493759
vn 0.142117 -0.546391 0.825384
v 1.930481 -11.731328 18.274096
vn 0.211348 -0.810591 0.546145
v 4.045427 -11.178816 18.275694
vn 0.211348 -0.810591 0.546145
v 1.930481 -11.731328 18.274096
vn 0.211348 -0.810591 0.546145
v 4.119099 -11.379508 17.949314
vn 0.211352 -0.810512 0.546260
v 4.119099 -11.379508 17.949314
vn 0.211352 -0.810512 0.546260
v 1.930481 -11.731328 18.274096
vn 0.211352 -0.810512 0.546260
v 1.964930 -11.942314 17.947716
vn 0.248260 -0.950755 0.185558
v 4.119099 -11.379508 17.949314
vn 0.248260 -0.950755 0.185558
v 1.964930 -11.942314 17.947716
vn 0.248260 -0.950755 0.185558
v 4.144500 -11.447692 17.565973
vn 0.248231 -0.950809 0.185323
v 4.144500 -11.447692 17.565973
vn 0.248231 -0.950809 0.185323
v 1.964930 -11.942314 17.947716
vn 0.248231 -0.950809 0.185323
v 1.976590 -12.014010 17.564257
vn 0.080466 0.888690 0.451393
v 4.304568 11.152326 13.906117
vn 0.080466 0.888690 0.451393
v 4.408729 11.271210 13.653494
vn 0.080466 0.888690 0.451393
v 4.354721 11.288701 13.628685
vn 0.093115 0.885544 0.455127
v 4.408729 11.271210 13.653494
vn 0.093115 0.885544 0.455127
v 4.304568 11.152326 13.906117
vn 0.093115 0.885544 0.455127
v 4.936104 11.087107 13.903808
vn 0.358920 0.923939 0.132335
v 4.678837 10.955475 14.276616
vn 0.358920 0.923939 0.132335
v 4.569413 10.967834 14.487106
vn 0.358920 0.923939 0.132335
v 5.738437 10.409753 15.212902
vn 0.377174 0.919683 0.109195
v 4.678837 10.955475 14.276616
vn 0.377174 0.919683 0.109195
v 5.738437 10.409753 15.212902
vn 0.377174 0.919683 0.109195
v 5.870597 10.384632 14.967978
vn 0.446128 0.882268 0.150240
v 5.870597 10.384632 14.967978
vn 0.446128 0.882268 0.150240
v 5.738437 10.409753 15.212902
vn 0.446128 0.882268 0.150240
v 6.856124 9.718938 15.950736
vn 0.464177 0.876419 0.128178
v 5.870597 10.384632 14.967978
vn 0.464177 0.876419 0.128178
v 6.856124 9.718938 15.950736
vn 0.464177 0.876419 0.128178
v 7.005372 9.681404 15.666899
vn 0.238221 0.911152 0.336232
v 4.803409 10.996019 14.078486
vn 0.238221 0.911152 0.336232
v 4.678837 10.955475 14.276616
vn 0.238221 0.911152 0.336232
v 6.029645 10.430262 14.742838
vn 0.232764 0.907966 0.348452
v 6.029645 10.430262 14.742838
vn 0.232764 0.907966 0.348452
v 4.678837 10.955475 14.276616
vn 0.232764 0.907966 0.348452
v 5.870597 10.384632 14.967978
vn 0.297895 0.872510 0.387278
v 6.029645 10.430262 14.742838
vn 0.297895 0.872510 0.387278
v 5.870597 10.384632 14.967978
vn 0.297895 0.872510 0.387278
v 7.198215 9.733650 15.413389
vn 0.291465 0.868600 0.400728
v 7.198215 9.733650 15.413389
vn 0.291465 0.868600 0.400728
v 5.870597 10.384632 14.967978
vn 0.291465 0.868600 0.400728
v 7.005372 9.681404 15.666899
vn 0.360118 0.820944 0.443131
v 7.198215 9.733650 15.413389
vn 0.360118 0.820944 0.443131
v 7.005372 9.681404 15.666899
vn 0.360118 0.820944 0.443131
v 8.292962 8.910580 16.048544
vn 0.158556 0.659288 0.734983
v 9.303588 8.434725 16.257370
vn 0.158556 0.659288 0.734983
v 8.554912 9.070079 15.848961
vn 0.158556 0.659288 0.734983
v 8.292962 8.910580 16.048544
vn 0.105356 0.704805 0.701534
v 8.292962 8.910580 16.048544
vn 0.105356 0.704805 0.701534
v 8.554912 9.070079 15.848961
vn 0.105356 0.704805 0.701534
v 7.414652 9.869963 15.216592
vn 0.154746 0.724309 0.671885
v 8.292962 8.910580 16.048544
vn 0.154746 0.724309 0.671885
v 7.414652 9.869963 15.216592
vn 0.154746 0.724309 0.671885
v 7.198215 9.733650 15.413389
vn 0.085535 0.772542 0.629176
v 7.198215 9.733650 15.413389
vn 0.085535 0.772542 0.629176
v 7.414652 9.869963 15.216592
vn 0.085535 0.772542 0.629176
v 6.203025 10.543090 14.554802
vn 0.130497 0.792443 0.595823
v 7.198215 9.733650 15.413389
vn 0.130497 0.792443 0.595823
v 6.203025 10.543090 14.554802
vn 0.130497 0.792443 0.595823
v 6.029645 10.430262 14.742838
vn 0.067910 0.826633 0.558629
v 6.029645 10.430262 14.742838
vn 0.067910 0.826633 0.558629
v 6.203025 10.543090 14.554802
vn 0.067910 0.826633 0.558629
v 4.936104 11.087107 13.903808
vn 0.107183 0.845872 0.522505
v 6.029645 10.430262 14.742838
vn 0.107183 0.845872 0.522505
v 4.936104 11.087107 13.903808
vn 0.107183 0.845872 0.522505
v 4.803409 10.996019 14.078486
vn 0.090010 0.853419 0.513395
v 4.803409 10.996019 14.078486
vn 0.090010 0.853419 0.513395
v 4.936104 11.087107 13.903808
vn 0.090010 0.853419 0.513395
v 4.304568 11.152326 13.906117
vn 0.185984 0.933072 0.307874
v 4.803409 10.996019 14.078486
vn 0.185984 0.933072 0.307874
v 4.304568 11.152326 13.906117
vn 0.185984 0.933072 0.307874
v 4.678837 10.955475 14.276616
vn 0.316840 0.932157 0.175201
v 4.678837 10.955475 14.276616
vn 0.316840 0.932157 0.175201
v 4.304568 11.152326 13.906117
vn 0.316840 0.932157 0.175201
v 4.280337 11.082900 14.319318
vn 0.313231 0.943581 0.107429
v 4.678837 10.955475 14.276616
vn 0.313231 0.943581 0.107429
v 4.280337 11.082900 14.319318
vn 0.313231 0.943581 0.107429
v 4.569413 10.967834 14.487106
vn 0.615517 0.764935 0.189772
v 7.907921 8.897676 16.655972
vn 0.615517 0.764935 0.189772
v 8.794116 8.040188 17.238012
vn 0.615517 0.764935 0.189772
v 8.067196 8.850362 16.330082
vn 0.628976 0.757979 0.172789
v 8.067196 8.850362 16.330082
vn 0.628976 0.757979 0.172789
v 8.794116 8.040188 17.238012
vn 0.628976 0.757979 0.172789
v 8.956184 7.989166 16.871878
vn 0.414557 0.751140 0.513742
v 8.067196 8.850362 16.330082
vn 0.414557 0.751140 0.513742
v 8.956184 7.989166 16.871878
vn 0.414557 0.751140 0.513742
v 9.210629 8.057814 16.566187
vn 0.149935 0.604221 0.782583
v 9.516070 8.235056 16.370821
vn 0.149935 0.604221 0.782583
v 9.303588 8.434725 16.257370
vn 0.149935 0.604221 0.782583
v 9.210629 8.057814 16.566187
vn 0.125580 0.610041 0.782355
v 9.210629 8.057814 16.566187
vn 0.125580 0.610041 0.782355
v 9.303588 8.434725 16.257370
vn 0.125580 0.610041 0.782355
v 8.292962 8.910580 16.048544
vn 0.421354 0.756778 0.499748
v 9.210629 8.057814 16.566187
vn 0.421354 0.756778 0.499748
v 8.292962 8.910580 16.048544
vn 0.421354 0.756778 0.499748
v 8.067196 8.850362 16.330082
vn 0.352945 0.816117 0.457583
v 8.067196 8.850362 16.330082
vn 0.352945 0.816117 0.457583
v 8.292962 8.910580 16.048544
vn 0.352945 0.816117 0.457583
v 7.005372 9.681404 15.666899
vn 0.549850 0.821789 0.149424
v 8.067196 8.850362 16.330082
vn 0.549850 0.821789 0.149424
v 7.005372 9.681404 15.666899
vn 0.549850 0.821789 0.149424
v 7.907921 8.897676 16.655972
vn 0.532824 0.828859 0.170563
v 7.907921 8.897676 16.655972
vn 0.532824 0.828859 0.170563
v 7.005372 9.681404 15.666899
vn 0.532824 0.828859 0.170563
v 6.856124 9.718938 15.950736
vn 0.149569 0.539333 0.828703
v 10.366722 7.330115 16.806242
vn 0.149569 0.539333 0.828703
v 9.516070 8.235056 16.370821
vn 0.149569 0.539333 0.828703
v 10.017931 7.141545 16.991917
vn 0.198396 0.551323 0.810359
v 10.017931 7.141545 16.991917
vn 0.198396 0.551323 0.810359
v 9.516070 8.235056 16.370821
vn 0.198396 0.551323 0.810359
v 9.210629 8.057814 16.566187
vn 0.470244 0.677244 0.565872
v 10.017931 7.141545 16.991917
vn 0.470244 0.677244 0.565872
v 9.210629 8.057814 16.566187
vn 0.470244 0.677244 0.565872
v 9.737191 7.063410 17.318727
vn 0.484245 0.676403 0.554964
v 9.737191 7.063410 17.318727
vn 0.484245 0.676403 0.554964
v 9.210629 8.057814 16.566187
vn 0.484245 0.676403 0.554964
v 8.956184 7.989166 16.871878
vn 0.701287 0.685716 0.194910
v 9.737191 7.063410 17.318727
vn 0.701287 0.685716 0.194910
v 8.956184 7.989166 16.871878
vn 0.701287 0.685716 0.194910
v 9.578349 7.110672 17.723969
vn 0.690717 0.692176 0.209289
v 9.578349 7.110672 17.723969
vn 0.690717 0.692176 0.209289
v 8.956184 7.989166 16.871878
vn 0.690717 0.692176 0.209289
v 8.794116 8.040188 17.238012
vn 0.555519 0.563081 0.611832
v 10.017931 7.141545 16.991917
vn 0.555519 0.563081 0.611832
v 9.737191 7.063410 17.318727
vn 0.555519 0.563081 0.611832
v 10.329744 6.262528 17.517778
vn 0.515846 0.180976 0.837347
v 11.575104 3.598178 17.773300
vn 0.515846 0.180976 0.837347
v 11.880128 3.699958 17.563393
vn 0.515846 0.180976 0.837347
v 11.790995 3.947668 17.564766
vn 0.155332 0.432553 0.888127
v 10.366722 7.330115 16.806242
vn 0.155332 0.432553 0.888127
v 10.621396 6.345100 17.241440
vn 0.155332 0.432553 0.888127
v 10.973166 6.503983 17.102533
vn 0.217017 0.324439 0.920675
v 10.973166 6.503983 17.102533
vn 0.217017 0.324439 0.920675
v 10.621396 6.345100 17.241440
vn 0.217017 0.324439 0.920675
v 11.143210 5.443791 17.436056
vn 0.156396 0.319133 0.934716
v 10.973166 6.503983 17.102533
vn 0.156396 0.319133 0.934716
v 11.143210 5.443791 17.436056
vn 0.156396 0.319133 0.934716
v 11.492529 5.579755 17.331186
vn 0.196571 0.230101 0.953107
v 11.492529 5.579755 17.331186
vn 0.196571 0.230101 0.953107
v 11.143210 5.443791 17.436056
vn 0.196571 0.230101 0.953107
v 11.362233 4.991030 17.500191
vn 0.168415 0.237366 0.956710
v 11.492529 5.579755 17.331186
vn 0.168415 0.237366 0.956710
v 11.362233 4.991030 17.500191
vn 0.168415 0.237366 0.956710
v 11.710823 5.119372 17.406982
vn 0.205635 0.144411 0.967915
v 11.710823 5.119372 17.406982
vn 0.205635 0.144411 0.967915
v 11.362233 4.991030 17.500191
vn 0.205635 0.144411 0.967915
v 11.790995 3.947668 17.564766
vn 0.160928 0.142524 0.976621
v 11.710823 5.119372 17.406982
vn 0.160928 0.142524 0.976621
v 11.790995 3.947668 17.564766
vn 0.160928 0.142524 0.976621
v 12.145619 4.066582 17.488977
vn 0.188533 0.062408 0.980082
v 12.145619 4.066582 17.488977
vn 0.188533 0.062408 0.980082
v 11.790995 3.947668 17.564766
vn 0.188533 0.062408 0.980082
v 11.880128 3.699958 17.563393
vn 0.177634 0.070600 0.981561
v 12.145619 4.066582 17.488977
vn 0.177634 0.070600 0.981561
v 11.880128 3.699958 17.563393
vn 0.177634 0.070600 0.981561
v 12.238242 3.817666 17.490118
vn 0.223709 0.441703 0.868823
v 10.366722 7.330115 16.806242
vn 0.223709 0.441703 0.868823
v 10.017931 7.141545 16.991917
vn 0.223709 0.441703 0.868823
v 10.621396 6.345100 17.241440
vn 0.474481 0.569741 0.671017
v 10.621396 6.345100 17.241440
vn 0.474481 0.569741 0.671017
v 10.017931 7.141545 16.991917
vn 0.474481 0.569741 0.671017
v 10.329744 6.262528 17.517778
vn 0.536967 0.463128 0.705109
v 10.621396 6.345100 17.241440
vn 0.536967 0.463128 0.705109
v 10.329744 6.262528 17.517778
vn 0.536967 0.463128 0.705109
v 11.143210 5.443791 17.436056
vn 0.493605 0.414090 0.764777
v 11.143210 5.443791 17.436056
vn 0.493605 0.414090 0.764777
v 10.329744 6.262528 17.517778
vn 0.493605 0.414090 0.764777
v 10.847469 5.357300 17.673765
vn 0.518047 0.360482 0.775680
v 11.143210 5.443791 17.436056
vn 0.518047 0.360482 0.775680
v 10.847469 5.357300 17.673765
vn 0.518047 0.360482 0.775680
v 11.362233 4.991030 17.500191
vn 0.504286 0.330705 0.797702
v 11.362233 4.991030 17.500191
vn 0.504286 0.330705 0.797702
v 10.847469 5.357300 17.673765
vn 0.504286 0.330705 0.797702
v 11.065279 4.901683 17.724957
vn 0.529143 0.267291 0.805334
v 11.362233 4.991030 17.500191
vn 0.529143 0.267291 0.805334
v 11.065279 4.901683 17.724957
vn 0.529143 0.267291 0.805334
v 11.790995 3.947668 17.564766
vn 0.499835 0.240510 0.832058
v 11.790995 3.947668 17.564766
vn 0.499835 0.240510 0.832058
v 11.065279 4.901683 17.724957
vn 0.499835 0.240510 0.832058
v 11.488324 3.848833 17.775156
vn 0.522842 0.174840 0.834306
v 11.790995 3.947668 17.564766
vn 0.522842 0.174840 0.834306
v 11.488324 3.848833 17.775156
vn 0.522842 0.174840 0.834306
v 11.575104 3.598178 17.773300
vn 0.777978 0.265130 0.569611
v 11.575104 3.598178 17.773300
vn 0.777978 0.265130 0.569611
v 11.488324 3.848833 17.775156
vn 0.777978 0.265130 0.569611
v 11.368087 3.527499 18.088943
vn 0.781045 0.261512 0.567081
v 11.368087 3.527499 18.088943
vn 0.781045 0.261512 0.567081
v 11.488324 3.848833 17.775156
vn 0.781045 0.261512 0.567081
v 11.281705 3.784462 18.089418
vn 0.756046 0.330716 0.564820
v 11.281705 3.784462 18.089418
vn 0.756046 0.330716 0.564820
v 11.488324 3.848833 17.775156
vn 0.756046 0.330716 0.564820
v 11.065279 4.901683 17.724957
vn 0.785515 0.324140 0.527162
v 11.281705 3.784462 18.089418
vn 0.785515 0.324140 0.527162
v 11.065279 4.901683 17.724957
vn 0.785515 0.324140 0.527162
v 10.863458 4.864670 18.048447
vn 0.749342 0.416104 0.515116
v 10.863458 4.864670 18.048447
vn 0.749342 0.416104 0.515116
v 11.065279 4.901683 17.724957
vn 0.749342 0.416104 0.515116
v 10.847469 5.357300 17.673765
vn 0.778041 0.396106 0.487599
v 10.863458 4.864670 18.048447
vn 0.778041 0.396106 0.487599
v 10.847469 5.357300 17.673765
vn 0.778041 0.396106 0.487599
v 10.650027 5.333299 18.008312
vn 0.730558 0.498282 0.466906
v 10.650027 5.333299 18.008312
vn 0.730558 0.498282 0.466906
v 10.847469 5.357300 17.673765
vn 0.730558 0.498282 0.466906
v 10.329744 6.262528 17.517778
vn 0.791798 0.475367 0.383513
v 10.650027 5.333299 18.008312
vn 0.791798 0.475367 0.383513
v 10.329744 6.262528 17.517778
vn 0.791798 0.475367 0.383513
v 10.147267 6.270112 17.885120
vn 0.712973 0.612395 0.341528
v 10.147267 6.270112 17.885120
vn 0.712973 0.612395 0.341528
v 10.329744 6.262528 17.517778
vn 0.712973 0.612395 0.341528
v 9.737191 7.063410 17.318727
vn 0.782119 0.575275 0.239474
v 10.147267 6.270112 17.885120
vn 0.782119 0.575275 0.239474
v 9.737191 7.063410 17.318727
vn 0.782119 0.575275 0.239474
v 9.578349 7.110672 17.723969
vn 0.133283 -0.149582 0.979725
v 7.957531 -10.269239 17.370424
vn 0.133283 -0.149582 0.979725
v 9.591323 -8.740752 17.381529
vn 0.133283 -0.149582 0.979725
v 9.310976 -8.489758 17.457989
vn 0.189316 0.034894 0.981296
v 12.238242 3.817666 17.490118
vn 0.189316 0.034894 0.981296
v 11.880128 3.699958 17.563393
vn 0.189316 0.034894 0.981296
v 12.745484 1.638670 17.469742
vn 0.189175 0.034833 0.981325
v 12.745484 1.638670 17.469742
vn 0.189175 0.034833 0.981325
v 11.880128 3.699958 17.563393
vn 0.189175 0.034833 0.981325
v 12.372475 1.584920 17.543556
vn 0.193900 0.001619 0.981020
v 12.745484 1.638670 17.469742
vn 0.193900 0.001619 0.981020
v 12.372475 1.584920 17.543556
vn 0.193900 0.001619 0.981020
v 12.866485 -0.595171 17.449511
vn 0.193801 0.001595 0.981040
v 12.866485 -0.595171 17.449511
vn 0.193801 0.001595 0.981040
v 12.372475 1.584920 17.543556
vn 0.193801 0.001595 0.981040
v 12.489862 -0.583339 17.523891
vn 0.192687 -0.031953 0.980740
v 12.866485 -0.595171 17.449511
vn 0.192687 -0.031953 0.980740
v 12.489862 -0.583339 17.523891
vn 0.192687 -0.031953 0.980740
v 12.597700 -2.816064 17.429962
vn 0.192953 -0.031938 0.980688
v 12.597700 -2.816064 17.429962
vn 0.192953 -0.031938 0.980688
v 12.489862 -0.583339 17.523891
vn 0.192953 -0.031938 0.980688
v 12.228946 -2.739066 17.505024
vn 0.186022 -0.064851 0.980403
v 12.597700 -2.816064 17.429962
vn 0.186022 -0.064851 0.980403
v 12.228946 -2.739066 17.505024
vn 0.186022 -0.064851 0.980403
v 11.947237 -4.956693 17.411785
vn 0.185886 -0.064835 0.980430
v 11.947237 -4.956693 17.411785
vn 0.185886 -0.064835 0.980430
v 12.228946 -2.739066 17.505024
vn 0.185886 -0.064835 0.980430
v 11.597558 -4.816774 17.487335
vn 0.173354 -0.096014 0.980168
v 11.947237 -4.956693 17.411785
vn 0.173354 -0.096014 0.980168
v 11.597558 -4.816774 17.487335
vn 0.173354 -0.096014 0.980168
v 10.934827 -6.951783 17.395409
vn 0.173411 -0.096031 0.980156
v 10.934827 -6.951783 17.395409
vn 0.173411 -0.096031 0.980156
v 11.597558 -4.816774 17.487335
vn 0.173411 -0.096031 0.980156
v 10.614980 -6.753292 17.471443
vn 0.155679 -0.124517 0.979928
v 10.934827 -6.951783 17.395409
vn 0.155679 -0.124517 0.979928
v 10.614980 -6.753292 17.471443
vn 0.155679 -0.124517 0.979928
v 9.591323 -8.740752 17.381529
vn 0.536224 0.116984 0.835930
v 11.880128 3.699958 17.563393
vn 0.536224 0.116984 0.835930
v 11.575104 3.598178 17.773300
vn 0.536224 0.116984 0.835930
v 12.372475 1.584920 17.543556
vn 0.536067 0.116909 0.836041
v 12.372475 1.584920 17.543556
vn 0.536067 0.116909 0.836041
v 11.575104 3.598178 17.773300
vn 0.536067 0.116909 0.836041
v 12.054637 1.537774 17.753946
vn 0.549543 0.022178 0.835171
v 12.372475 1.584920 17.543556
vn 0.549543 0.022178 0.835171
v 12.054637 1.537774 17.753946
vn 0.549543 0.022178 0.835171
v 12.489862 -0.583339 17.523891
vn 0.549689 0.022218 0.835074
v 12.489862 -0.583339 17.523891
vn 0.549689 0.022218 0.835074
v 12.054637 1.537774 17.753946
vn 0.549689 0.022218 0.835074
v 12.169129 -0.574577 17.734783
vn 0.546516 -0.073449 0.834222
v 12.489862 -0.583339 17.523891
vn 0.546516 -0.073449 0.834222
v 12.169129 -0.574577 17.734783
vn 0.546516 -0.073449 0.834222
v 12.228946 -2.739066 17.505024
vn 0.546520 -0.073449 0.834219
v 12.228946 -2.739066 17.505024
vn 0.546520 -0.073449 0.834219
v 12.169129 -0.574577 17.734783
vn 0.546520 -0.073449 0.834219
v 11.914934 -2.674744 17.716404
vn 0.526773 -0.167174 0.833405
v 12.228946 -2.739066 17.505024
vn 0.526773 -0.167174 0.833405
v 11.914934 -2.674744 17.716404
vn 0.526773 -0.167174 0.833405
v 11.597558 -4.816774 17.487335
vn 0.526659 -0.167165 0.833479
v 11.597558 -4.816774 17.487335
vn 0.526659 -0.167165 0.833479
v 11.914934 -2.674744 17.716404
vn 0.526659 -0.167165 0.833479
v 11.299813 -4.698776 17.699141
vn 0.490953 -0.255940 0.832742
v 11.597558 -4.816774 17.487335
vn 0.490953 -0.255940 0.832742
v 11.299813 -4.698776 17.699141
vn 0.490953 -0.255940 0.832742
v 10.614980 -6.753292 17.471443
vn 0.491282 -0.256026 0.832522
v 10.614980 -6.753292 17.471443
vn 0.491282 -0.256026 0.832522
v 11.299813 -4.698776 17.699141
vn 0.491282 -0.256026 0.832522
v 10.342588 -6.585371 17.683826
vn 0.133253 -0.149560 0.979732
v 7.957531 -10.269239 17.370424
vn 0.133253 -0.149560 0.979732
v 9.310976 -8.489758 17.457989
vn 0.133253 -0.149560 0.979732
v 7.725095 -9.973303 17.447214
vn 0.376429 -0.408434 0.831554
v 7.725095 -9.973303 17.447214
vn 0.376429 -0.408434 0.831554
v 9.310976 -8.489758 17.457989
vn 0.376429 -0.408434 0.831554
v 9.072159 -8.276949 17.670622
vn 0.376571 -0.408532 0.831442
v 7.725095 -9.973303 17.447214
vn 0.376571 -0.408532 0.831442
v 9.072159 -8.276949 17.670622
vn 0.376571 -0.408532 0.831442
v 7.527261 -9.722328 17.660133
vn 0.563654 -0.606533 0.560724
v 7.527261 -9.722328 17.660133
vn 0.563654 -0.606533 0.560724
v 9.072159 -8.276949 17.670622
vn 0.563654 -0.606533 0.560724
v 8.910160 -8.133984 17.988111
vn 0.563607 -0.606507 0.560800
v 7.527261 -9.722328 17.660133
vn 0.563607 -0.606507 0.560800
v 8.910160 -8.133984 17.988111
vn 0.563607 -0.606507 0.560800
v 7.393097 -9.553321 17.977751
vn 0.155745 -0.124550 0.979914
v 9.591323 -8.740752 17.381529
vn 0.155745 -0.124550 0.979914
v 10.614980 -6.753292 17.471443
vn 0.155745 -0.124550 0.979914
v 9.310976 -8.489758 17.457989
vn 0.440647 -0.337351 0.831880
v 9.310976 -8.489758 17.457989
vn 0.440647 -0.337351 0.831880
v 10.614980 -6.753292 17.471443
vn 0.440647 -0.337351 0.831880
v 10.342588 -6.585371 17.683826
vn 0.440360 -0.337220 0.832085
v 9.310976 -8.489758 17.457989
vn 0.440360 -0.337220 0.832085
v 10.342588 -6.585371 17.683826
vn 0.440360 -0.337220 0.832085
v 9.072159 -8.276949 17.670622
vn 0.659561 -0.499735 0.561466
v 9.072159 -8.276949 17.670622
vn 0.659561 -0.499735 0.561466
v 10.342588 -6.585371 17.683826
vn 0.659561 -0.499735 0.561466
v 10.157763 -6.472884 18.001064
vn 0.659513 -0.499719 0.561537
v 9.072159 -8.276949 17.670622
vn 0.659513 -0.499719 0.561537
v 10.157763 -6.472884 18.001064
vn 0.659513 -0.499719 0.561537
v 8.910160 -8.133984 17.988111
vn 0.803156 0.181594 0.567418
v 11.575104 3.598178 17.773300
vn 0.803156 0.181594 0.567418
v 11.368087 3.527499 18.088943
vn 0.803156 0.181594 0.567418
v 12.054637 1.537774 17.753946
vn 0.803218 0.181633 0.567318
v 12.054637 1.537774 17.753946
vn 0.803218 0.181633 0.567318
v 11.368087 3.527499 18.088943
vn 0.803218 0.181633 0.567318
v 11.838979 1.504205 18.070024
vn 0.823443 0.039497 0.566022
v 12.054637 1.537774 17.753946
vn 0.823443 0.039497 0.566022
v 11.838979 1.504205 18.070024
vn 0.823443 0.039497 0.566022
v 12.169129 -0.574577 17.734783
vn 0.823499 0.039519 0.565940
v 12.169129 -0.574577 17.734783
vn 0.823499 0.039519 0.565940
v 11.838979 1.504205 18.070024
vn 0.823499 0.039519 0.565940
v 11.951469 -0.570186 18.051191
vn 0.818741 -0.104038 0.564659
v 12.169129 -0.574577 17.734783
vn 0.818741 -0.104038 0.564659
v 11.951469 -0.570186 18.051191
vn 0.818741 -0.104038 0.564659
v 11.914934 -2.674744 17.716404
vn 0.818563 -0.104075 0.564910
v 11.914934 -2.674744 17.716404
vn 0.818563 -0.104075 0.564910
v 11.951469 -0.570186 18.051191
vn 0.818563 -0.104075 0.564910
v 11.701759 -2.632483 18.033083
vn 0.788931 -0.244571 0.563713
v 11.914934 -2.674744 17.716404
vn 0.788931 -0.244571 0.563713
v 11.701759 -2.632483 18.033083
vn 0.788931 -0.244571 0.563713
v 11.299813 -4.698776 17.699141
vn 0.789122 -0.244565 0.563449
v 11.299813 -4.698776 17.699141
vn 0.789122 -0.244565 0.563449
v 11.701759 -2.632483 18.033083
vn 0.789122 -0.244565 0.563449
v 11.097781 -4.620199 18.016197
vn 0.735567 -0.377778 0.562338
v 11.299813 -4.698776 17.699141
vn 0.735567 -0.377778 0.562338
v 11.097781 -4.620199 18.016197
vn 0.735567 -0.377778 0.562338
v 10.342588 -6.585371 17.683826
vn 0.841746 -0.387117 0.376302
v 10.342588 -6.585371 17.683826
vn 0.841746 -0.387117 0.376302
v 11.097781 -4.620199 18.016197
vn 0.841746 -0.387117 0.376302
v 10.645410 -5.611820 18.007980
vn 0.717001 -0.410585 0.563320
v 10.342588 -6.585371 17.683826
vn 0.717001 -0.410585 0.563320
v 10.645410 -5.611820 18.007980
vn 0.717001 -0.410585 0.563320
v 10.157763 -6.472884 18.001064
vn 0.308444 -0.462201 0.831404
v 7.725095 -9.973303 17.447214
vn 0.308444 -0.462201 0.831404
v 7.527261 -9.722328 17.660133
vn 0.308444 -0.462201 0.831404
v 6.925844 -10.118898 17.662790
vn 0.226253 -0.923204 0.310650
v 5.456183 -10.915671 17.349545
vn 0.226253 -0.923204 0.310650
v 5.609345 -10.947175 17.144369
vn 0.226253 -0.923204 0.310650
v 5.895167 -10.847772 17.231611
vn 0.100506 -0.387844 0.916229
v 7.957531 -10.269239 17.370424
vn 0.100506 -0.387844 0.916229
v 7.108438 -10.292868 17.453564
vn 0.100506 -0.387844 0.916229
v 7.312820 -10.519985 17.335005
vn 0.082905 -0.401521 0.912090
v 7.312820 -10.519985 17.335005
vn 0.082905 -0.401521 0.912090
v 7.108438 -10.292868 17.453564
vn 0.082905 -0.401521 0.912090
v 6.490201 -10.595611 17.376486
vn 0.095267 -0.601003 0.793549
v 7.312820 -10.519985 17.335005
vn 0.095267 -0.601003 0.793549
v 6.490201 -10.595611 17.376486
vn 0.095267 -0.601003 0.793549
v 6.677107 -10.760762 17.228968
vn 0.071444 -0.618278 0.782705
v 6.677107 -10.760762 17.228968
vn 0.071444 -0.618278 0.782705
v 6.490201 -10.595611 17.376486
vn 0.071444 -0.618278 0.782705
v 5.895167 -10.847772 17.231611
vn 0.089112 -0.782096 0.616754
v 6.677107 -10.760762 17.228968
vn 0.089112 -0.782096 0.616754
v 5.895167 -10.847772 17.231611
vn 0.089112 -0.782096 0.616754
v 6.066864 -10.961249 17.062904
vn 0.085266 -0.784388 0.614382
v 6.066864 -10.961249 17.062904
vn 0.085266 -0.784388 0.614382
v 5.895167 -10.847772 17.231611
vn 0.085266 -0.784388 0.614382
v 5.609345 -10.947175 17.144369
vn 0.062771 -0.862822 0.501595
v 6.066864 -10.961249 17.062904
vn 0.062771 -0.862822 0.501595
v 5.609345 -10.947175 17.144369
vn 0.062771 -0.862822 0.501595
v 5.772810 -11.038385 16.967018
vn 0.100768 -0.174988 0.979400
v 7.957531 -10.269239 17.370424
vn 0.100768 -0.174988 0.979400
v 7.725095 -9.973303 17.447214
vn 0.100768 -0.174988 0.979400
v 7.108438 -10.292868 17.453564
vn 0.308932 -0.581178 0.752857
v 7.108438 -10.292868 17.453564
vn 0.308932 -0.581178 0.752857
v 7.725095 -9.973303 17.447214
vn 0.308932 -0.581178 0.752857
v 6.925844 -10.118898 17.662790
vn 0.224250 -0.644135 0.731302
v 7.108438 -10.292868 17.453564
vn 0.224250 -0.644135 0.731302
v 6.925844 -10.118898 17.662790
vn 0.224250 -0.644135 0.731302
v 6.490201 -10.595611 17.376486
vn 0.336576 -0.691472 0.639204
v 6.490201 -10.595611 17.376486
vn 0.336576 -0.691472 0.639204
v 6.925844 -10.118898 17.662790
vn 0.336576 -0.691472 0.639204
v 6.318640 -10.487736 17.583517
vn 0.196071 -0.793598 0.575985
v 6.490201 -10.595611 17.376486
vn 0.196071 -0.793598 0.575985
v 6.318640 -10.487736 17.583517
vn 0.196071 -0.793598 0.575985
v 5.895167 -10.847772 17.231611
vn 0.316861 -0.826857 0.464657
v 5.895167 -10.847772 17.231611
vn 0.316861 -0.826857 0.464657
v 6.318640 -10.487736 17.583517
vn 0.316861 -0.826857 0.464657
v 5.734927 -10.793623 17.437243
vn 0.248436 -0.871379 0.423059
v 5.895167 -10.847772 17.231611
vn 0.248436 -0.871379 0.423059
v 5.734927 -10.793623 17.437243
vn 0.248436 -0.871379 0.423059
v 5.456183 -10.915671 17.349545
vn 0.372855 -0.922605 0.098886
v 5.456183 -10.915671 17.349545
vn 0.372855 -0.922605 0.098886
v 5.734927 -10.793623 17.437243
vn 0.372855 -0.922605 0.098886
v 5.323515 -10.945809 17.568594
vn 0.395976 -0.895645 0.202540
v 5.323515 -10.945809 17.568594
vn 0.395976 -0.895645 0.202540
v 5.734927 -10.793623 17.437243
vn 0.395976 -0.895645 0.202540
v 5.597781 -10.802727 17.665108
vn 0.411357 -0.886438 0.212165
v 5.597781 -10.802727 17.665108
vn 0.411357 -0.886438 0.212165
v 5.734927 -10.793623 17.437243
vn 0.411357 -0.886438 0.212165
v 6.318640 -10.487736 17.583517
vn 0.406751 -0.834676 0.371308
v 5.597781 -10.802727 17.665108
vn 0.406751 -0.834676 0.371308
v 6.318640 -10.487736 17.583517
vn 0.406751 -0.834676 0.371308
v 6.176760 -10.446079 17.832582
vn 0.441332 -0.809685 0.386827
v 6.176760 -10.446079 17.832582
vn 0.441332 -0.809685 0.386827
v 6.318640 -10.487736 17.583517
vn 0.441332 -0.809685 0.386827
v 6.925844 -10.118898 17.662790
vn 0.439385 -0.747228 0.498589
v 6.176760 -10.446079 17.832582
vn 0.439385 -0.747228 0.498589
v 6.925844 -10.118898 17.662790
vn 0.439385 -0.747228 0.498589
v 6.784514 -10.016792 17.940361
vn 0.476120 -0.718664 0.506786
v 6.784514 -10.016792 17.940361
vn 0.476120 -0.718664 0.506786
v 6.925844 -10.118898 17.662790
vn 0.476120 -0.718664 0.506786
v 7.527261 -9.722328 17.660133
vn 0.479270 -0.674618 0.561418
v 6.784514 -10.016792 17.940361
vn 0.479270 -0.674618 0.561418
v 7.527261 -9.722328 17.660133
vn 0.479270 -0.674618 0.561418
v 7.393097 -9.553321 17.977751
vn 0.279977 -0.960004 -0.002295
v 4.515313 -11.294220 16.366623
vn 0.279977 -0.960004 -0.002295
v 4.704450 -11.239060 16.366884
vn 0.279977 -0.960004 -0.002295
v 4.714042 -11.236490 16.462198
vn 0.279464 -0.960156 -0.001136
v 4.515313 -11.294220 16.366623
vn 0.279464 -0.960156 -0.001136
v 4.714042 -11.236490 16.462198
vn 0.279464 -0.960156 -0.001136
v 4.524629 -11.291659 16.494526
vn 0.281056 -0.959649 0.009059
v 4.524629 -11.291659 16.494526
vn 0.281056 -0.959649 0.009059
v 4.714042 -11.236490 16.462198
vn 0.281056 -0.959649 0.009059
v 4.741209 -11.227659 16.554899
vn 0.279835 -0.959949 0.013757
v 4.524629 -11.291659 16.494526
vn 0.279835 -0.959949 0.013757
v 4.741209 -11.227659 16.554899
vn 0.279835 -0.959949 0.013757
v 4.551185 -11.282131 16.619219
vn 0.281667 -0.959310 0.019713
v 4.551185 -11.282131 16.619219
vn 0.281667 -0.959310 0.019713
v 4.741209 -11.227659 16.554899
vn 0.281667 -0.959310 0.019713
v 4.771523 -11.217402 16.620934
vn 0.281554 -0.959140 0.027902
v 4.551185 -11.282131 16.619219
vn 0.281554 -0.959140 0.027902
v 4.771523 -11.217402 16.620934
vn 0.281554 -0.959140 0.027902
v 4.580636 -11.270897 16.708231
vn 0.286936 -0.957075 0.040937
v 4.580636 -11.270897 16.708231
vn 0.286936 -0.957075 0.040937
v 4.771523 -11.217402 16.620934
vn 0.286936 -0.957075 0.040937
v 4.939931 -11.157425 16.842724
vn 0.281869 -0.957867 0.055142
v 4.580636 -11.270897 16.708231
vn 0.281869 -0.957867 0.055142
v 4.939931 -11.157425 16.842724
vn 0.281869 -0.957867 0.055142
v 4.744891 -11.205273 17.008556
vn 0.299463 -0.950928 0.077836
v 4.744891 -11.205273 17.008556
vn 0.299463 -0.950928 0.077836
v 4.939931 -11.157425 16.842724
vn 0.299463 -0.950928 0.077836
v 5.219109 -11.051201 17.066372
vn 0.296540 -0.949875 0.099002
v 4.744891 -11.205273 17.008556
vn 0.296540 -0.949875 0.099002
v 5.219109 -11.051201 17.066372
vn 0.296540 -0.949875 0.099002
v 5.017829 -11.087949 17.316692
vn 0.025068 -0.879422 0.475382
v 5.772810 -11.038385 16.967018
vn 0.025068 -0.879422 0.475382
v 5.609345 -10.947175 17.144369
vn 0.025068 -0.879422 0.475382
v 5.506830 -11.099313 16.868332
vn 0.311696 -0.876346 0.367238
v 5.506830 -11.099313 16.868332
vn 0.311696 -0.876346 0.367238
v 5.609345 -10.947175 17.144369
vn 0.311696 -0.876346 0.367238
v 5.456183 -10.915671 17.349545
vn 0.052779 -0.931114 0.360888
v 5.506830 -11.099313 16.868332
vn 0.052779 -0.931114 0.360888
v 5.456183 -10.915671 17.349545
vn 0.052779 -0.931114 0.360888
v 5.442775 -11.113407 16.841335
vn 0.358510 -0.929246 0.089284
v 5.323515 -10.945809 17.568594
vn 0.358510 -0.929246 0.089284
v 5.017829 -11.087949 17.316692
vn 0.358510 -0.929246 0.089284
v 5.456183 -10.915671 17.349545
vn 0.352178 -0.924237 0.147504
v 5.456183 -10.915671 17.349545
vn 0.352178 -0.924237 0.147504
v 5.017829 -11.087949 17.316692
vn 0.352178 -0.924237 0.147504
v 5.219109 -11.051201 17.066372
vn 0.102462 -0.927949 0.358346
v 5.456183 -10.915671 17.349545
vn 0.102462 -0.927949 0.358346
v 5.219109 -11.051201 17.066372
vn 0.102462 -0.927949 0.358346
v 5.442775 -11.113407 16.841335
vn 0.082905 -0.936319 0.341222
v 5.442775 -11.113407 16.841335
vn 0.082905 -0.936319 0.341222
v 5.219109 -11.051201 17.066372
vn 0.082905 -0.936319 0.341222
v 4.939931 -11.157425 16.842724
vn 0.085564 -0.970320 0.226183
v 5.442775 -11.113407 16.841335
vn 0.085564 -0.970320 0.226183
v 4.939931 -11.157425 16.842724
vn 0.085564 -0.970320 0.226183
v 5.148335 -11.175256 16.687389
vn 0.072242 -0.975270 0.208878
v 5.148335 -11.175256 16.687389
vn 0.072242 -0.975270 0.208878
v 4.939931 -11.157425 16.842724
vn 0.072242 -0.975270 0.208878
v 4.771523 -11.217402 16.620934
vn 0.088932 -0.988462 0.122613
v 5.148335 -11.175256 16.687389
vn 0.088932 -0.988462 0.122613
v 4.771523 -11.217402 16.620934
vn 0.088932 -0.988462 0.122613
v 4.971181 -11.209798 16.537416
vn 0.085570 -0.989736 0.114460
v 4.971181 -11.209798 16.537416
vn 0.085570 -0.989736 0.114460
v 4.771523 -11.217402 16.620934
vn 0.085570 -0.989736 0.114460
v 4.741209 -11.227659 16.554899
vn 0.082709 -0.993930 0.072546
v 4.971181 -11.209798 16.537416
vn 0.082709 -0.993930 0.072546
v 4.741209 -11.227659 16.554899
vn 0.082709 -0.993930 0.072546
v 4.939318 -11.215698 16.492910
vn 0.082125 -0.994115 0.070642
v 4.939318 -11.215698 16.492910
vn 0.082125 -0.994115 0.070642
v 4.741209 -11.227659 16.554899
vn 0.082125 -0.994115 0.070642
v 4.714042 -11.236490 16.462198
vn 0.086304 -0.995430 0.040876
v 4.939318 -11.215698 16.492910
vn 0.086304 -0.995430 0.040876
v 4.714042 -11.236490 16.462198
vn 0.086304 -0.995430 0.040876
v 4.910785 -11.220730 16.430613
vn 0.082794 -0.996394 0.018530
v 4.910785 -11.220730 16.430613
vn 0.082794 -0.996394 0.018530
v 4.714042 -11.236490 16.462198
vn 0.082794 -0.996394 0.018530
v 4.704450 -11.239060 16.366884
vn 0.086152 -0.996253 0.007618
v 4.910785 -11.220730 16.430613
vn 0.086152 -0.996253 0.007618
v 4.704450 -11.239060 16.366884
vn 0.086152 -0.996253 0.007618
v 4.900786 -11.222083 16.366722
vn 0.184071 -0.982871 -0.009125
v 4.857126 -10.976812 -10.932093
vn 0.184071 -0.982871 -0.009125
v 4.900786 -11.222083 16.366722
vn 0.184071 -0.982871 -0.009125
v 4.471071 -11.045543 -11.316638
vn 0.086139 -0.996253 -0.007690
v 4.471071 -11.045543 -11.316638
vn 0.086139 -0.996253 -0.007690
v 4.900786 -11.222083 16.366722
vn 0.086139 -0.996253 -0.007690
v 4.704450 -11.239060 16.366884
vn 0.279975 -0.959965 -0.009071
v 4.471071 -11.045543 -11.316638
vn 0.279975 -0.959965 -0.009071
v 4.704450 -11.239060 16.366884
vn 0.279975 -0.959965 -0.009071
v 4.515313 -11.294220 16.366623
vn -0.001696 -0.267441 0.963573
v 1.959269 -11.931695 -11.936077
vn -0.001696 -0.267441 0.963573
v 8.419689 -12.012396 -11.947102
vn -0.001696 -0.267441 0.963573
v 9.085678 -11.521966 -11.809810
vn -0.062033 -0.110735 0.991912
v 1.929409 -11.749122 -11.917562
vn -0.062033 -0.110735 0.991912
v 1.959269 -11.931695 -11.936077
vn -0.062033 -0.110735 0.991912
v 3.277476 -11.449412 -11.799797
vn -0.001683 -0.267662 0.963511
v 3.277476 -11.449412 -11.799797
vn -0.001683 -0.267662 0.963511
v 1.959269 -11.931695 -11.936077
vn -0.001683 -0.267662 0.963511
v 9.085678 -11.521966 -11.809810
vn -0.005669 -0.567446 0.823391
v 3.277476 -11.449412 -11.799797
vn -0.005669 -0.567446 0.823391
v 9.085678 -11.521966 -11.809810
vn -0.005669 -0.567446 0.823391
v 3.652564 -11.336693 -11.719533
vn -0.014789 -0.753790 0.656948
v 3.652564 -11.336693 -11.719533
vn -0.014789 -0.753790 0.656948
v 9.085678 -11.521966 -11.809810
vn -0.014789 -0.753790 0.656948
v 4.330766 -11.099719 -11.432360
vn -0.011675 -0.968150 0.250098
v 9.555487 -11.165014 -11.441319
vn -0.011675 -0.968150 0.250098
v 10.057907 -11.041829 -10.941006
vn -0.011675 -0.968150 0.250098
v 4.857126 -10.976812 -10.932093
vn 0.002040 -0.653584 0.756851
v 9.085678 -11.521966 -11.809810
vn 0.002040 -0.653584 0.756851
v 9.406263 -11.265999 -11.589631
vn 0.002040 -0.653584 0.756851
v 4.330766 -11.099719 -11.432360
vn -0.009299 -0.822173 0.569162
v 4.330766 -11.099719 -11.432360
vn -0.009299 -0.822173 0.569162
v 9.406263 -11.265999 -11.589631
vn -0.009299 -0.822173 0.569162
v 9.555487 -11.165014 -11.441319
vn -0.010511 -0.900658 0.434402
v 4.330766 -11.099719 -11.432360
vn -0.010511 -0.900658 0.434402
v 9.555487 -11.165014 -11.441319
vn -0.010511 -0.900658 0.434402
v 4.471071 -11.045543 -11.316638
vn -0.018299 -0.980893 0.193686
v 4.471071 -11.045543 -11.316638
vn -0.018299 -0.980893 0.193686
v 9.555487 -11.165014 -11.441319
vn -0.018299 -0.980893 0.193686
v 4.857126 -10.976812 -10.932093
vn 0.566095 -0.824298 -0.008320
v 9.555487 -11.165014 -11.441319
vn 0.566095 -0.824298 -0.008320
v 9.406263 -11.265999 -11.589631
vn 0.566095 -0.824298 -0.008320
v 9.399592 -11.228673 -15.741743
vn 0.567839 -0.823097 -0.008401
v 9.399592 -11.228673 -15.741743
vn 0.567839 -0.823097 -0.008401
v 9.544316 -11.128837 -15.741149
vn 0.567839 -0.823097 -0.008401
v 9.555487 -11.165014 -11.441319
vn 0.414722 -0.909906 -0.008733
v 9.555487 -11.165014 -11.441319
vn 0.414722 -0.909906 -0.008733
v 9.544316 -11.128837 -15.741149
vn 0.414722 -0.909906 -0.008733
v 9.704385 -11.055884 -15.740678
vn 0.252910 -0.967361 -0.015796
v 9.555487 -11.165014 -11.441319
vn 0.252910 -0.967361 -0.015796
v 9.704385 -11.055884 -15.740678
vn 0.252910 -0.967361 -0.015796
v 10.057907 -11.041829 -10.941006
vn 0.249184 -0.968332 -0.015518
v 10.057907 -11.041829 -10.941006
vn 0.249184 -0.968332 -0.015518
v 9.704385 -11.055884 -15.740678
vn 0.249184 -0.968332 -0.015518
v 9.874761 -11.012043 -15.740543
vn 0.075652 -0.997093 -0.009075
v 10.057907 -11.041829 -10.941006
vn 0.075652 -0.997093 -0.009075
v 9.874761 -11.012043 -15.740543
vn 0.075652 -0.997093 -0.009075
v 10.050138 -10.998735 -15.740696
vn 0.414390 -0.908936 -0.046009
v 9.704385 -11.055884 -15.740678
vn 0.414390 -0.908936 -0.046009
v 9.544316 -11.128837 -15.741149
vn 0.414390 -0.908936 -0.046009
v 9.578554 -11.097675 -16.048391
vn 0.385765 -0.872277 -0.300530
v 10.125114 -10.678437 -16.737984
vn 0.385765 -0.872277 -0.300530
v 10.209599 -10.663516 -16.672848
vn 0.385765 -0.872277 -0.300530
v 9.958697 -10.859735 -16.425394
vn 0.016426 -0.430934 -0.902234
v 11.165703 -10.484526 -16.615343
vn 0.016426 -0.430934 -0.902234
v 11.315149 -10.226336 -16.735941
vn 0.016426 -0.430934 -0.902234
v 11.465348 -10.329613 -16.683878
vn 0.098869 -0.329544 -0.938949
v 11.465348 -10.329613 -16.683878
vn 0.098869 -0.329544 -0.938949
v 11.315149 -10.226336 -16.735941
vn 0.098869 -0.329544 -0.938949
v 11.870963 -10.061333 -16.735327
vn -0.030344 -0.143810 -0.989140
v 11.465348 -10.329613 -16.683878
vn -0.030344 -0.143810 -0.989140
v 11.870963 -10.061333 -16.735327
vn -0.030344 -0.143810 -0.989140
v 11.906995 -10.085129 -16.732971
vn 0.021040 -0.066839 -0.997542
v 11.906995 -10.085129 -16.732971
vn 0.021040 -0.066839 -0.997542
v 11.870963 -10.061333 -16.735327
vn 0.021040 -0.066839 -0.997542
v 12.018707 -10.017217 -16.735167
vn 0.029122 -0.080096 -0.996362
v 11.906995 -10.085129 -16.732971
vn 0.029122 -0.080096 -0.996362
v 12.018707 -10.017217 -16.735167
vn 0.029122 -0.080096 -0.996362
v 12.027969 -10.014452 -16.735117
vn 0.252335 -0.745840 -0.616482
v 10.902357 -10.357541 -16.736467
vn 0.252335 -0.745840 -0.616482
v 10.553354 -10.585125 -16.603981
vn 0.252335 -0.745840 -0.616482
v 10.865390 -10.370054 -16.736460
vn 0.304481 -0.779211 -0.547834
v 10.865390 -10.370054 -16.736460
vn 0.304481 -0.779211 -0.547834
v 10.553354 -10.585125 -16.603981
vn 0.304481 -0.779211 -0.547834
v 10.324595 -10.580621 -16.737528
vn 0.484782 -0.843538 -0.231148
v 10.125114 -10.678437 -16.737984
vn 0.484782 -0.843538 -0.231148
v 9.958697 -10.859735 -16.425394
vn 0.484782 -0.843538 -0.231148
v 9.963184 -10.771332 -16.738596
vn 0.628890 -0.769882 -0.108533
v 9.688646 -10.972441 -16.740032
vn 0.628890 -0.769882 -0.108533
v 9.785486 -10.893426 -16.739395
vn 0.628890 -0.769882 -0.108533
v 9.796089 -10.911123 -16.552420
vn 0.047361 -0.770397 -0.635803
v 10.595892 -10.757542 -16.391895
vn 0.047361 -0.770397 -0.635803
v 10.553354 -10.585125 -16.603981
vn 0.047361 -0.770397 -0.635803
v 10.760236 -10.681437 -16.471869
vn 0.156582 -0.665148 -0.730109
v 10.760236 -10.681437 -16.471869
vn 0.156582 -0.665148 -0.730109
v 10.553354 -10.585125 -16.603981
vn 0.156582 -0.665148 -0.730109
v 10.902357 -10.357541 -16.736467
vn 0.041673 -0.643007 -0.764726
v 10.760236 -10.681437 -16.471869
vn 0.041673 -0.643007 -0.764726
v 10.902357 -10.357541 -16.736467
vn 0.041673 -0.643007 -0.764726
v 11.165703 -10.484526 -16.615343
vn 0.163233 -0.482380 -0.860619
v 11.165703 -10.484526 -16.615343
vn 0.163233 -0.482380 -0.860619
v 10.902357 -10.357541 -16.736467
vn 0.163233 -0.482380 -0.860619
v 10.947927 -10.342263 -16.736387
vn 0.155944 -0.490687 -0.857268
v 11.165703 -10.484526 -16.615343
vn 0.155944 -0.490687 -0.857268
v 10.947927 -10.342263 -16.736387
vn 0.155944 -0.490687 -0.857268
v 11.315149 -10.226336 -16.735941
vn 0.090114 -0.875413 -0.474902
v 10.360802 -10.862950 -16.242199
vn 0.090114 -0.875413 -0.474902
v 10.137401 -10.848854 -16.310574
vn 0.090114 -0.875413 -0.474902
v 10.595892 -10.757542 -16.391895
vn 0.061770 -0.818647 -0.570965
v 10.595892 -10.757542 -16.391895
vn 0.061770 -0.818647 -0.570965
v 10.137401 -10.848854 -16.310574
vn 0.061770 -0.818647 -0.570965
v 10.397003 -10.685754 -16.516340
vn 0.127857 -0.756863 -0.640945
v 10.595892 -10.757542 -16.391895
vn 0.127857 -0.756863 -0.640945
v 10.397003 -10.685754 -16.516340
vn 0.127857 -0.756863 -0.640945
v 10.553354 -10.585125 -16.603981
vn 0.271385 -0.836402 -0.476216
v 10.553354 -10.585125 -16.603981
vn 0.271385 -0.836402 -0.476216
v 10.397003 -10.685754 -16.516340
vn 0.271385 -0.836402 -0.476216
v 10.303578 -10.590146 -16.737501
vn 0.331771 -0.733640 -0.593043
v 10.553354 -10.585125 -16.603981
vn 0.331771 -0.733640 -0.593043
v 10.303578 -10.590146 -16.737501
vn 0.331771 -0.733640 -0.593043
v 10.324595 -10.580621 -16.737528
vn 0.069142 -0.908053 -0.413109
v 10.360802 -10.862950 -16.242199
vn 0.069142 -0.908053 -0.413109
v 10.324140 -10.879051 -16.212944
vn 0.069142 -0.908053 -0.413109
v 10.137401 -10.848854 -16.310574
vn 0.057932 -0.917084 -0.394462
v 10.137401 -10.848854 -16.310574
vn 0.057932 -0.917084 -0.394462
v 10.324140 -10.879051 -16.212944
vn 0.057932 -0.917084 -0.394462
v 10.276271 -10.899903 -16.171495
vn 0.098798 -0.898202 -0.428335
v 10.137401 -10.848854 -16.310574
vn 0.098798 -0.898202 -0.428335
v 10.276271 -10.899903 -16.171495
vn 0.098798 -0.898202 -0.428335
v 10.091737 -10.877239 -16.261583
vn 0.037170 -0.948450 -0.314739
v 10.091737 -10.877239 -16.261583
vn 0.037170 -0.948450 -0.314739
v 10.276271 -10.899903 -16.171495
vn 0.037170 -0.948450 -0.314739
v 10.126230 -10.964869 -15.993444
vn 0.103817 -0.941372 -0.321000
v 10.091737 -10.877239 -16.261583
vn 0.103817 -0.941372 -0.321000
v 10.126230 -10.964869 -15.993444
vn 0.103817 -0.941372 -0.321000
v 9.947726 -10.965840 -16.048326
vn 0.062870 -0.980321 -0.187130
v 9.947726 -10.965840 -16.048326
vn 0.062870 -0.980321 -0.187130
v 10.126230 -10.964869 -15.993444
vn 0.062870 -0.980321 -0.187130
v 10.087507 -10.981634 -15.918624
vn 0.085028 -0.973947 -0.210234
v 9.947726 -10.965840 -16.048326
vn 0.085028 -0.973947 -0.210234
v 10.087507 -10.981634 -15.918624
vn 0.085028 -0.973947 -0.210234
v 9.910646 -10.988695 -15.957441
vn 0.058030 -0.994823 -0.083427
v 9.910646 -10.988695 -15.957441
vn 0.058030 -0.994823 -0.083427
v 10.087507 -10.981634 -15.918624
vn 0.058030 -0.994823 -0.083427
v 10.050138 -10.998735 -15.740696
vn 0.075243 -0.992686 -0.094406
v 10.050138 -10.998735 -15.740696
vn 0.075243 -0.992686 -0.094406
v 9.874761 -11.012043 -15.740543
vn 0.075243 -0.992686 -0.094406
v 9.910646 -10.988695 -15.957441
vn 0.237533 -0.969200 -0.065026
v 9.910646 -10.988695 -15.957441
vn 0.237533 -0.969200 -0.065026
v 9.874761 -11.012043 -15.740543
vn 0.237533 -0.969200 -0.065026
v 9.739097 -11.027805 -16.001171
vn 0.253340 -0.957563 -0.137446
v 9.910646 -10.988695 -15.957441
vn 0.253340 -0.957563 -0.137446
v 9.739097 -11.027805 -16.001171
vn 0.253340 -0.957563 -0.137446
v 9.947726 -10.965840 -16.048326
vn 0.247725 -0.955580 -0.159685
v 9.947726 -10.965840 -16.048326
vn 0.247725 -0.955580 -0.159685
v 9.739097 -11.027805 -16.001171
vn 0.247725 -0.955580 -0.159685
v 9.775003 -11.000266 -16.110266
vn 0.263807 -0.940825 -0.212733
v 9.947726 -10.965840 -16.048326
vn 0.263807 -0.940825 -0.212733
v 9.775003 -11.000266 -16.110266
vn 0.263807 -0.940825 -0.212733
v 10.091737 -10.877239 -16.261583
vn 0.240188 -0.935791 -0.258078
v 10.091737 -10.877239 -16.261583
vn 0.240188 -0.935791 -0.258078
v 9.775003 -11.000266 -16.110266
vn 0.240188 -0.935791 -0.258078
v 9.914525 -10.893764 -16.366594
vn 0.258935 -0.920671 -0.292093
v 10.091737 -10.877239 -16.261583
vn 0.258935 -0.920671 -0.292093
v 9.914525 -10.893764 -16.366594
vn 0.258935 -0.920671 -0.292093
v 10.137401 -10.848854 -16.310574
vn 0.264843 -0.907440 -0.326207
v 10.137401 -10.848854 -16.310574
vn 0.264843 -0.907440 -0.326207
v 9.914525 -10.893764 -16.366594
vn 0.264843 -0.907440 -0.326207
v 9.958697 -10.859735 -16.425394
vn 0.281045 -0.892478 -0.352841
v 10.137401 -10.848854 -16.310574
vn 0.281045 -0.892478 -0.352841
v 9.958697 -10.859735 -16.425394
vn 0.281045 -0.892478 -0.352841
v 10.397003 -10.685754 -16.516340
vn 0.255100 -0.866726 -0.428614
v 10.397003 -10.685754 -16.516340
vn 0.255100 -0.866726 -0.428614
v 9.958697 -10.859735 -16.425394
vn 0.255100 -0.866726 -0.428614
v 10.209599 -10.663516 -16.672848
vn 0.306891 -0.819534 -0.483923
v 10.397003 -10.685754 -16.516340
vn 0.306891 -0.819534 -0.483923
v 10.209599 -10.663516 -16.672848
vn 0.306891 -0.819534 -0.483923
v 10.303578 -10.590146 -16.737501
vn 0.416502 -0.839978 -0.347796
v 10.303578 -10.590146 -16.737501
vn 0.416502 -0.839978 -0.347796
v 10.209599 -10.663516 -16.672848
vn 0.416502 -0.839978 -0.347796
v 10.125114 -10.678437 -16.737984
vn 0.248626 -0.965994 -0.070994
v 9.874761 -11.012043 -15.740543
vn 0.248626 -0.965994 -0.070994
v 9.704385 -11.055884 -15.740678
vn 0.248626 -0.965994 -0.070994
v 9.739097 -11.027805 -16.001171
vn 0.409446 -0.911289 -0.043668
v 9.739097 -11.027805 -16.001171
vn 0.409446 -0.911289 -0.043668
v 9.704385 -11.055884 -15.740678
vn 0.409446 -0.911289 -0.043668
v 9.578554 -11.097675 -16.048391
vn 0.419558 -0.903264 -0.089922
v 9.739097 -11.027805 -16.001171
vn 0.419558 -0.903264 -0.089922
v 9.578554 -11.097675 -16.048391
vn 0.419558 -0.903264 -0.089922
v 9.775003 -11.000266 -16.110266
vn 0.417159 -0.903538 -0.097970
v 9.775003 -11.000266 -16.110266
vn 0.417159 -0.903538 -0.097970
v 9.578554 -11.097675 -16.048391
vn 0.417159 -0.903538 -0.097970
v 9.614136 -11.067261 -16.177378
vn 0.429102 -0.892749 -0.137367
v 9.775003 -11.000266 -16.110266
vn 0.429102 -0.892749 -0.137367
v 9.614136 -11.067261 -16.177378
vn 0.429102 -0.892749 -0.137367
v 9.914525 -10.893764 -16.366594
vn 0.417168 -0.894934 -0.158317
v 9.914525 -10.893764 -16.366594
vn 0.417168 -0.894934 -0.158317
v 9.614136 -11.067261 -16.177378
vn 0.417168 -0.894934 -0.158317
v 9.752207 -10.949012 -16.481998
vn 0.432411 -0.882328 -0.185792
v 9.914525 -10.893764 -16.366594
vn 0.432411 -0.882328 -0.185792
v 9.752207 -10.949012 -16.481998
vn 0.432411 -0.882328 -0.185792
v 9.958697 -10.859735 -16.425394
vn 0.434711 -0.877766 -0.201378
v 9.958697 -10.859735 -16.425394
vn 0.434711 -0.877766 -0.201378
v 9.752207 -10.949012 -16.481998
vn 0.434711 -0.877766 -0.201378
v 9.796089 -10.911123 -16.552420
vn 0.455481 -0.858455 -0.235778
v 9.958697 -10.859735 -16.425394
vn 0.455481 -0.858455 -0.235778
v 9.796089 -10.911123 -16.552420
vn 0.455481 -0.858455 -0.235778
v 9.963184 -10.771332 -16.738596
vn 0.563230 -0.819018 -0.109460
v 9.963184 -10.771332 -16.738596
vn 0.563230 -0.819018 -0.109460
v 9.796089 -10.911123 -16.552420
vn 0.563230 -0.819018 -0.109460
v 9.785486 -10.893426 -16.739395
vn 0.589130 -0.804605 -0.074414
v 9.688646 -10.972441 -16.740032
vn 0.589130 -0.804605 -0.074414
v 9.796089 -10.911123 -16.552420
vn 0.589130 -0.804605 -0.074414
v 9.656735 -11.000819 -16.685825
vn 0.585966 -0.807371 -0.069249
v 9.656735 -11.000819 -16.685825
vn 0.585966 -0.807371 -0.069249
v 9.796089 -10.911123 -16.552420
vn 0.585966 -0.807371 -0.069249
v 9.752207 -10.949012 -16.481998
vn 0.586033 -0.807319 -0.069293
v 9.656735 -11.000819 -16.685825
vn 0.586033 -0.807319 -0.069293
v 9.752207 -10.949012 -16.481998
vn 0.586033 -0.807319 -0.069293
v 9.611825 -11.040539 -16.602894
vn 0.577735 -0.814417 -0.054284
v 9.611825 -11.040539 -16.602894
vn 0.577735 -0.814417 -0.054284
v 9.752207 -10.949012 -16.481998
vn 0.577735 -0.814417 -0.054284
v 9.614136 -11.067261 -16.177378
vn 0.577005 -0.814933 -0.054312
v 9.611825 -11.040539 -16.602894
vn 0.577005 -0.814933 -0.054312
v 9.614136 -11.067261 -16.177378
vn 0.577005 -0.814933 -0.054312
v 9.470673 -11.164192 -16.247105
vn 0.571347 -0.819931 -0.035723
v 9.470673 -11.164192 -16.247105
vn 0.571347 -0.819931 -0.035723
v 9.614136 -11.067261 -16.177378
vn 0.571347 -0.819931 -0.035723
v 9.578554 -11.097675 -16.048391
vn 0.571860 -0.819555 -0.036127
v 9.470673 -11.164192 -16.247105
vn 0.571860 -0.819555 -0.036127
v 9.578554 -11.097675 -16.048391
vn 0.571860 -0.819555 -0.036127
v 9.434458 -11.196063 -16.097347
vn 0.568416 -0.822496 -0.020078
v 9.434458 -11.196063 -16.097347
vn 0.568416 -0.822496 -0.020078
v 9.578554 -11.097675 -16.048391
vn 0.568416 -0.822496 -0.020078
v 9.544316 -11.128837 -15.741149
vn 0.567780 -0.822943 -0.019798
v 9.434458 -11.196063 -16.097347
vn 0.567780 -0.822943 -0.019798
v 9.544316 -11.128837 -15.741149
vn 0.567780 -0.822943 -0.019798
v 9.399592 -11.228673 -15.741743
vn 0.009354 0.641543 0.767030
v 4.760722 12.691745 -11.308365
vn 0.009354 0.641543 0.767030
v 7.094513 13.020164 -11.611514
vn 0.009354 0.641543 0.767030
v 4.893857 13.047622 -11.607643
vn 0.004512 0.224208 0.974531
v 4.893857 13.047622 -11.607643
vn 0.004512 0.224208 0.974531
v 7.094513 13.020164 -11.611514
vn 0.004512 0.224208 0.974531
v 6.173011 13.486039 -11.714431
vn 0.004420 0.224460 0.974473
v 4.893857 13.047622 -11.607643
vn 0.004420 0.224460 0.974473
v 6.173011 13.486039 -11.714431
vn 0.004420 0.224460 0.974473
v 5.064378 13.499845 -11.712582
vn 0.019575 0.919111 0.393513
v 4.694033 12.509557 -10.879519
vn 0.019575 0.919111 0.393513
v 7.953548 12.505098 -11.031245
vn 0.019575 0.919111 0.393513
v 4.760722 12.691745 -11.308365
vn 0.011852 0.887289 0.461061
v 4.760722 12.691745 -11.308365
vn 0.011852 0.887289 0.461061
v 7.953548 12.505098 -11.031245
vn 0.011852 0.887289 0.461061
v 7.718684 12.654860 -11.313418
vn 0.009312 0.641711 0.766890
v 4.760722 12.691745 -11.308365
vn 0.009312 0.641711 0.766890
v 7.718684 12.654860 -11.313418
vn 0.009312 0.641711 0.766890
v 7.094513 13.020164 -11.611514
vn 0.011543 0.960633 -0.277582
v 8.314795 12.495411 -10.420618
vn 0.011543 0.960633 -0.277582
v 8.311181 12.493897 -10.426005
vn 0.011543 0.960633 -0.277582
v 4.708090 12.540546 -10.414393
vn 0.012175 0.984250 -0.176362
v 4.708090 12.540546 -10.414393
vn 0.012175 0.984250 -0.176362
v 8.311181 12.493897 -10.426005
vn 0.012175 0.984250 -0.176362
v 8.161698 12.453717 -10.660563
vn 0.020299 0.997541 -0.067076
v 4.708090 12.540546 -10.414393
vn 0.020299 0.997541 -0.067076
v 8.161698 12.453717 -10.660563
vn 0.020299 0.997541 -0.067076
v 4.694033 12.509557 -10.879519
vn 0.012951 0.998686 0.049583
v 4.694033 12.509557 -10.879519
vn 0.012951 0.998686 0.049583
v 8.161698 12.453717 -10.660563
vn 0.012951 0.998686 0.049583
v 8.037767 12.465908 -10.873741
vn 0.012280 0.971857 0.235252
v 4.694033 12.509557 -10.879519
vn 0.012280 0.971857 0.235252
v 8.037767 12.465908 -10.873741
vn 0.012280 0.971857 0.235252
v 7.953548 12.505098 -11.031245
vn 0.145719 0.690092 -0.708900
v 11.523544 9.835183 -14.494320
vn 0.145719 0.690092 -0.708900
v 11.750796 9.922082 -14.363014
vn 0.145719 0.690092 -0.708900
v 12.530893 9.074736 -15.027526
vn 0.480135 0.876341 -0.038684
v 8.026434 12.459198 -11.166416
vn 0.480135 0.876341 -0.038684
v 7.953548 12.505098 -11.031245
vn 0.480135 0.876341 -0.038684
v 8.037767 12.465908 -10.873741
vn 0.067683 0.947791 -0.311628
v 8.311181 12.493897 -10.426005
vn 0.067683 0.947791 -0.311628
v 8.314795 12.495411 -10.420618
vn 0.067683 0.947791 -0.311628
v 8.857222 12.183946 -11.250102
vn 0.707179 0.520724 -0.478273
v 13.246041 7.112732 -16.306767
vn 0.707179 0.520724 -0.478273
v 13.688245 6.250547 -16.591633
vn 0.707179 0.520724 -0.478273
v 13.683058 6.257617 -16.591604
vn 0.213642 0.203881 -0.955400
v 15.064368 4.623211 -16.592209
vn 0.213642 0.203881 -0.955400
v 14.472788 5.195035 -16.602468
vn 0.213642 0.203881 -0.955400
v 14.681038 5.623264 -16.464516
vn 0.245342 0.187115 -0.951207
v 14.681038 5.623264 -16.464516
vn 0.245342 0.187115 -0.951207
v 14.472788 5.195035 -16.602468
vn 0.245342 0.187115 -0.951207
v 14.451196 5.224863 -16.602169
vn 0.088586 0.067270 -0.993794
v 15.232779 4.085813 -16.613573
vn 0.088586 0.067270 -0.993794
v 15.222279 4.102337 -16.613390
vn 0.088586 0.067270 -0.993794
v 15.064368 4.623211 -16.592209
vn 0.091079 0.068015 -0.993518
v 15.064368 4.623211 -16.592209
vn 0.091079 0.068015 -0.993518
v 15.222279 4.102337 -16.613390
vn 0.091079 0.068015 -0.993518
v 15.148234 4.217298 -16.612309
vn 0.081033 0.065989 -0.994525
v 15.064368 4.623211 -16.592209
vn 0.081033 0.065989 -0.994525
v 15.148234 4.217298 -16.612309
vn 0.081033 0.065989 -0.994525
v 14.472788 5.195035 -16.602468
vn 0.823247 0.552201 -0.131676
v 12.529881 7.895906 -16.574982
vn 0.823247 0.552201 -0.131676
v 12.486508 8.063406 -16.143726
vn 0.823247 0.552201 -0.131676
v 13.045827 7.124847 -16.582804
vn 0.658063 0.603074 -0.450839
v 13.045827 7.124847 -16.582804
vn 0.658063 0.603074 -0.450839
v 12.486508 8.063406 -16.143726
vn 0.658063 0.603074 -0.450839
v 13.246041 7.112732 -16.306767
vn 0.703059 0.518011 -0.487209
v 13.045827 7.124847 -16.582804
vn 0.703059 0.518011 -0.487209
v 13.246041 7.112732 -16.306767
vn 0.703059 0.518011 -0.487209
v 13.502620 6.498891 -16.589165
vn 0.688770 0.520204 -0.504959
v 13.502620 6.498891 -16.589165
vn 0.688770 0.520204 -0.504959
v 13.246041 7.112732 -16.306767
vn 0.688770 0.520204 -0.504959
v 13.683058 6.257617 -16.591604
vn 0.183316 0.224894 -0.956984
v 14.451196 5.224863 -16.602169
vn 0.183316 0.224894 -0.956984
v 14.337242 5.508014 -16.557457
vn 0.183316 0.224894 -0.956984
v 14.681038 5.623264 -16.464516
vn 0.162733 0.277999 -0.946697
v 14.681038 5.623264 -16.464516
vn 0.162733 0.277999 -0.946697
v 14.337242 5.508014 -16.557457
vn 0.162733 0.277999 -0.946697
v 14.024073 6.209225 -16.405378
vn 0.181801 0.298395 -0.936968
v 14.681038 5.623264 -16.464516
vn 0.181801 0.298395 -0.936968
v 14.024073 6.209225 -16.405378
vn 0.181801 0.298395 -0.936968
v 14.352229 6.329002 -16.303560
vn 0.148120 0.372845 -0.915995
v 14.352229 6.329002 -16.303560
vn 0.148120 0.372845 -0.915995
v 14.024073 6.209225 -16.405378
vn 0.148120 0.372845 -0.915995
v 13.513185 7.174202 -16.095207
vn 0.178550 0.398966 -0.899414
v 14.352229 6.329002 -16.303560
vn 0.178550 0.398966 -0.899414
v 13.513185 7.174202 -16.095207
vn 0.178550 0.398966 -0.899414
v 13.817290 7.294677 -15.981397
vn 0.135502 0.477872 -0.867916
v 13.817290 7.294677 -15.981397
vn 0.135502 0.477872 -0.867916
v 13.513185 7.174202 -16.095207
vn 0.135502 0.477872 -0.867916
v 12.927558 8.099351 -15.677253
vn 0.167697 0.505360 -0.846457
v 13.817290 7.294677 -15.981397
vn 0.167697 0.505360 -0.846457
v 12.927558 8.099351 -15.677253
vn 0.167697 0.505360 -0.846457
v 13.206286 8.213933 -15.553623
vn 0.128758 0.565642 -0.814537
v 13.206286 8.213933 -15.553623
vn 0.128758 0.565642 -0.814537
v 12.927558 8.099351 -15.677253
vn 0.128758 0.565642 -0.814537
v 12.861087 8.671000 -15.290789
vn 0.028260 0.562101 -0.826585
v 12.861087 8.671000 -15.290789
vn 0.028260 0.562101 -0.826585
v 12.927558 8.099351 -15.677253
vn 0.028260 0.562101 -0.826585
v 12.530893 9.074736 -15.027526
vn 0.162715 0.591981 -0.789356
v 12.530893 9.074736 -15.027526
vn 0.162715 0.591981 -0.789356
v 12.927558 8.099351 -15.677253
vn 0.162715 0.591981 -0.789356
v 12.277278 8.971410 -15.157294
vn 0.108697 0.663208 -0.740500
v 12.530893 9.074736 -15.027526
vn 0.108697 0.663208 -0.740500
v 12.277278 8.971410 -15.157294
vn 0.108697 0.663208 -0.740500
v 11.523544 9.835183 -14.494320
vn 0.795980 0.586971 -0.147923
v 12.529881 7.895906 -16.574982
vn 0.795980 0.586971 -0.147923
v 12.371118 8.145972 -16.437017
vn 0.795980 0.586971 -0.147923
v 12.486508 8.063406 -16.143726
vn 0.770078 0.625186 -0.126974
v 12.486508 8.063406 -16.143726
vn 0.770078 0.625186 -0.126974
v 12.371118 8.145972 -16.437017
vn 0.770078 0.625186 -0.126974
v 11.739750 9.042500 -15.851904
vn 0.764609 0.627276 -0.147979
v 12.486508 8.063406 -16.143726
vn 0.764609 0.627276 -0.147979
v 11.739750 9.042500 -15.851904
vn 0.764609 0.627276 -0.147979
v 11.862763 8.954513 -15.589266
vn 0.720166 0.685392 -0.107693
v 11.862763 8.954513 -15.589266
vn 0.720166 0.685392 -0.107693
v 11.739750 9.042500 -15.851904
vn 0.720166 0.685392 -0.107693
v 11.010684 9.924693 -15.112771
vn 0.711580 0.690009 -0.132447
v 11.862763 8.954513 -15.589266
vn 0.711580 0.690009 -0.132447
v 11.010684 9.924693 -15.112771
vn 0.711580 0.690009 -0.132447
v 11.138723 9.836545 -14.884094
vn 0.678457 0.727899 -0.099295
v 11.138723 9.836545 -14.884094
vn 0.678457 0.727899 -0.099295
v 11.010684 9.924693 -15.112771
vn 0.678457 0.727899 -0.099295
v 10.675560 10.286350 -14.751401
vn 0.687487 0.724115 -0.054949
v 11.138723 9.836545 -14.884094
vn 0.687487 0.724115 -0.054949
v 10.675560 10.286350 -14.751401
vn 0.687487 0.724115 -0.054949
v 10.255157 10.747266 -13.937289
vn 0.638269 0.762977 -0.102366
v 10.675560 10.286350 -14.751401
vn 0.638269 0.762977 -0.102366
v 10.125223 10.830576 -14.126498
vn 0.638269 0.762977 -0.102366
v 10.255157 10.747266 -13.937289
vn 0.605969 0.792652 -0.067119
v 10.255157 10.747266 -13.937289
vn 0.605969 0.792652 -0.067119
v 10.125223 10.830576 -14.126498
vn 0.605969 0.792652 -0.067119
v 9.319023 11.531517 -13.127222
vn 0.589862 0.801930 -0.094715
v 10.255157 10.747266 -13.937289
vn 0.589862 0.801930 -0.094715
v 9.319023 11.531517 -13.127222
vn 0.589862 0.801930 -0.094715
v 9.447219 11.455400 -12.973317
vn 0.553977 0.831003 -0.050446
v 9.447219 11.455400 -12.973317
vn 0.553977 0.831003 -0.050446
v 9.319023 11.531517 -13.127222
vn 0.553977 0.831003 -0.050446
v 8.554304 12.106976 -12.045460
vn 0.535735 0.841044 -0.075052
v 9.447219 11.455400 -12.973317
vn 0.535735 0.841044 -0.075052
v 8.554304 12.106976 -12.045460
vn 0.535735 0.841044 -0.075052
v 8.678170 12.038724 -11.926123
vn 0.514878 0.856092 -0.044797
v 8.678170 12.038724 -11.926123
vn 0.514878 0.856092 -0.044797
v 8.554304 12.106976 -12.045460
vn 0.514878 0.856092 -0.044797
v 8.304609 12.277924 -11.648454
vn 0.509172 0.858912 -0.054902
v 8.678170 12.038724 -11.926123
vn 0.509172 0.858912 -0.054902
v 8.304609 12.277924 -11.648454
vn 0.509172 0.858912 -0.054902
v 8.426667 12.212429 -11.541084
vn 0.380956 0.910318 -0.161843
v 8.426667 12.212429 -11.541084
vn 0.380956 0.910318 -0.161843
v 8.562268 12.174219 -11.436819
vn 0.380956 0.910318 -0.161843
v 8.678170 12.038724 -11.926123
vn 0.381910 0.909976 -0.161523
v 8.678170 12.038724 -11.926123
vn 0.381910 0.909976 -0.161523
v 8.562268 12.174219 -11.436819
vn 0.381910 0.909976 -0.161523
v 8.817682 12.000667 -11.810657
vn 0.406996 0.891747 -0.197841
v 8.678170 12.038724 -11.926123
vn 0.406996 0.891747 -0.197841
v 8.817682 12.000667 -11.810657
vn 0.406996 0.891747 -0.197841
v 9.447219 11.455400 -12.973317
vn 0.409445 0.890997 -0.196162
v 9.447219 11.455400 -12.973317
vn 0.409445 0.890997 -0.196162
v 8.817682 12.000667 -11.810657
vn 0.409445 0.890997 -0.196162
v 9.598390 11.418315 -12.826228
vn 0.452707 0.856060 -0.249433
v 9.447219 11.455400 -12.973317
vn 0.452707 0.856060 -0.249433
v 9.598390 11.418315 -12.826228
vn 0.452707 0.856060 -0.249433
v 10.255157 10.747266 -13.937289
vn 0.454561 0.855495 -0.247996
v 10.255157 10.747266 -13.937289
vn 0.454561 0.855495 -0.247996
v 9.598390 11.418315 -12.826228
vn 0.454561 0.855495 -0.247996
v 10.418272 10.712262 -13.759059
vn 0.505802 0.807165 -0.304384
v 10.255157 10.747266 -13.937289
vn 0.505802 0.807165 -0.304384
v 10.418272 10.712262 -13.759059
vn 0.505802 0.807165 -0.304384
v 11.138723 9.836545 -14.884094
vn 0.506752 0.806881 -0.303554
v 11.138723 9.836545 -14.884094
vn 0.506752 0.806881 -0.303554
v 10.418272 10.712262 -13.759059
vn 0.506752 0.806881 -0.303554
v 11.314215 9.805914 -14.672550
vn 0.561215 0.746489 -0.357480
v 11.138723 9.836545 -14.884094
vn 0.561215 0.746489 -0.357480
v 11.314215 9.805914 -14.672550
vn 0.561215 0.746489 -0.357480
v 11.862763 8.954513 -15.589266
vn 0.560847 0.746607 -0.357810
v 11.862763 8.954513 -15.589266
vn 0.560847 0.746607 -0.357810
v 11.314215 9.805914 -14.672550
vn 0.560847 0.746607 -0.357810
v 12.047624 8.930068 -15.350514
vn 0.611929 0.679828 -0.404199
v 11.862763 8.954513 -15.589266
vn 0.611929 0.679828 -0.404199
v 12.047624 8.930068 -15.350514
vn 0.611929 0.679828 -0.404199
v 12.486508 8.063406 -16.143726
vn 0.610805 0.680216 -0.405244
v 12.486508 8.063406 -16.143726
vn 0.610805 0.680216 -0.405244
v 12.047624 8.930068 -15.350514
vn 0.610805 0.680216 -0.405244
v 12.678727 8.047244 -15.881130
vn 0.660319 0.604076 -0.446174
v 12.486508 8.063406 -16.143726
vn 0.660319 0.604076 -0.446174
v 12.678727 8.047244 -15.881130
vn 0.660319 0.604076 -0.446174
v 13.246041 7.112732 -16.306767
vn 0.389331 0.294503 -0.872748
v 14.451196 5.224863 -16.602169
vn 0.389331 0.294503 -0.872748
v 14.258892 5.487140 -16.599453
vn 0.389331 0.294503 -0.872748
v 14.337242 5.508014 -16.557457
vn 0.387856 0.298575 -0.872021
v 14.337242 5.508014 -16.557457
vn 0.387856 0.298575 -0.872021
v 14.258892 5.487140 -16.599453
vn 0.387856 0.298575 -0.872021
v 13.767183 6.145427 -16.592760
vn 0.479500 0.385161 -0.788499
v 14.337242 5.508014 -16.557457
vn 0.479500 0.385161 -0.788499
v 13.767183 6.145427 -16.592760
vn 0.479500 0.385161 -0.788499
v 14.024073 6.209225 -16.405378
vn 0.484741 0.372497 -0.791373
v 14.024073 6.209225 -16.405378
vn 0.484741 0.372497 -0.791373
v 13.767183 6.145427 -16.592760
vn 0.484741 0.372497 -0.791373
v 13.688245 6.250547 -16.591633
vn 0.468955 0.485445 -0.737852
v 14.024073 6.209225 -16.405378
vn 0.468955 0.485445 -0.737852
v 13.688245 6.250547 -16.591633
vn 0.468955 0.485445 -0.737852
v 13.513185 7.174202 -16.095207
vn 0.471542 0.485152 -0.736394
v 13.513185 7.174202 -16.095207
vn 0.471542 0.485152 -0.736394
v 13.688245 6.250547 -16.591633
vn 0.471542 0.485152 -0.736394
v 13.246041 7.112732 -16.306767
vn 0.419144 0.580645 -0.697975
v 13.513185 7.174202 -16.095207
vn 0.419144 0.580645 -0.697975
v 13.246041 7.112732 -16.306767
vn 0.419144 0.580645 -0.697975
v 12.927558 8.099351 -15.677253
vn 0.440389 0.579627 -0.685631
v 12.927558 8.099351 -15.677253
vn 0.440389 0.579627 -0.685631
v 13.246041 7.112732 -16.306767
vn 0.440389 0.579627 -0.685631
v 12.678727 8.047244 -15.881130
vn 0.383679 0.666942 -0.638732
v 12.927558 8.099351 -15.677253
vn 0.383679 0.666942 -0.638732
v 12.678727 8.047244 -15.881130
vn 0.383679 0.666942 -0.638732
v 12.277278 8.971410 -15.157294
vn 0.406214 0.666263 -0.625367
v 12.277278 8.971410 -15.157294
vn 0.406214 0.666263 -0.625367
v 12.678727 8.047244 -15.881130
vn 0.406214 0.666263 -0.625367
v 12.047624 8.930068 -15.350514
vn 0.347768 0.742687 -0.572252
v 12.277278 8.971410 -15.157294
vn 0.347768 0.742687 -0.572252
v 12.047624 8.930068 -15.350514
vn 0.347768 0.742687 -0.572252
v 11.523544 9.835183 -14.494320
vn 0.371068 0.742451 -0.557741
v 11.523544 9.835183 -14.494320
vn 0.371068 0.742451 -0.557741
v 12.047624 8.930068 -15.350514
vn 0.371068 0.742451 -0.557741
v 11.314215 9.805914 -14.672550
vn 0.308158 0.812223 -0.495311
v 11.523544 9.835183 -14.494320
vn 0.308158 0.812223 -0.495311
v 11.314215 9.805914 -14.672550
vn 0.308158 0.812223 -0.495311
v 10.604911 10.727600 -13.602442
vn 0.334342 0.812251 -0.477979
v 10.604911 10.727600 -13.602442
vn 0.334342 0.812251 -0.477979
v 11.314215 9.805914 -14.672550
vn 0.334342 0.812251 -0.477979
v 10.418272 10.712262 -13.759059
vn 0.273642 0.869480 -0.411247
v 10.604911 10.727600 -13.602442
vn 0.273642 0.869480 -0.411247
v 10.418272 10.712262 -13.759059
vn 0.273642 0.869480 -0.411247
v 9.765885 11.421961 -12.692671
vn 0.297130 0.868689 -0.396351
v 9.765885 11.421961 -12.692671
vn 0.297130 0.868689 -0.396351
v 10.418272 10.712262 -13.759059
vn 0.297130 0.868689 -0.396351
v 9.598390 11.418315 -12.826228
vn 0.243804 0.911718 -0.330649
v 9.765885 11.421961 -12.692671
vn 0.243804 0.911718 -0.330649
v 9.598390 11.418315 -12.826228
vn 0.243804 0.911718 -0.330649
v 8.968056 11.994192 -11.703105
vn 0.266154 0.910201 -0.317328
v 8.968056 11.994192 -11.703105
vn 0.266154 0.910201 -0.317328
v 9.598390 11.418315 -12.826228
vn 0.266154 0.910201 -0.317328
v 8.817682 12.000667 -11.810657
vn 0.233394 0.934121 -0.270085
v 8.968056 11.994192 -11.703105
vn 0.233394 0.934121 -0.270085
v 8.817682 12.000667 -11.810657
vn 0.233394 0.934121 -0.270085
v 8.707280 12.164667 -11.338846
vn 0.242168 0.932626 -0.267512
v 8.707280 12.164667 -11.338846
vn 0.242168 0.932626 -0.267512
v 8.817682 12.000667 -11.810657
vn 0.242168 0.932626 -0.267512
v 8.562268 12.174219 -11.436819
vn 0.217467 0.948732 -0.229381
v 8.707280 12.164667 -11.338846
vn 0.217467 0.948732 -0.229381
v 8.562268 12.174219 -11.436819
vn 0.217467 0.948732 -0.229381
v 8.161698 12.453717 -10.660563
vn 0.367624 0.919184 -0.141256
v 8.161698 12.453717 -10.660563
vn 0.367624 0.919184 -0.141256
v 8.562268 12.174219 -11.436819
vn 0.367624 0.919184 -0.141256
v 8.426667 12.212429 -11.541084
vn 0.347533 0.925738 -0.149098
v 8.161698 12.453717 -10.660563
vn 0.347533 0.925738 -0.149098
v 8.426667 12.212429 -11.541084
vn 0.347533 0.925738 -0.149098
v 8.037767 12.465908 -10.873741
vn 0.498509 0.866032 -0.038437
v 8.037767 12.465908 -10.873741
vn 0.498509 0.866032 -0.038437
v 8.426667 12.212429 -11.541084
vn 0.498509 0.866032 -0.038437
v 8.304609 12.277924 -11.648454
vn 0.497078 0.866823 -0.039122
v 8.037767 12.465908 -10.873741
vn 0.497078 0.866823 -0.039122
v 8.304609 12.277924 -11.648454
vn 0.497078 0.866823 -0.039122
v 8.026434 12.459198 -11.166416
vn 0.096182 0.745329 -0.659722
v 11.750796 9.922082 -14.363014
vn 0.096182 0.745329 -0.659722
v 11.523544 9.835183 -14.494320
vn 0.096182 0.745329 -0.659722
v 11.101629 10.534837 -13.765389
vn 0.066763 0.738861 -0.670542
v 11.101629 10.534837 -13.765389
vn 0.066763 0.738861 -0.670542
v 11.523544 9.835183 -14.494320
vn 0.066763 0.738861 -0.670542
v 10.604911 10.727600 -13.602442
vn 0.114908 0.797154 -0.592740
v 11.101629 10.534837 -13.765389
vn 0.114908 0.797154 -0.592740
v 10.604911 10.727600 -13.602442
vn 0.114908 0.797154 -0.592740
v 10.803868 10.792422 -13.476696
vn 0.081824 0.827217 -0.555892
v 10.803868 10.792422 -13.476696
vn 0.081824 0.827217 -0.555892
v 10.604911 10.727600 -13.602442
vn 0.081824 0.827217 -0.555892
v 9.765885 11.421961 -12.692671
vn 0.122548 0.846759 -0.517669
v 10.803868 10.792422 -13.476696
vn 0.122548 0.846759 -0.517669
v 9.765885 11.421961 -12.692671
vn 0.122548 0.846759 -0.517669
v 9.941848 11.466137 -12.578755
vn 0.071901 0.887470 -0.455223
v 9.941848 11.466137 -12.578755
vn 0.071901 0.887470 -0.455223
v 9.765885 11.421961 -12.692671
vn 0.071901 0.887470 -0.455223
v 8.968056 11.994192 -11.703105
vn 0.111821 0.901062 -0.419026
v 9.941848 11.466137 -12.578755
vn 0.111821 0.901062 -0.419026
v 8.968056 11.994192 -11.703105
vn 0.111821 0.901062 -0.419026
v 9.124186 12.019560 -11.606891
vn 0.080712 0.923702 -0.374514
v 9.124186 12.019560 -11.606891
vn 0.080712 0.923702 -0.374514
v 8.968056 11.994192 -11.703105
vn 0.080712 0.923702 -0.374514
v 8.707280 12.164667 -11.338846
vn 0.092781 0.928888 -0.358551
v 9.124186 12.019560 -11.606891
vn 0.092781 0.928888 -0.358551
v 8.707280 12.164667 -11.338846
vn 0.092781 0.928888 -0.358551
v 8.857222 12.183946 -11.250102
vn 0.078603 0.938343 -0.336650
v 8.857222 12.183946 -11.250102
vn 0.078603 0.938343 -0.336650
v 8.707280 12.164667 -11.338846
vn 0.078603 0.938343 -0.336650
v 8.161698 12.453717 -10.660563
vn 0.150319 0.954047 -0.259227
v 8.857222 12.183946 -11.250102
vn 0.150319 0.954047 -0.259227
v 8.161698 12.453717 -10.660563
vn 0.150319 0.954047 -0.259227
v 8.311181 12.493897 -10.426005
vn 0.083066 -0.964831 0.249403
v 1.371687 -8.313255 17.598566
vn 0.083066 -0.964831 0.249403
v 1.350872 -8.185505 18.099709
vn 0.083066 -0.964831 0.249403
v 0.117171 -8.291447 18.100765
vn 0.061747 -0.711861 0.699600
v 1.350872 -8.185505 18.099709
vn 0.061747 -0.711861 0.699600
v 1.292413 -7.827615 18.469030
vn 0.061747 -0.711861 0.699600
v 0.114386 -7.928776 18.470070
vn 0.023701 -0.267350 0.963308
v 1.292413 -7.827615 18.469030
vn 0.023701 -0.267350 0.963308
v 1.211977 -7.335343 18.607632
vn 0.023701 -0.267350 0.963308
v 0.110012 -7.430002 18.608473
vn 0.023788 -0.267116 0.963371
v 1.292413 -7.827615 18.469030
vn 0.023788 -0.267116 0.963371
v 0.110012 -7.430002 18.608473
vn 0.023788 -0.267116 0.963371
v 0.114386 -7.928776 18.470070
vn -0.015786 -0.267480 0.963434
v 0.114386 -7.928776 18.470070
vn -0.015786 -0.267480 0.963434
v 0.110012 -7.430002 18.608473
vn -0.015786 -0.267480 0.963434
v -0.993686 -7.355915 18.610958
vn -0.015930 -0.267741 0.963359
v 0.114386 -7.928776 18.470070
vn -0.015930 -0.267741 0.963359
v -0.993686 -7.355915 18.610958
vn -0.015930 -0.267741 0.963359
v -1.065388 -7.849525 18.472586
vn -0.055070 -0.262087 0.963472
v -1.065388 -7.849525 18.472586
vn -0.055070 -0.262087 0.963472
v -0.993686 -7.355915 18.610958
vn -0.055070 -0.262087 0.963472
v -2.073114 -7.114789 18.614853
vn -0.054986 -0.261979 0.963506
v -1.065388 -7.849525 18.472586
vn -0.054986 -0.261979 0.963506
v -2.073114 -7.114789 18.614853
vn -0.054986 -0.261979 0.963506
v -2.219261 -7.591794 18.476814
vn -0.092920 -0.250404 0.963672
v -2.219261 -7.591794 18.476814
vn -0.092920 -0.250404 0.963672
v -2.073114 -7.114789 18.614853
vn -0.092920 -0.250404 0.963672
v -3.103431 -6.712224 18.620111
vn -0.092886 -0.250372 0.963684
v -2.219261 -7.591794 18.476814
vn -0.092886 -0.250372 0.963684
v -3.103431 -6.712224 18.620111
vn -0.092886 -0.250372 0.963684
v -3.320619 -7.161584 18.482430
vn -0.128550 -0.233199 0.963895
v -3.320619 -7.161584 18.482430
vn -0.128550 -0.233199 0.963895
v -3.103431 -6.712224 18.620111
vn -0.128550 -0.233199 0.963895
v -4.060518 -6.157696 18.626629
vn -0.128518 -0.233177 0.963904
v -3.320619 -7.161584 18.482430
vn -0.128518 -0.233177 0.963904
v -4.060518 -6.157696 18.626629
vn -0.128518 -0.233177 0.963904
v -4.343663 -6.568748 18.489439
vn -0.161197 -0.210752 0.964157
v -4.343663 -6.568748 18.489439
vn -0.161197 -0.210752 0.964157
v -4.060518 -6.157696 18.626629
vn -0.161197 -0.210752 0.964157
v -4.921936 -5.464076 18.634224
vn -0.161184 -0.210745 0.964161
v -4.343663 -6.568748 18.489439
vn -0.161184 -0.210745 0.964161
v -4.921936 -5.464076 18.634224
vn -0.161184 -0.210745 0.964161
v -5.264585 -5.827230 18.497564
vn -0.190009 -0.183657 0.964451
v -5.264585 -5.827230 18.497564
vn -0.190009 -0.183657 0.964451
v -4.921936 -5.464076 18.634224
vn -0.190009 -0.183657 0.964451
v -5.667922 -4.647332 18.642784
vn -0.190187 -0.183712 0.964406
v -5.264585 -5.827230 18.497564
vn -0.190187 -0.183712 0.964406
v -5.667922 -4.647332 18.642784
vn -0.190187 -0.183712 0.964406
v -6.061955 -4.954138 18.506636
vn -0.214536 -0.152581 0.964724
v -6.061955 -4.954138 18.506636
vn -0.214536 -0.152581 0.964724
v -5.667922 -4.647332 18.642784
vn -0.214536 -0.152581 0.964724
v -6.280997 -3.726762 18.652046
vn -0.214400 -0.152560 0.964758
v -6.061955 -4.954138 18.506636
vn -0.214400 -0.152560 0.964758
v -6.280997 -3.726762 18.652046
vn -0.214400 -0.152560 0.964758
v -6.717386 -3.970100 18.516586
vn -0.233795 -0.117970 0.965103
v -6.717386 -3.970100 18.516586
vn -0.233795 -0.117970 0.965103
v -6.280997 -3.726762 18.652046
vn -0.233795 -0.117970 0.965103
v -6.746901 -2.723504 18.661816
vn -0.233910 -0.117970 0.965075
v -6.717386 -3.970100 18.516586
vn -0.233910 -0.117970 0.965075
v -6.746901 -2.723504 18.661816
vn -0.233910 -0.117970 0.965075
v -7.215320 -2.897678 18.526991
vn -0.247804 -0.080877 0.965428
v -7.215320 -2.897678 18.526991
vn -0.247804 -0.080877 0.965428
v -6.746901 -2.723504 18.661816
vn -0.247804 -0.080877 0.965428
v -7.054723 -1.661201 18.671797
vn -0.247698 -0.080894 0.965454
v -7.215320 -2.897678 18.526991
vn -0.247698 -0.080894 0.965454
v -7.054723 -1.661201 18.671797
vn -0.247698 -0.080894 0.965454
v -7.544355 -1.762105 18.537722
vn -0.255786 -0.042126 0.965815
v -7.544355 -1.762105 18.537722
vn -0.255786 -0.042126 0.965815
v -7.054723 -1.661201 18.671797
vn -0.255786 -0.042126 0.965815
v -7.197307 -0.564362 18.681877
vn -0.255780 -0.042128 0.965817
v -7.544355 -1.762105 18.537722
vn -0.255780 -0.042128 0.965817
v -7.197307 -0.564362 18.681877
vn -0.255780 -0.042128 0.965817
v -7.696808 -0.589621 18.548491
vn -0.257876 -0.002570 0.966175
v -7.696808 -0.589621 18.548491
vn -0.257876 -0.002570 0.966175
v -7.197307 -0.564362 18.681877
vn -0.257876 -0.002570 0.966175
v -7.171444 0.541330 18.691721
vn -0.257856 -0.002580 0.966180
v -7.696808 -0.589621 18.548491
vn -0.257856 -0.002580 0.966180
v -7.171444 0.541330 18.691721
vn -0.257856 -0.002580 0.966180
v -7.669174 0.592332 18.559021
vn -0.253919 0.036738 0.966527
v -7.669174 0.592332 18.559021
vn -0.253919 0.036738 0.966527
v -7.171444 0.541330 18.691721
vn -0.253919 0.036738 0.966527
v -6.977561 1.630278 18.701265
vn -0.254081 0.036853 0.966480
v -7.669174 0.592332 18.559021
vn -0.254081 0.036853 0.966480
v -6.977561 1.630278 18.701265
vn -0.254081 0.036853 0.966480
v -7.461938 1.756409 18.569115
vn -0.244187 0.075193 0.966809
v -7.461938 1.756409 18.569115
vn -0.244187 0.075193 0.966809
v -6.977561 1.630278 18.701265
vn -0.244187 0.075193 0.966809
v -6.620337 2.677113 18.710072
vn -0.244172 0.075179 0.966814
v -7.461938 1.756409 18.569115
vn -0.244172 0.075179 0.966814
v -6.620337 2.677113 18.710072
vn -0.244172 0.075179 0.966814
v -7.080074 2.875453 18.578541
vn -0.228542 0.111607 0.967115
v -7.080074 2.875453 18.578541
vn -0.228542 0.111607 0.967115
v -6.620337 2.677113 18.710072
vn -0.228542 0.111607 0.967115
v -6.107966 3.657441 18.718019
vn -0.228413 0.111438 0.967166
v -7.080074 2.875453 18.578541
vn -0.228413 0.111438 0.967166
v -6.107966 3.657441 18.718019
vn -0.228413 0.111438 0.967166
v -6.532370 3.923341 18.587152
vn -0.207420 0.145077 0.967435
v -6.532370 3.923341 18.587152
vn -0.207420 0.145077 0.967435
v -6.107966 3.657441 18.718019
vn -0.207420 0.145077 0.967435
v -5.452457 4.548380 18.724957
vn -0.207384 0.145011 0.967452
v -6.532370 3.923341 18.587152
vn -0.207384 0.145011 0.967452
v -5.452457 4.548380 18.724957
vn -0.207384 0.145011 0.967452
v -5.831684 4.875652 18.594610
vn -0.181611 0.174966 0.967680
v -5.831684 4.875652 18.594610
vn -0.181611 0.174966 0.967680
v -5.452457 4.548380 18.724957
vn -0.181611 0.174966 0.967680
v -4.669104 5.329208 18.730791
vn -0.181686 0.175175 0.967628
v -5.831684 4.875652 18.594610
vn -0.181686 0.175175 0.967628
v -4.669104 5.329208 18.730791
vn -0.181686 0.175175 0.967628
v -4.994269 5.710364 18.600735
vn -0.151585 0.200916 0.967809
v -4.994269 5.710364 18.600735
vn -0.151585 0.200916 0.967809
v -4.669104 5.329208 18.730791
vn -0.151585 0.200916 0.967809
v -3.776021 5.981863 18.735182
vn -0.151583 0.200904 0.967812
v -4.994269 5.710364 18.600735
vn -0.151583 0.200904 0.967812
v -3.776021 5.981863 18.735182
vn -0.151583 0.200904 0.967812
v -4.039661 6.408087 18.605412
vn -0.117957 0.221744 0.967944
v -4.039661 6.408087 18.605412
vn -0.117957 0.221744 0.967944
v -3.776021 5.981863 18.735182
vn -0.117957 0.221744 0.967944
v -2.794045 6.491014 18.738209
vn -0.117950 0.221574 0.967984
v -4.039661 6.408087 18.605412
vn -0.117950 0.221574 0.967984
v -2.794045 6.491014 18.738209
vn -0.117950 0.221574 0.967984
v -2.989949 6.952360 18.608734
vn -0.081465 0.237089 0.968066
v -2.989949 6.952360 18.608734
vn -0.081465 0.237089 0.968066
v -2.794045 6.491014 18.738209
vn -0.081465 0.237089 0.968066
v -1.746114 6.844874 18.739731
vn -0.081446 0.237262 0.968025
v -2.989949 6.952360 18.608734
vn -0.081446 0.237262 0.968025
v -1.746114 6.844874 18.739731
vn -0.081446 0.237262 0.968025
v -1.869641 7.330586 18.610289
vn -0.043120 0.247016 0.968051
v -1.869641 7.330586 18.610289
vn -0.043120 0.247016 0.968051
v -1.746114 6.844874 18.739731
vn -0.043120 0.247016 0.968051
v -0.656538 7.035191 18.739700
vn -0.043117 0.247027 0.968049
v -1.869641 7.330586 18.610289
vn -0.043117 0.247027 0.968049
v -0.656538 7.035191 18.739700
vn -0.043117 0.247027 0.968049
v -0.704883 7.534085 18.610239
vn -0.003678 0.250841 0.968021
v -0.704883 7.534085 18.610239
vn -0.003678 0.250841 0.968021
v -0.656538 7.035191 18.739700
vn -0.003678 0.250841 0.968021
v 0.449349 7.057588 18.738098
vn -0.003744 0.250693 0.968059
v -0.704883 7.534085 18.610239
vn -0.003744 0.250693 0.968059
v 0.449349 7.057588 18.738098
vn -0.003744 0.250693 0.968059
v 0.477198 7.557952 18.608629
vn 0.035828 0.248469 0.967977
v 0.477198 7.557952 18.608629
vn 0.035828 0.248469 0.967977
v 0.449349 7.057588 18.738098
vn 0.035828 0.248469 0.967977
v 1.545768 6.911454 18.735027
vn 0.035844 0.248493 0.967970
v 0.477198 7.557952 18.608629
vn 0.035844 0.248493 0.967970
v 1.545768 6.911454 18.735027
vn 0.035844 0.248493 0.967970
v 1.649231 7.401772 18.605324
vn 0.074531 0.240294 0.967835
v 1.649231 7.401772 18.605324
vn 0.074531 0.240294 0.967835
v 1.545768 6.911454 18.735027
vn 0.074531 0.240294 0.967835
v 2.607100 6.600238 18.730564
vn 0.074581 0.240350 0.967817
v 1.649231 7.401772 18.605324
vn 0.074581 0.240350 0.967817
v 2.607100 6.600238 18.730564
vn 0.074581 0.240350 0.967817
v 2.783847 7.069118 18.600502
vn 0.061731 -0.711892 0.699570
v 1.350872 -8.185505 18.099709
vn 0.061731 -0.711892 0.699570
v 0.114386 -7.928776 18.470070
vn 0.061731 -0.711892 0.699570
v 0.117171 -8.291447 18.100765
vn -0.046395 -0.712892 0.699737
v 0.117171 -8.291447 18.100765
vn -0.046395 -0.712892 0.699737
v 0.114386 -7.928776 18.470070
vn -0.046395 -0.712892 0.699737
v -1.065388 -7.849525 18.472586
vn -0.046359 -0.712842 0.699791
v 0.117171 -8.291447 18.100765
vn -0.046359 -0.712842 0.699791
v -1.065388 -7.849525 18.472586
vn -0.046359 -0.712842 0.699791
v -1.118184 -8.208504 18.103415
vn -0.153214 -0.697428 0.700085
v -1.118184 -8.208504 18.103415
vn -0.153214 -0.697428 0.700085
v -1.065388 -7.849525 18.472586
vn -0.153214 -0.697428 0.700085
v -2.219261 -7.591794 18.476814
vn -0.153155 -0.697368 0.700158
v -1.118184 -8.208504 18.103415
vn -0.153155 -0.697368 0.700158
v -2.219261 -7.591794 18.476814
vn -0.153155 -0.697368 0.700158
v -2.326746 -7.938660 18.107819
vn -0.256513 -0.665832 0.700621
v -2.326746 -7.938660 18.107819
vn -0.256513 -0.665832 0.700621
v -2.219261 -7.591794 18.476814
vn -0.256513 -0.665832 0.700621
v -3.320619 -7.161584 18.482430
vn -0.256630 -0.665920 0.700494
v -2.326746 -7.938660 18.107819
vn -0.256630 -0.665920 0.700494
v -3.320619 -7.161584 18.482430
vn -0.256630 -0.665920 0.700494
v -3.480042 -7.488050 18.113670
vn -0.353930 -0.619058 0.701071
v -3.480042 -7.488050 18.113670
vn -0.353930 -0.619058 0.701071
v -3.320619 -7.161584 18.482430
vn -0.353930 -0.619058 0.701071
v -4.343663 -6.568748 18.489439
vn -0.353886 -0.619034 0.701114
v -3.480042 -7.488050 18.113670
vn -0.353886 -0.619034 0.701114
v -4.343663 -6.568748 18.489439
vn -0.353886 -0.619034 0.701114
v -4.551375 -6.867250 18.121042
vn -0.443003 -0.557872 0.701803
v -4.551375 -6.867250 18.121042
vn -0.443003 -0.557872 0.701803
v -4.343663 -6.568748 18.489439
vn -0.443003 -0.557872 0.701803
v -5.264585 -5.827230 18.497564
vn -0.442973 -0.557862 0.701830
v -4.551375 -6.867250 18.121042
vn -0.442973 -0.557862 0.701830
v -5.264585 -5.827230 18.497564
vn -0.442973 -0.557862 0.701830
v -5.515864 -6.090678 18.129557
vn -0.521767 -0.483816 0.702624
v -5.515864 -6.090678 18.129557
vn -0.521767 -0.483816 0.702624
v -5.264585 -5.827230 18.497564
vn -0.521767 -0.483816 0.702624
v -6.061955 -4.954138 18.506636
vn -0.521659 -0.483795 0.702719
v -5.515864 -6.090678 18.129557
vn -0.521659 -0.483795 0.702719
v -6.061955 -4.954138 18.506636
vn -0.521659 -0.483795 0.702719
v -6.350888 -5.176469 18.139082
vn -0.588127 -0.398845 0.703584
v -6.350888 -5.176469 18.139082
vn -0.588127 -0.398845 0.703584
v -6.061955 -4.954138 18.506636
vn -0.588127 -0.398845 0.703584
v -6.717386 -3.970100 18.516586
vn -0.588448 -0.398856 0.703309
v -6.350888 -5.176469 18.139082
vn -0.588448 -0.398856 0.703309
v -6.717386 -3.970100 18.516586
vn -0.588448 -0.398856 0.703309
v -7.037170 -4.145779 18.149399
vn -0.641302 -0.304594 0.704240
v -7.037170 -4.145779 18.149399
vn -0.641302 -0.304594 0.704240
v -6.717386 -3.970100 18.516586
vn -0.641302 -0.304594 0.704240
v -7.215320 -2.897678 18.526991
vn -0.641084 -0.304620 0.704428
v -7.037170 -4.145779 18.149399
vn -0.641084 -0.304620 0.704428
v -7.215320 -2.897678 18.526991
vn -0.641084 -0.304620 0.704428
v -7.558717 -3.022806 18.160364
vn -0.678999 -0.203408 0.705397
v -7.558717 -3.022806 18.160364
vn -0.678999 -0.203408 0.705397
v -7.215320 -2.897678 18.526991
vn -0.678999 -0.203408 0.705397
v -7.544355 -1.762105 18.537722
vn -0.678982 -0.203412 0.705412
v -7.558717 -3.022806 18.160364
vn -0.678982 -0.203412 0.705412
v -7.544355 -1.762105 18.537722
vn -0.678982 -0.203412 0.705412
v -7.903308 -1.833562 18.171614
vn -0.701046 -0.097641 0.706400
v -7.903308 -1.833562 18.171614
vn -0.701046 -0.097641 0.706400
v -7.544355 -1.762105 18.537722
vn -0.701046 -0.097641 0.706400
v -7.696808 -0.589621 18.548491
vn -0.701133 -0.097602 0.706319
v -7.903308 -1.833562 18.171614
vn -0.701133 -0.097602 0.706319
v -7.696808 -0.589621 18.548491
vn -0.701133 -0.097602 0.706319
v -8.062959 -0.605697 18.182806
vn -0.706844 0.010224 0.707296
v -8.062959 -0.605697 18.182806
vn -0.706844 0.010224 0.707296
v -7.696808 -0.589621 18.548491
vn -0.706844 0.010224 0.707296
v -7.669174 0.592332 18.559021
vn -0.706902 0.010262 0.707237
v -8.062959 -0.605697 18.182806
vn -0.706902 0.010262 0.707237
v -7.669174 0.592332 18.559021
vn -0.706902 0.010262 0.707237
v -8.033917 0.632041 18.193874
vn -0.696139 0.117790 0.708178
v -8.033917 0.632041 18.193874
vn -0.696139 0.117790 0.708178
v -7.669174 0.592332 18.559021
vn -0.696139 0.117790 0.708178
v -7.461938 1.756409 18.569115
vn -0.695981 0.117651 0.708356
v -8.033917 0.632041 18.193874
vn -0.695981 0.117651 0.708356
v -7.461938 1.756409 18.569115
vn -0.695981 0.117651 0.708356
v -7.816972 1.851187 18.204542
vn -0.668974 0.222308 0.709262
v -7.816972 1.851187 18.204542
vn -0.668974 0.222308 0.709262
v -7.461938 1.756409 18.569115
vn -0.668974 0.222308 0.709262
v -7.080074 2.875453 18.578541
vn -0.669032 0.222378 0.709186
v -7.816972 1.851187 18.204542
vn -0.669032 0.222378 0.709186
v -7.080074 2.875453 18.578541
vn -0.669032 0.222378 0.709186
v -7.417051 3.022943 18.214396
vn -0.626476 0.321609 0.709997
v -7.417051 3.022943 18.214396
vn -0.626476 0.321609 0.709997
v -7.080074 2.875453 18.578541
vn -0.626476 0.321609 0.709997
v -6.532370 3.923341 18.587152
vn -0.626437 0.321544 0.710060
v -7.417051 3.022943 18.214396
vn -0.626437 0.321544 0.710060
v -6.532370 3.923341 18.587152
vn -0.626437 0.321544 0.710060
v -6.843524 4.120405 18.223404
vn -0.569213 0.413246 0.710791
v -6.843524 4.120405 18.223404
vn -0.569213 0.413246 0.710791
v -6.532370 3.923341 18.587152
vn -0.569213 0.413246 0.710791
v -5.831684 4.875652 18.594610
vn -0.569281 0.413410 0.710642
v -6.843524 4.120405 18.223404
vn -0.569281 0.413410 0.710642
v -5.831684 4.875652 18.594610
vn -0.569281 0.413410 0.710642
v -6.109681 5.117731 18.231085
vn -0.498841 0.495237 0.711265
v -6.109681 5.117731 18.231085
vn -0.498841 0.495237 0.711265
v -5.831684 4.875652 18.594610
vn -0.498841 0.495237 0.711265
v -4.994269 5.710364 18.600735
vn -0.498827 0.495181 0.711314
v -6.109681 5.117731 18.231085
vn -0.498827 0.495181 0.711314
v -4.994269 5.710364 18.600735
vn -0.498827 0.495181 0.711314
v -5.232715 5.991864 18.237551
vn -0.416724 0.565380 0.711820
v -5.232715 5.991864 18.237551
vn -0.416724 0.565380 0.711820
v -4.994269 5.710364 18.600735
vn -0.416724 0.565380 0.711820
v -4.039661 6.408087 18.605412
vn -0.416720 0.565333 0.711859
v -5.232715 5.991864 18.237551
vn -0.416720 0.565333 0.711859
v -4.039661 6.408087 18.605412
vn -0.416720 0.565333 0.711859
v -4.233002 6.722473 18.242558
vn -0.324883 0.622238 0.712230
v -4.233002 6.722473 18.242558
vn -0.324883 0.622238 0.712230
v -4.039661 6.408087 18.605412
vn -0.324883 0.622238 0.712230
v -2.989949 6.952360 18.608734
vn -0.324881 0.622274 0.712199
v -4.233002 6.722473 18.242558
vn -0.324881 0.622274 0.712199
v -2.989949 6.952360 18.608734
vn -0.324881 0.622274 0.712199
v -3.133779 7.292459 18.245968
vn -0.225361 0.664590 0.712413
v -3.133779 7.292459 18.245968
vn -0.225361 0.664590 0.712413
v -2.989949 6.952360 18.608734
vn -0.225361 0.664590 0.712413
v -1.869641 7.330586 18.610289
vn -0.225392 0.664449 0.712534
v -3.133779 7.292459 18.245968
vn -0.225392 0.664449 0.712534
v -1.869641 7.330586 18.610289
vn -0.225392 0.664449 0.712534
v -1.960615 7.688617 18.247644
vn -0.120715 0.691110 0.712597
v -1.960615 7.688617 18.247644
vn -0.120715 0.691110 0.712597
v -1.869641 7.330586 18.610289
vn -0.120715 0.691110 0.712597
v -0.704883 7.534085 18.610239
vn -0.120671 0.691226 0.712493
v -1.960615 7.688617 18.247644
vn -0.120671 0.691226 0.712493
v -0.704883 7.534085 18.610239
vn -0.120671 0.691226 0.712493
v -0.740802 7.901683 18.247530
vn -0.013196 0.701643 0.712407
v -0.740802 7.901683 18.247530
vn -0.013196 0.701643 0.712407
v -0.704883 7.534085 18.610239
vn -0.013196 0.701643 0.712407
v 0.477198 7.557952 18.608629
vn -0.013190 0.701655 0.712395
v -0.740802 7.901683 18.247530
vn -0.013190 0.701655 0.712395
v 0.477198 7.557952 18.608629
vn -0.013190 0.701655 0.712395
v 0.497150 7.926694 18.245815
vn 0.094701 0.695593 0.712167
v 0.497150 7.926694 18.245815
vn 0.094701 0.695593 0.712167
v 0.477198 7.557952 18.608629
vn 0.094701 0.695593 0.712167
v 1.649231 7.401772 18.605324
vn 0.094661 0.695543 0.712222
v 0.497150 7.926694 18.245815
vn 0.094661 0.695543 0.712222
v 1.649231 7.401772 18.605324
vn 0.094661 0.695543 0.712222
v 1.724542 7.763112 18.242435
vn 0.200380 0.673137 0.711852
v 1.724542 7.763112 18.242435
vn 0.200380 0.673137 0.711852
v 1.649231 7.401772 18.605324
vn 0.200380 0.673137 0.711852
v 2.783847 7.069118 18.600502
vn 0.200396 0.673152 0.711834
v 1.724542 7.763112 18.242435
vn 0.200396 0.673152 0.711834
v 2.783847 7.069118 18.600502
vn 0.200396 0.673152 0.711834
v 2.912658 7.414771 18.237368
vn 0.083071 -0.964827 0.249414
v 1.371687 -8.313255 17.598566
vn 0.083071 -0.964827 0.249414
v 0.117171 -8.291447 18.100765
vn 0.083071 -0.964827 0.249414
v 0.117618 -8.420962 17.599602
vn -0.064336 -0.966200 0.249637
v 0.117618 -8.420962 17.599602
vn -0.064336 -0.966200 0.249637
v 0.117171 -8.291447 18.100765
vn -0.064336 -0.966200 0.249637
v -1.118184 -8.208504 18.103415
vn -0.064366 -0.966215 0.249570
v 0.117618 -8.420962 17.599602
vn -0.064366 -0.966215 0.249570
v -1.118184 -8.208504 18.103415
vn -0.064366 -0.966215 0.249570
v -1.138147 -8.336618 17.602268
vn -0.210124 -0.945172 0.249996
v -1.138147 -8.336618 17.602268
vn -0.210124 -0.945172 0.249996
v -1.118184 -8.208504 18.103415
vn -0.210124 -0.945172 0.249996
v -2.326746 -7.938660 18.107819
vn -0.210216 -0.945202 0.249804
v -1.138147 -8.336618 17.602268
vn -0.210216 -0.945202 0.249804
v -2.326746 -7.938660 18.107819
vn -0.210216 -0.945202 0.249804
v -2.366588 -8.062216 17.606783
vn -0.351226 -0.902184 0.250408
v -2.366588 -8.062216 17.606783
vn -0.351226 -0.902184 0.250408
v -2.326746 -7.938660 18.107819
vn -0.351226 -0.902184 0.250408
v -3.480042 -7.488050 18.113670
vn -0.351174 -0.902175 0.250513
v -2.366588 -8.062216 17.606783
vn -0.351174 -0.902175 0.250513
v -3.480042 -7.488050 18.113670
vn -0.351174 -0.902175 0.250513
v -3.538929 -7.604239 17.612690
vn -0.483989 -0.838217 0.251291
v -3.538929 -7.604239 17.612690
vn -0.483989 -0.838217 0.251291
v -3.480042 -7.488050 18.113670
vn -0.483989 -0.838217 0.251291
v -4.551375 -6.867250 18.121042
vn -0.483949 -0.838216 0.251370
v -3.538929 -7.604239 17.612690
vn -0.483949 -0.838216 0.251370
v -4.551375 -6.867250 18.121042
vn -0.483949 -0.838216 0.251370
v -4.627989 -6.973215 17.620193
vn -0.605501 -0.754789 0.252313
v -4.627989 -6.973215 17.620193
vn -0.605501 -0.754789 0.252313
v -4.551375 -6.867250 18.121042
vn -0.605501 -0.754789 0.252313
v -5.515864 -6.090678 18.129557
vn -0.605579 -0.754778 0.252157
v -4.627989 -6.973215 17.620193
vn -0.605579 -0.754778 0.252157
v -5.515864 -6.090678 18.129557
vn -0.605579 -0.754778 0.252157
v -5.608296 -6.183798 17.628839
vn -0.712982 -0.653864 0.253216
v -5.608296 -6.183798 17.628839
vn -0.712982 -0.653864 0.253216
v -5.515864 -6.090678 18.129557
vn -0.712982 -0.653864 0.253216
v -6.350888 -5.176469 18.139082
vn -0.712983 -0.653864 0.253214
v -5.608296 -6.183798 17.628839
vn -0.712983 -0.653864 0.253214
v -6.350888 -5.176469 18.139082
vn -0.712983 -0.653864 0.253214
v -6.457163 -5.254425 17.638536
vn -0.803800 -0.537754 0.254413
v -6.457163 -5.254425 17.638536
vn -0.803800 -0.537754 0.254413
v -6.350888 -5.176469 18.139082
vn -0.803800 -0.537754 0.254413
v -7.037170 -4.145779 18.149399
vn -0.803713 -0.537795 0.254601
v -6.457163 -5.254425 17.638536
vn -0.803713 -0.537795 0.254601
v -7.037170 -4.145779 18.149399
vn -0.803713 -0.537795 0.254601
v -7.154839 -4.206792 17.649069
vn -0.875806 -0.409253 0.255881
v -7.154839 -4.206792 17.649069
vn -0.875806 -0.409253 0.255881
v -7.037170 -4.145779 18.149399
vn -0.875806 -0.409253 0.255881
v -7.558717 -3.022806 18.160364
vn -0.875813 -0.409249 0.255864
v -7.154839 -4.206792 17.649069
vn -0.875813 -0.409249 0.255864
v -7.558717 -3.022806 18.160364
vn -0.875813 -0.409249 0.255864
v -7.684974 -3.065330 17.660177
vn -0.927531 -0.271190 0.257182
v -7.684974 -3.065330 17.660177
vn -0.927531 -0.271190 0.257182
v -7.558717 -3.022806 18.160364
vn -0.927531 -0.271190 0.257182
v -7.903308 -1.833562 18.171614
vn -0.927557 -0.271166 0.257111
v -7.684974 -3.065330 17.660177
vn -0.927557 -0.271166 0.257111
v -7.903308 -1.833562 18.171614
vn -0.927557 -0.271166 0.257111
v -8.035227 -1.856429 17.671585
vn -0.957656 -0.126874 0.258454
v -8.035227 -1.856429 17.671585
vn -0.957656 -0.126874 0.258454
v -7.903308 -1.833562 18.171614
vn -0.957656 -0.126874 0.258454
v -8.062959 -0.605697 18.182806
vn -0.957655 -0.126875 0.258458
v -8.035227 -1.856429 17.671585
vn -0.957655 -0.126875 0.258458
v -8.062959 -0.605697 18.182806
vn -0.957655 -0.126875 0.258458
v -8.197491 -0.608302 17.683050
vn -0.965451 0.020330 0.259789
v -8.197491 -0.608302 17.683050
vn -0.965451 0.020330 0.259789
v -8.062959 -0.605697 18.182806
vn -0.965451 0.020330 0.259789
v -8.033917 0.632041 18.193874
vn -0.965430 0.020294 0.259870
v -8.197491 -0.608302 17.683050
vn -0.965430 0.020294 0.259870
v -8.033917 0.632041 18.193874
vn -0.965430 0.020294 0.259870
v -8.168022 0.649978 17.694267
vn -0.950749 0.166899 0.261192
v -8.168022 0.649978 17.694267
vn -0.950749 0.166899 0.261192
v -8.033917 0.632041 18.193874
vn -0.950749 0.166899 0.261192
v -7.816972 1.851187 18.204542
vn -0.950765 0.166939 0.261108
v -8.168022 0.649978 17.694267
vn -0.950765 0.166939 0.261108
v -7.816972 1.851187 18.204542
vn -0.950765 0.166939 0.261108
v -7.947486 1.889053 17.705095
vn -0.913930 0.309719 0.262307
v -7.947486 1.889053 17.705095
vn -0.913930 0.309719 0.262307
v -7.816972 1.851187 18.204542
vn -0.913930 0.309719 0.262307
v -7.417051 3.022943 18.214396
vn -0.913919 0.309670 0.262406
v -7.947486 1.889053 17.705095
vn -0.913919 0.309670 0.262406
v -7.417051 3.022943 18.214396
vn -0.913919 0.309670 0.262406
v -7.540982 3.080247 17.715137
vn -0.855831 0.445089 0.263530
v -7.540982 3.080247 17.715137
vn -0.855831 0.445089 0.263530
v -7.417051 3.022943 18.214396
vn -0.855831 0.445089 0.263530
v -6.843524 4.120405 18.223404
vn -0.855835 0.445131 0.263449
v -7.540982 3.080247 17.715137
vn -0.855835 0.445131 0.263449
v -6.843524 4.120405 18.223404
vn -0.855835 0.445131 0.263449
v -6.957956 4.195827 17.724228
vn -0.777749 0.570239 0.264451
v -6.957956 4.195827 17.724228
vn -0.777749 0.570239 0.264451
v -6.843524 4.120405 18.223404
vn -0.777749 0.570239 0.264451
v -6.109681 5.117731 18.231085
vn -0.777753 0.570183 0.264559
v -6.957956 4.195827 17.724228
vn -0.777753 0.570183 0.264559
v -6.109681 5.117731 18.231085
vn -0.777753 0.570183 0.264559
v -6.212040 5.209640 17.732086
vn -0.681624 0.681869 0.265412
v -6.212040 5.209640 17.732086
vn -0.681624 0.681869 0.265412
v -6.109681 5.117731 18.231085
vn -0.681624 0.681869 0.265412
v -5.232715 5.991864 18.237551
vn -0.681630 0.681841 0.265467
v -6.212040 5.209640 17.732086
vn -0.681630 0.681841 0.265467
v -5.232715 5.991864 18.237551
vn -0.681630 0.681841 0.265467
v -5.320614 6.098221 17.738682
vn -0.569629 0.777616 0.266151
v -5.320614 6.098221 17.738682
vn -0.569629 0.777616 0.266151
v -5.232715 5.991864 18.237551
vn -0.569629 0.777616 0.266151
v -4.233002 6.722473 18.242558
vn -0.569589 0.777718 0.265939
v -5.320614 6.098221 17.738682
vn -0.569589 0.777718 0.265939
v -4.233002 6.722473 18.242558
vn -0.569589 0.777718 0.265939
v -4.304296 6.840824 17.743750
vn -0.444339 0.855317 0.266449
v -4.304296 6.840824 17.743750
vn -0.444339 0.855317 0.266449
v -4.233002 6.722473 18.242558
vn -0.444339 0.855317 0.266449
v -3.133779 7.292459 18.245968
vn -0.444334 0.855326 0.266429
v -4.304296 6.840824 17.743750
vn -0.444334 0.855326 0.266429
v -3.133779 7.292459 18.245968
vn -0.444334 0.855326 0.266429
v -3.186921 7.420235 17.747135
vn -0.308684 0.912994 0.266749
v -3.186921 7.420235 17.747135
vn -0.308684 0.912994 0.266749
v -3.133779 7.292459 18.245968
vn -0.308684 0.912994 0.266749
v -1.960615 7.688617 18.247644
vn -0.308705 0.912969 0.266813
v -3.186921 7.420235 17.747135
vn -0.308705 0.912969 0.266813
v -1.960615 7.688617 18.247644
vn -0.308705 0.912969 0.266813
v -1.994466 7.822938 17.748863
vn -0.165800 0.949351 0.266912
v -1.994466 7.822938 17.748863
vn -0.165800 0.949351 0.266912
v -1.960615 7.688617 18.247644
vn -0.165800 0.949351 0.266912
v -0.740802 7.901683 18.247530
vn -0.165795 0.949356 0.266899
v -1.994466 7.822938 17.748863
vn -0.165795 0.949356 0.266899
v -0.740802 7.901683 18.247530
vn -0.165795 0.949356 0.266899
v -0.754464 8.039499 17.748833
vn -0.019098 0.963561 0.266806
v -0.754464 8.039499 17.748833
vn -0.019098 0.963561 0.266806
v -0.740802 7.901683 18.247530
vn -0.019098 0.963561 0.266806
v 0.497150 7.926694 18.245815
vn -0.019110 0.963553 0.266834
v -0.754464 8.039499 17.748833
vn -0.019110 0.963553 0.266834
v 0.497150 7.926694 18.245815
vn -0.019110 0.963553 0.266834
v 0.503866 8.064968 17.746981
vn 0.128051 0.955284 0.266524
v 0.503866 8.064968 17.746981
vn 0.128051 0.955284 0.266524
v 0.497150 7.926694 18.245815
vn 0.128051 0.955284 0.266524
v 1.724542 7.763112 18.242435
vn 0.128057 0.955287 0.266511
v 0.503866 8.064968 17.746981
vn 0.128057 0.955287 0.266511
v 1.724542 7.763112 18.242435
vn 0.128057 0.955287 0.266511
v 1.751520 7.898676 17.743553
vn 0.272253 0.924727 0.266005
v 1.751520 7.898676 17.743553
vn 0.272253 0.924727 0.266005
v 1.724542 7.763112 18.242435
vn 0.272253 0.924727 0.266005
v 2.912658 7.414771 18.237368
vn 0.272254 0.924727 0.266003
v 1.751520 7.898676 17.743553
vn 0.272254 0.924727 0.266003
v 2.912658 7.414771 18.237368
vn 0.272254 0.924727 0.266003
v 2.959235 7.544577 17.738441
vn -0.999920 0.012506 0.001868
v 21.969881 -5.944242 17.386873
vn -0.999920 0.012506 0.001868
v 21.970900 -5.949416 17.966873
vn -0.999920 0.012506 0.001868
v 22.090599 3.694567 17.473261
vn -0.999920 0.012501 0.001768
v 22.090599 3.694567 17.473261
vn -0.999920 0.012501 0.001768
v 21.970900 -5.949416 17.966873
vn -0.999920 0.012501 0.001768
v 22.091558 3.689275 18.053253
vn -0.999920 0.012481 0.001768
v 22.090599 3.694567 17.473261
vn -0.999920 0.012481 0.001768
v 22.091558 3.689275 18.053253
vn -0.999920 0.012481 0.001768
v 22.119669 6.066513 17.169537
vn -0.999920 0.012492 0.001797
v 22.119669 6.066513 17.169537
vn -0.999920 0.012492 0.001797
v 22.091558 3.689275 18.053253
vn -0.999920 0.012492 0.001797
v 22.122564 6.217669 17.729418
vn -0.999920 0.012527 0.001787
v 22.119669 6.066513 17.169537
vn -0.999920 0.012527 0.001787
v 22.122564 6.217669 17.729418
vn -0.999920 0.012527 0.001787
v 22.145601 8.269199 16.238344
vn -0.999920 0.012504 0.001755
v 22.145601 8.269199 16.238344
vn -0.999920 0.012504 0.001755
v 22.122564 6.217669 17.729418
vn -0.999920 0.012504 0.001755
v 22.150181 8.565524 16.736820
vn -0.999920 0.012526 0.001742
v 22.145601 8.269199 16.238344
vn -0.999920 0.012526 0.001742
v 22.150181 8.565524 16.736820
vn -0.999920 0.012526 0.001742
v 22.166439 10.139790 14.748382
vn -0.999920 0.012488 0.001711
v 22.166439 10.139790 14.748382
vn -0.999920 0.012488 0.001711
v 22.150181 8.565524 16.736820
vn -0.999920 0.012488 0.001711
v 22.172363 10.559351 15.148739
vn -0.999920 0.012489 0.001710
v 22.166439 10.139790 14.748382
vn -0.999920 0.012489 0.001710
v 22.172363 10.559351 15.148739
vn -0.999920 0.012489 0.001710
v 22.180613 11.540193 12.809716
vn -0.999919 0.012631 0.001770
v 22.180613 11.540193 12.809716
vn -0.999919 0.012631 0.001770
v 22.172363 10.559351 15.148739
vn -0.999919 0.012631 0.001770
v 22.187563 12.052135 13.082396
vn -0.999919 0.012646 0.001742
v 22.180613 11.540193 12.809716
vn -0.999919 0.012646 0.001742
v 22.187563 12.052135 13.082396
vn -0.999919 0.012646 0.001742
v 22.187162 12.367073 10.565676
vn -0.999921 0.012455 0.001718
v 22.187162 12.367073 10.565676
vn -0.999921 0.012455 0.001718
v 22.187563 12.052135 13.082396
vn -0.999921 0.012455 0.001718
v 22.194429 12.933364 10.690452
vn -0.999921 0.012459 0.001701
v 22.187162 12.367073 10.565676
vn -0.999921 0.012459 0.001701
v 22.194429 12.933364 10.690452
vn -0.999921 0.012459 0.001701
v 22.189016 13.198152 5.567682
vn -0.999921 0.012421 0.001699
v 22.189016 13.198152 5.567682
vn -0.999921 0.012421 0.001699
v 22.194429 12.933364 10.690452
vn -0.999921 0.012421 0.001699
v 22.196283 13.774328 5.632986
vn -0.999921 0.012421 0.001698
v 22.189016 13.198152 5.567682
vn -0.999921 0.012421 0.001698
v 22.196283 13.774328 5.632986
vn -0.999921 0.012421 0.001698
v 22.184256 13.506503 0.510562
vn -0.999922 0.012362 0.001701
v 22.184256 13.506503 0.510562
vn -0.999922 0.012362 0.001701
v 22.196283 13.774328 5.632986
vn -0.999922 0.012362 0.001701
v 22.191435 14.086463 0.515767
vn -0.999922 0.012361 0.001739
v 22.184256 13.506503 0.510562
vn -0.999922 0.012361 0.001739
v 22.191435 14.086463 0.515767
vn -0.999922 0.012361 0.001739
v 22.172768 13.289057 -4.551244
vn -0.999919 0.012641 0.001694
v 22.172768 13.289057 -4.551244
vn -0.999919 0.012641 0.001694
v 22.191435 14.086463 0.515767
vn -0.999919 0.012641 0.001694
v 22.179972 13.866346 -4.606302
vn -0.999919 0.012640 0.001689
v 22.172768 13.289057 -4.551244
vn -0.999919 0.012640 0.001689
v 22.179972 13.866346 -4.606302
vn -0.999919 0.012640 0.001689
v 22.154930 12.547864 -9.563369
vn -0.999919 0.012604 0.001699
v 22.154930 12.547864 -9.563369
vn -0.999919 0.012604 0.001699
v 22.179972 13.866346 -4.606302
vn -0.999919 0.012604 0.001699
v 22.161903 13.116405 -9.677930
vn -0.999919 0.012594 0.001648
v 22.154930 12.547864 -9.563369
vn -0.999919 0.012594 0.001648
v 22.161903 13.116405 -9.677930
vn -0.999919 0.012594 0.001648
v 22.141306 11.761510 -11.821915
vn -0.999922 0.012373 0.001787
v 22.141306 11.761510 -11.821915
vn -0.999922 0.012373 0.001787
v 22.161903 13.116405 -9.677930
vn -0.999922 0.012373 0.001787
v 22.147228 12.278239 -12.085261
vn -0.999922 0.012376 0.001793
v 22.141306 11.761510 -11.821915
vn -0.999922 0.012376 0.001793
v 22.147228 12.278239 -12.085261
vn -0.999922 0.012376 0.001793
v 22.120888 10.396157 -13.785330
vn -0.999921 0.012444 0.001717
v 22.120888 10.396157 -13.785330
vn -0.999921 0.012444 0.001717
v 22.147228 12.278239 -12.085261
vn -0.999921 0.012444 0.001717
v 22.125523 10.822864 -14.178104
vn -0.999920 0.012499 0.001776
v 22.120888 10.396157 -13.785330
vn -0.999920 0.012499 0.001776
v 22.125523 10.822864 -14.178104
vn -0.999920 0.012499 0.001776
v 22.095137 8.552573 -15.308527
vn -0.999920 0.012532 0.001711
v 22.095137 8.552573 -15.308527
vn -0.999920 0.012532 0.001711
v 22.125523 10.822864 -14.178104
vn -0.999920 0.012532 0.001711
v 22.098118 8.857826 -15.801655
vn -0.999920 0.012500 0.001691
v 22.095137 8.552573 -15.308527
vn -0.999920 0.012500 0.001691
v 22.098118 8.857826 -15.801655
vn -0.999920 0.012500 0.001691
v 22.066172 6.367019 -16.279081
vn -0.999920 0.012511 0.001638
v 22.066172 6.367019 -16.279081
vn -0.999920 0.012511 0.001638
v 22.098118 8.857826 -15.801655
vn -0.999920 0.012511 0.001638
v 22.067274 6.528088 -16.836185
vn -0.999921 0.012492 0.001632
v 22.066172 6.367019 -16.279081
vn -0.999921 0.012492 0.001632
v 22.067274 6.528088 -16.836185
vn -0.999921 0.012492 0.001632
v 22.036045 4.000762 -16.625225
vn -0.999920 0.012503 0.001771
v 22.036045 4.000762 -16.625225
vn -0.999920 0.012503 0.001771
v 22.067274 6.528088 -16.836185
vn -0.999920 0.012503 0.001771
v 22.035084 4.006055 -17.205219
vn -0.999920 0.012500 0.001771
v 22.036045 4.000762 -16.625225
vn -0.999920 0.012500 0.001771
v 22.035084 4.006055 -17.205219
vn -0.999920 0.012500 0.001771
v 21.915396 -5.637928 -16.711618
vn -0.999921 0.012495 0.001665
v 21.915396 -5.637928 -16.711618
vn -0.999921 0.012495 0.001665
v 22.035084 4.006055 -17.205219
vn -0.999921 0.012495 0.001665
v 21.914497 -5.632641 -17.291548
vn 0.999920 -0.012500 -0.001686
v 47.103527 7.429147 -3.420960
vn 0.999920 -0.012500 -0.001686
v 47.174221 13.077438 -3.370312
vn 0.999920 -0.012500 -0.001686
v 47.189411 13.773905 0.472971
vn 0.999920 -0.012494 -0.001754
v 46.913425 -5.950364 -16.754404
vn 0.999920 -0.012494 -0.001754
v 46.912472 -5.945255 -17.334351
vn 0.999920 -0.012494 -0.001754
v 47.034016 3.688326 -16.668015
vn 0.999920 -0.012494 -0.001756
v 47.034016 3.688326 -16.668015
vn 0.999920 -0.012494 -0.001756
v 46.912472 -5.945255 -17.334351
vn 0.999920 -0.012494 -0.001756
v 47.033062 3.693496 -17.247957
vn 0.999921 -0.012476 -0.001755
v 47.034016 3.688326 -16.668015
vn 0.999921 -0.012476 -0.001755
v 47.033062 3.693496 -17.247957
vn 0.999921 -0.012476 -0.001755
v 47.064144 6.054465 -16.321878
vn 0.999920 -0.012558 -0.001547
v 47.064144 6.054465 -16.321878
vn 0.999920 -0.012558 -0.001547
v 47.033062 3.693496 -17.247957
vn 0.999920 -0.012558 -0.001547
v 47.065308 6.215652 -16.878979
vn 0.999920 -0.012588 -0.001556
v 47.064144 6.054465 -16.321878
vn 0.999920 -0.012588 -0.001556
v 47.065308 6.215652 -16.878979
vn 0.999920 -0.012588 -0.001556
v 47.093166 8.240019 -15.351331
vn 0.999921 -0.012489 -0.001686
v 47.093166 8.240019 -15.351331
vn 0.999921 -0.012489 -0.001686
v 47.065308 6.215652 -16.878979
vn 0.999921 -0.012489 -0.001686
v 47.096149 8.545214 -15.844460
vn 0.999920 -0.012501 -0.001694
v 47.093166 8.240019 -15.351331
vn 0.999920 -0.012501 -0.001694
v 47.096149 8.545214 -15.844460
vn 0.999920 -0.012501 -0.001694
v 47.118797 10.083662 -13.828119
vn 0.999920 -0.012535 -0.001668
v 47.118797 10.083662 -13.828119
vn 0.999920 -0.012535 -0.001668
v 47.096149 8.545214 -15.844460
vn 0.999920 -0.012535 -0.001668
v 47.123493 10.510367 -14.220899
vn 0.999920 -0.012543 -0.001676
v 47.118797 10.083662 -13.828119
vn 0.999920 -0.012543 -0.001676
v 47.123493 10.510367 -14.220899
vn 0.999920 -0.012543 -0.001676
v 47.139217 11.449013 -11.864710
vn 0.999920 -0.012546 -0.001675
v 47.139217 11.449013 -11.864710
vn 0.999920 -0.012546 -0.001675
v 47.123493 10.510367 -14.220899
vn 0.999920 -0.012546 -0.001675
v 47.145260 11.965742 -12.128059
vn 0.999920 -0.012566 -0.001714
v 47.139217 11.449013 -11.864710
vn 0.999920 -0.012566 -0.001714
v 47.145260 11.965742 -12.128059
vn 0.999920 -0.012566 -0.001714
v 47.152969 12.235304 -9.606112
vn 0.999920 -0.012494 -0.001722
v 47.152969 12.235304 -9.606112
vn 0.999920 -0.012494 -0.001722
v 47.145260 11.965742 -12.128059
vn 0.999920 -0.012494 -0.001722
v 47.159878 12.803844 -9.720670
vn 0.999920 -0.012494 -0.001721
v 47.152969 12.235304 -9.606112
vn 0.999920 -0.012494 -0.001721
v 47.159878 12.803844 -9.720670
vn 0.999920 -0.012494 -0.001721
v 47.174221 13.077438 -3.370312
vn 0.999920 -0.012548 -0.001718
v 47.174221 13.077438 -3.370312
vn 0.999920 -0.012548 -0.001718
v 47.159878 12.803844 -9.720670
vn 0.999920 -0.012548 -0.001718
v 47.178005 13.553860 -4.649099
vn 0.999921 -0.012475 -0.001691
v 47.174221 13.077438 -3.370312
vn 0.999921 -0.012475 -0.001691
v 47.178005 13.553860 -4.649099
vn 0.999921 -0.012475 -0.001691
v 47.189411 13.773905 0.472971
vn 0.999920 -0.012509 -0.001661
v 46.968811 -6.261971 17.924076
vn 0.999920 -0.012509 -0.001661
v 46.967911 -6.256738 17.344074
vn 0.999920 -0.012509 -0.001661
v 47.089531 3.376839 18.010466
vn 0.999920 -0.012508 -0.001664
v 47.089531 3.376839 18.010466
vn 0.999920 -0.012508 -0.001664
v 46.967911 -6.256738 17.344074
vn 0.999920 -0.012508 -0.001664
v 47.088631 3.381953 17.430454
vn 0.999921 -0.012475 -0.001664
v 47.089531 3.376839 18.010466
vn 0.999921 -0.012475 -0.001664
v 47.088631 3.381953 17.430454
vn 0.999921 -0.012475 -0.001664
v 47.120537 5.905173 17.686625
vn 0.999921 -0.012472 -0.001703
v 47.120537 5.905173 17.686625
vn 0.999921 -0.012472 -0.001703
v 47.088631 3.381953 17.430454
vn 0.999921 -0.012472 -0.001703
v 47.117699 5.754024 17.126677
vn 0.999920 -0.012504 -0.001694
v 47.120537 5.905173 17.686625
vn 0.999920 -0.012504 -0.001694
v 47.117699 5.754024 17.126677
vn 0.999920 -0.012504 -0.001694
v 47.148216 8.253028 16.694023
vn 0.999920 -0.012515 -0.001759
v 47.148216 8.253028 16.694023
vn 0.999920 -0.012515 -0.001759
v 47.117699 5.754024 17.126677
vn 0.999920 -0.012515 -0.001759
v 47.143631 7.956704 16.195549
vn 0.999920 -0.012541 -0.001744
v 47.148216 8.253028 16.694023
vn 0.999920 -0.012541 -0.001744
v 47.143631 7.956704 16.195549
vn 0.999920 -0.012541 -0.001744
v 47.170452 10.246854 15.105937
vn 0.999920 -0.012556 -0.001776
v 47.170452 10.246854 15.105937
vn 0.999920 -0.012556 -0.001776
v 47.143631 7.956704 16.195549
vn 0.999920 -0.012556 -0.001776
v 47.164474 9.827303 14.705585
vn 0.999919 -0.012575 -0.001756
v 47.170452 10.246854 15.105937
vn 0.999919 -0.012575 -0.001756
v 47.164474 9.827303 14.705585
vn 0.999919 -0.012575 -0.001756
v 47.185596 11.739579 13.039593
vn 0.999919 -0.012617 -0.001805
v 47.185596 11.739579 13.039593
vn 0.999919 -0.012617 -0.001805
v 47.164474 9.827303 14.705585
vn 0.999919 -0.012617 -0.001805
v 47.178646 11.227695 12.766918
vn 0.999919 -0.012620 -0.001800
v 47.185596 11.739579 13.039593
vn 0.999919 -0.012620 -0.001800
v 47.178646 11.227695 12.766918
vn 0.999919 -0.012620 -0.001800
v 47.192413 12.620867 10.647655
vn 0.999921 -0.012477 -0.001706
v 47.192413 12.620867 10.647655
vn 0.999921 -0.012477 -0.001706
v 47.178646 11.227695 12.766918
vn 0.999921 -0.012477 -0.001706
v 47.185135 12.054577 10.522881
vn 0.999921 -0.012477 -0.001709
v 47.192413 12.620867 10.647655
vn 0.999921 -0.012477 -0.001709
v 47.185135 12.054577 10.522881
vn 0.999921 -0.012477 -0.001709
v 47.194260 13.461897 5.590254
vn 0.999922 -0.012366 -0.001678
v 47.194260 13.461897 5.590254
vn 0.999922 -0.012366 -0.001678
v 47.185135 12.054577 10.522881
vn 0.999922 -0.012366 -0.001678
v 47.186493 13.008446 4.303240
vn 0.999923 -0.012308 -0.001698
v 47.194260 13.461897 5.590254
vn 0.999923 -0.012308 -0.001698
v 47.186493 13.008446 4.303240
vn 0.999923 -0.012308 -0.001698
v 47.189411 13.773905 0.472971
vn 0.999920 -0.012512 -0.001739
v 47.189411 13.773905 0.472971
vn 0.999920 -0.012512 -0.001739
v 47.186493 13.008446 4.303240
vn 0.999920 -0.012512 -0.001739
v 47.115730 7.360275 4.252605
vn 0.999921 -0.012490 -0.001702
v 47.189411 13.773905 0.472971
vn 0.999921 -0.012490 -0.001702
v 47.115730 7.360275 4.252605
vn 0.999921 -0.012490 -0.001702
v 47.103527 7.429147 -3.420960
vn 0.012321 0.938262 0.345706
v 47.192413 12.620867 10.647655
vn 0.012321 0.938262 0.345706
v 22.194429 12.933364 10.690452
vn 0.012321 0.938262 0.345706
v 22.187563 12.052135 13.082396
vn 0.012323 0.938254 0.345727
v 47.192413 12.620867 10.647655
vn 0.012323 0.938254 0.345727
v 22.187563 12.052135 13.082396
vn 0.012323 0.938254 0.345727
v 47.185596 11.739579 13.039593
vn 0.011137 0.810511 0.585617
v 47.185596 11.739579 13.039593
vn 0.011137 0.810511 0.585617
v 22.187563 12.052135 13.082396
vn 0.011137 0.810511 0.585617
v 22.172363 10.559351 15.148739
vn 0.011135 0.810522 0.585602
v 47.185596 11.739579 13.039593
vn 0.011135 0.810522 0.585602
v 22.172363 10.559351 15.148739
vn 0.011135 0.810522 0.585602
v 47.170452 10.246854 15.105937
vn 0.009127 0.622936 0.782220
v 47.170452 10.246854 15.105937
vn 0.009127 0.622936 0.782220
v 22.172363 10.559351 15.148739
vn 0.009127 0.622936 0.782220
v 22.150181 8.565524 16.736820
vn 0.009126 0.622937 0.782219
v 47.170452 10.246854 15.105937
vn 0.009126 0.622937 0.782219
v 22.150181 8.565524 16.736820
vn 0.009126 0.622937 0.782219
v 47.148216 8.253028 16.694023
vn 0.006444 0.389326 0.921077
v 47.148216 8.253028 16.694023
vn 0.006444 0.389326 0.921077
v 22.150181 8.565524 16.736820
vn 0.006444 0.389326 0.921077
v 22.122564 6.217669 17.729418
vn 0.006444 0.389327 0.921077
v 47.148216 8.253028 16.694023
vn 0.006444 0.389327 0.921077
v 22.122564 6.217669 17.729418
vn 0.006444 0.389327 0.921077
v 47.120537 5.905173 17.686625
vn 0.003286 0.127002 0.991897
v 47.120537 5.905173 17.686625
vn 0.003286 0.127002 0.991897
v 22.122564 6.217669 17.729418
vn 0.003286 0.127002 0.991897
v 22.091558 3.689275 18.053253
vn 0.003285 0.127007 0.991896
v 47.120537 5.905173 17.686625
vn 0.003285 0.127007 0.991896
v 22.091558 3.689275 18.053253
vn 0.003285 0.127007 0.991896
v 47.089531 3.376839 18.010466
vn 0.002114 -0.009534 0.999952
v 46.713432 -6.691791 17.920532
vn 0.002114 -0.009534 0.999952
v 46.898697 -6.511034 17.921864
vn 0.002114 -0.009534 0.999952
v 46.462616 -6.755603 17.920454
vn 0.002077 -0.009469 0.999953
v 46.462616 -6.755603 17.920454
vn 0.002077 -0.009469 0.999953
v 46.898697 -6.511034 17.921864
vn 0.002077 -0.009469 0.999953
v 46.968811 -6.261971 17.924076
vn 0.001515 -0.008893 0.999959
v 46.462616 -6.755603 17.920454
vn 0.001515 -0.008893 0.999959
v 46.968811 -6.261971 17.924076
vn 0.001515 -0.008893 0.999959
v 45.462650 -6.743143 17.922079
vn 0.001544 -0.008982 0.999959
v 45.462650 -6.743143 17.922079
vn 0.001544 -0.008982 0.999959
v 46.968811 -6.261971 17.924076
vn 0.001544 -0.008982 0.999959
v 47.089531 3.376839 18.010466
vn 0.001603 -0.008991 0.999958
v 45.462650 -6.743143 17.922079
vn 0.001603 -0.008991 0.999958
v 47.089531 3.376839 18.010466
vn 0.001603 -0.008991 0.999958
v 24.464405 -6.480650 17.958103
vn 0.001599 -0.008983 0.999958
v 24.464405 -6.480650 17.958103
vn 0.001599 -0.008983 0.999958
v 47.089531 3.376839 18.010466
vn 0.001599 -0.008983 0.999958
v 22.091558 3.689275 18.053253
vn 0.001582 -0.008987 0.999958
v 24.464405 -6.480650 17.958103
vn 0.001582 -0.008987 0.999958
v 22.091558 3.689275 18.053253
vn 0.001582 -0.008987 0.999958
v 22.464605 -6.455619 17.961491
vn 0.001693 -0.008983 0.999958
v 22.464605 -6.455619 17.961491
vn 0.001693 -0.008983 0.999958
v 22.091558 3.689275 18.053253
vn 0.001693 -0.008983 0.999958
v 21.970900 -5.949416 17.966873
vn 0.001339 -0.009328 0.999956
v 22.464605 -6.455619 17.961491
vn 0.001339 -0.009328 0.999956
v 21.970900 -5.949416 17.966873
vn 0.001339 -0.009328 0.999956
v 22.215408 -6.385553 17.962479
vn 0.001873 -0.009029 0.999958
v 22.215408 -6.385553 17.962479
vn 0.001873 -0.009029 0.999958
v 21.970900 -5.949416 17.966873
vn 0.001873 -0.009029 0.999958
v 22.034714 -6.200234 17.964489
vn -0.001644 0.009063 -0.999958
v 46.912472 -5.945255 -17.334351
vn -0.001644 0.009063 -0.999958
v 46.842346 -6.194323 -17.336493
vn -0.001644 0.009063 -0.999958
v 46.657089 -6.375079 -17.337828
vn -0.001597 0.008984 -0.999958
v 22.035084 4.006055 -17.205219
vn -0.001597 0.008984 -0.999958
v 47.033062 3.693496 -17.247957
vn -0.001597 0.008984 -0.999958
v 45.406372 -6.426372 -17.336279
vn -0.001589 0.008983 -0.999958
v 45.406372 -6.426372 -17.336279
vn -0.001589 0.008983 -0.999958
v 47.033062 3.693496 -17.247957
vn -0.001589 0.008983 -0.999958
v 46.912472 -5.945255 -17.334351
vn -0.001586 0.008972 -0.999959
v 45.406372 -6.426372 -17.336279
vn -0.001586 0.008972 -0.999959
v 46.912472 -5.945255 -17.334351
vn -0.001586 0.008972 -0.999959
v 46.406277 -6.438946 -17.337978
vn -0.001717 0.009106 -0.999957
v 46.406277 -6.438946 -17.337978
vn -0.001717 0.009106 -0.999957
v 46.912472 -5.945255 -17.334351
vn -0.001717 0.009106 -0.999957
v 46.657089 -6.375079 -17.337828
vn -0.002220 0.008006 -0.999965
v 22.408201 -6.138839 -17.296989
vn -0.002220 0.008006 -0.999965
v 22.159071 -6.068783 -17.295876
vn -0.002220 0.008006 -0.999965
v 21.978302 -5.883455 -17.293989
vn -0.001597 0.008984 -0.999958
v 24.407991 -6.163929 -17.300379
vn -0.001582 0.008987 -0.999958
v 22.035084 4.006055 -17.205219
vn -0.001582 0.008987 -0.999958
v 24.407991 -6.163929 -17.300379
vn -0.001582 0.008987 -0.999958
v 22.408201 -6.138839 -17.296989
vn -0.001814 0.008979 -0.999958
v 22.035084 4.006055 -17.205219
vn -0.001814 0.008979 -0.999958
v 22.408201 -6.138839 -17.296989
vn -0.001814 0.008979 -0.999958
v 21.914497 -5.632641 -17.291548
vn -0.001404 0.009378 -0.999955
v 21.914497 -5.632641 -17.291548
vn -0.001404 0.009378 -0.999955
v 22.408201 -6.138839 -17.296989
vn -0.001404 0.009378 -0.999955
v 21.978302 -5.883455 -17.293989
vn 0.000119 0.144781 -0.989464
v 47.033062 3.693496 -17.247957
vn 0.000119 0.144781 -0.989464
v 22.035084 4.006055 -17.205219
vn 0.000119 0.144781 -0.989464
v 22.067274 6.528088 -16.836185
vn 0.000115 0.144753 -0.989468
v 47.033062 3.693496 -17.247957
vn 0.000115 0.144753 -0.989468
v 22.067274 6.528088 -16.836185
vn 0.000115 0.144753 -0.989468
v 47.065308 6.215652 -16.878979
vn 0.003507 0.405799 -0.913956
v 47.065308 6.215652 -16.878979
vn 0.003507 0.405799 -0.913956
v 22.067274 6.528088 -16.836185
vn 0.003507 0.405799 -0.913956
v 22.098118 8.857826 -15.801655
vn 0.003510 0.405821 -0.913946
v 47.065308 6.215652 -16.878979
vn 0.003510 0.405821 -0.913946
v 22.098118 8.857826 -15.801655
vn 0.003510 0.405821 -0.913946
v 47.096149 8.545214 -15.844460
vn 0.006644 0.636873 -0.770940
v 47.096149 8.545214 -15.844460
vn 0.006644 0.636873 -0.770940
v 22.098118 8.857826 -15.801655
vn 0.006644 0.636873 -0.770940
v 22.125523 10.822864 -14.178104
vn 0.006641 0.636853 -0.770957
v 47.096149 8.545214 -15.844460
vn 0.006641 0.636853 -0.770957
v 22.125523 10.822864 -14.178104
vn 0.006641 0.636853 -0.770957
v 47.123493 10.510367 -14.220899
vn 0.009285 0.820919 -0.570969
v 47.123493 10.510367 -14.220899
vn 0.009285 0.820919 -0.570969
v 22.125523 10.822864 -14.178104
vn 0.009285 0.820919 -0.570969
v 22.147228 12.278239 -12.085261
vn 0.009285 0.820919 -0.570969
v 47.145260 11.965742 -12.128059
vn 0.011242 0.944315 -0.328852
v 47.145260 11.965742 -12.128059
vn 0.011242 0.944315 -0.328852
v 22.147228 12.278239 -12.085261
vn 0.011242 0.944315 -0.328852
v 22.161903 13.116405 -9.677930
vn 0.011245 0.944325 -0.328823
v 47.145260 11.965742 -12.128059
vn 0.011245 0.944325 -0.328823
v 22.161903 13.116405 -9.677930
vn 0.011245 0.944325 -0.328823
v 47.159878 12.803844 -9.720670
vn 0.012118 0.989164 -0.146311
v 47.159878 12.803844 -9.720670
vn 0.012118 0.989164 -0.146311
v 22.161903 13.116405 -9.677930
vn 0.012118 0.989164 -0.146311
v 22.179972 13.866346 -4.606302
vn 0.012114 0.989162 -0.146327
v 47.159878 12.803844 -9.720670
vn 0.012114 0.989162 -0.146327
v 22.179972 13.866346 -4.606302
vn 0.012114 0.989162 -0.146327
v 47.178005 13.553860 -4.649099
vn 0.012414 0.999000 -0.042959
v 47.178005 13.553860 -4.649099
vn 0.012414 0.999000 -0.042959
v 22.179972 13.866346 -4.606302
vn 0.012414 0.999000 -0.042959
v 22.191435 14.086463 0.515767
vn 0.012417 0.999000 -0.042945
v 47.178005 13.553860 -4.649099
vn 0.012417 0.999000 -0.042945
v 22.191435 14.086463 0.515767
vn 0.012417 0.999000 -0.042945
v 47.189411 13.773905 0.472971
vn 0.012583 0.998067 0.060867
v 47.189411 13.773905 0.472971
vn 0.012583 0.998067 0.060867
v 22.191435 14.086463 0.515767
vn 0.012583 0.998067 0.060867
v 22.196283 13.774328 5.632986
vn 0.012578 0.998068 0.060842
v 47.189411 13.773905 0.472971
vn 0.012578 0.998068 0.060842
v 22.196283 13.774328 5.632986
vn 0.012578 0.998068 0.060842
v 47.194260 13.461897 5.590254
vn 0.012608 0.986376 0.164021
v 47.194260 13.461897 5.590254
vn 0.012608 0.986376 0.164021
v 22.196283 13.774328 5.632986
vn 0.012608 0.986376 0.164021
v 22.194429 12.933364 10.690452
vn 0.012611 0.986374 0.164035
v 47.194260 13.461897 5.590254
vn 0.012611 0.986374 0.164035
v 22.194429 12.933364 10.690452
vn 0.012611 0.986374 0.164035
v 47.192413 12.620867 10.647655
vn 0.999920 -0.012508 -0.001649
v 45.461758 -6.737855 17.342150
vn 0.999920 -0.012508 -0.001649
v 45.462650 -6.743143 17.922079
vn 0.999920 -0.012508 -0.001649
v 45.411667 -10.737442 17.306250
vn 0.999920 -0.012393 -0.002398
v 45.411667 -10.737442 17.306250
vn 0.999920 -0.012393 -0.002398
v 45.462650 -6.743143 17.922079
vn 0.999920 -0.012393 -0.002398
v 45.458832 -7.073889 18.039162
vn 0.999920 -0.012517 -0.001774
v 45.411667 -10.737442 17.306250
vn 0.999920 -0.012517 -0.001774
v 45.458832 -7.073889 18.039162
vn 0.999920 -0.012517 -0.001774
v 45.387768 -12.743434 17.988365
vn 0.999921 -0.012480 -0.001683
v 45.364590 -14.466338 16.972889
vn 0.999921 -0.012480 -0.001683
v 45.397625 -11.728362 16.297327
vn 0.999921 -0.012480 -0.001683
v 45.374886 -13.740947 17.711426
vn 0.999921 -0.012480 -0.001682
v 45.374886 -13.740947 17.711426
vn 0.999921 -0.012480 -0.001682
v 45.397625 -11.728362 16.297327
vn 0.999921 -0.012480 -0.001682
v 45.400082 -11.598925 16.798538
vn 0.999921 -0.012459 -0.001635
v 45.374886 -13.740947 17.711426
vn 0.999921 -0.012459 -0.001635
v 45.400082 -11.598925 16.798538
vn 0.999921 -0.012459 -0.001635
v 45.387768 -12.743434 17.988365
vn 0.999919 -0.012588 -0.001758
v 45.387768 -12.743434 17.988365
vn 0.999919 -0.012588 -0.001758
v 45.400082 -11.598925 16.798538
vn 0.999919 -0.012588 -0.001758
v 45.405300 -11.236228 17.167839
vn 0.999922 -0.012386 -0.001387
v 45.387768 -12.743434 17.988365
vn 0.999922 -0.012386 -0.001387
v 45.405300 -11.236228 17.167839
vn 0.999922 -0.012386 -0.001387
v 45.411667 -10.737442 17.306250
vn 0.999919 -0.012619 -0.001663
v 45.406372 -6.426372 -17.336279
vn 0.999919 -0.012619 -0.001663
v 45.407269 -6.431660 -16.756350
vn 0.999919 -0.012619 -0.001663
v 45.402020 -6.754941 -17.459242
vn 0.999920 -0.012508 -0.001714
v 45.402020 -6.754941 -17.459242
vn 0.999920 -0.012508 -0.001714
v 45.407269 -6.431660 -16.756350
vn 0.999920 -0.012508 -0.001714
v 45.357178 -10.431185 -16.792236
vn 0.999920 -0.012497 -0.001656
v 45.402020 -6.754941 -17.459242
vn 0.999920 -0.012497 -0.001656
v 45.357178 -10.431185 -16.792236
vn 0.999920 -0.012497 -0.001656
v 45.331078 -12.424671 -17.510059
vn 0.999921 -0.012422 -0.001865
v 45.331078 -12.424671 -17.510059
vn 0.999921 -0.012422 -0.001865
v 45.357178 -10.431185 -16.792236
vn 0.999921 -0.012422 -0.001865
v 45.351196 -10.932242 -16.662647
vn 0.999920 -0.012564 -0.001615
v 45.331078 -12.424671 -17.510059
vn 0.999920 -0.012564 -0.001615
v 45.351196 -10.932242 -16.662647
vn 0.999920 -0.012564 -0.001615
v 45.318901 -13.426888 -17.251127
vn 0.999920 -0.012553 -0.001660
v 45.318901 -13.426888 -17.251127
vn 0.999920 -0.012553 -0.001660
v 45.351196 -10.932242 -16.662647
vn 0.999920 -0.012553 -0.001660
v 45.347160 -11.301582 -16.300018
vn 0.999920 -0.012499 -0.001781
v 45.318901 -13.426888 -17.251127
vn 0.999920 -0.012499 -0.001781
v 45.347160 -11.301582 -16.300018
vn 0.999920 -0.012499 -0.001781
v 45.310963 -14.165394 -16.525673
vn 0.999920 -0.012500 -0.001764
v 45.310963 -14.165394 -16.525673
vn 0.999920 -0.012500 -0.001764
v 45.347160 -11.301582 -16.300018
vn 0.999920 -0.012500 -0.001764
v 45.346313 -11.439939 -15.801195
vn 0.999920 -0.012528 -0.001659
v 45.310963 -14.165394 -16.525673
vn 0.999920 -0.012528 -0.001659
v 45.346313 -11.439939 -15.801195
vn 0.999920 -0.012528 -0.001659
v 45.309147 -14.442289 -15.528091
vn 0.999920 -0.012533 -0.001711
v 45.309147 -14.442289 -15.528091
vn 0.999920 -0.012533 -0.001711
v 45.346313 -11.439939 -15.801195
vn 0.999920 -0.012533 -0.001711
v 45.397625 -11.728362 16.297327
vn 0.999920 -0.012521 -0.001712
v 45.309147 -14.442289 -15.528091
vn 0.999920 -0.012521 -0.001712
v 45.397625 -11.728362 16.297327
vn 0.999920 -0.012521 -0.001712
v 45.359535 -14.725280 15.970447
vn 0.999920 -0.012511 -0.001807
v 45.359535 -14.725280 15.970447
vn 0.999920 -0.012511 -0.001807
v 45.397625 -11.728362 16.297327
vn 0.999920 -0.012511 -0.001807
v 45.364590 -14.466338 16.972889
vn 0.001600 -0.008979 0.999958
v 45.387768 -12.743434 17.988365
vn 0.001600 -0.008979 0.999958
v 45.458832 -7.073889 18.039162
vn 0.001600 -0.008979 0.999958
v 24.389509 -12.480937 18.024330
vn 0.001601 -0.008981 0.999958
v 24.389509 -12.480937 18.024330
vn 0.001601 -0.008981 0.999958
v 45.458832 -7.073889 18.039162
vn 0.001601 -0.008981 0.999958
v 24.460514 -6.811333 18.075136
vn -0.999921 0.012490 0.001655
v 24.358870 -10.168572 -16.756199
vn -0.999921 0.012490 0.001655
v 24.408888 -6.169040 -16.720428
vn -0.999921 0.012490 0.001655
v 24.407991 -6.163929 -17.300379
vn -0.999920 0.012533 0.001639
v 24.312588 -13.902902 -16.489639
vn -0.999920 0.012533 0.001639
v 24.347937 -11.177442 -15.765220
vn -0.999920 0.012533 0.001639
v 24.320654 -13.164406 -17.215103
vn -0.999920 0.012531 0.001642
v 24.320654 -13.164406 -17.215103
vn -0.999920 0.012531 0.001642
v 24.347937 -11.177442 -15.765220
vn -0.999920 0.012531 0.001642
v 24.348852 -11.039091 -16.263990
vn -0.999921 0.012472 0.001774
v 24.320654 -13.164406 -17.215103
vn -0.999921 0.012472 0.001774
v 24.348852 -11.039091 -16.263990
vn -0.999921 0.012472 0.001774
v 24.332697 -12.162112 -17.474083
vn -0.999922 0.012350 0.001666
v 24.464405 -6.480650 17.958103
vn -0.999922 0.012350 0.001666
v 24.463503 -6.475413 17.378042
vn -0.999922 0.012350 0.001666
v 24.460514 -6.811333 18.075136
vn -0.999920 0.012505 0.001740
v 24.460514 -6.811333 18.075136
vn -0.999920 0.012505 0.001740
v 24.463503 -6.475413 17.378042
vn -0.999920 0.012505 0.001740
v 24.413424 -10.474950 17.342274
vn -0.999920 0.012507 0.001726
v 24.460514 -6.811333 18.075136
vn -0.999920 0.012507 0.001726
v 24.413424 -10.474950 17.342274
vn -0.999920 0.012507 0.001726
v 24.389509 -12.480937 18.024330
vn -0.999920 0.012537 0.001814
v 24.389509 -12.480937 18.024330
vn -0.999920 0.012537 0.001814
v 24.413424 -10.474950 17.342274
vn -0.999920 0.012537 0.001814
v 24.406919 -10.973673 17.203817
vn -0.999920 0.012530 0.001801
v 24.389509 -12.480937 18.024330
vn -0.999920 0.012530 0.001801
v 24.406919 -10.973673 17.203817
vn -0.999920 0.012530 0.001801
v 24.376511 -13.478509 17.747393
vn -0.999920 0.012498 0.001655
v 24.376511 -13.478509 17.747393
vn -0.999920 0.012498 0.001655
v 24.406919 -10.973673 17.203817
vn -0.999920 0.012498 0.001655
v 24.401775 -11.336368 16.834513
vn -0.999920 0.012526 0.001720
v 24.376511 -13.478509 17.747393
vn -0.999920 0.012526 0.001720
v 24.401775 -11.336368 16.834513
vn -0.999920 0.012526 0.001720
v 24.366154 -14.203780 17.008869
vn -0.999920 0.012525 0.001691
v 24.366154 -14.203780 17.008869
vn -0.999920 0.012525 0.001691
v 24.401775 -11.336368 16.834513
vn -0.999920 0.012525 0.001691
v 24.399305 -11.465869 16.333347
vn -0.999920 0.012510 0.001630
v 24.366154 -14.203780 17.008869
vn -0.999920 0.012510 0.001630
v 24.399305 -11.465869 16.333347
vn -0.999920 0.012510 0.001630
v 24.361279 -14.462789 16.006474
vn -0.999920 0.012501 0.001713
v 24.361279 -14.462789 16.006474
vn -0.999920 0.012501 0.001713
v 24.399305 -11.465869 16.333347
vn -0.999920 0.012501 0.001713
v 24.347937 -11.177442 -15.765220
vn -0.999920 0.012491 0.001712
v 24.361279 -14.462789 16.006474
vn -0.999920 0.012491 0.001712
v 24.347937 -11.177442 -15.765220
vn -0.999920 0.012491 0.001712
v 24.310898 -14.179788 -15.492185
vn -0.999920 0.012497 0.001775
v 24.310898 -14.179788 -15.492185
vn -0.999920 0.012497 0.001775
v 24.347937 -11.177442 -15.765220
vn -0.999920 0.012497 0.001775
v 24.312588 -13.902902 -16.489639
vn -0.999921 0.012470 0.001776
v 24.348852 -11.039091 -16.263990
vn -0.999921 0.012470 0.001776
v 24.352814 -10.669741 -16.626743
vn -0.999921 0.012470 0.001776
v 24.332697 -12.162112 -17.474083
vn -0.999920 0.012521 0.001686
v 24.332697 -12.162112 -17.474083
vn -0.999920 0.012521 0.001686
v 24.352814 -10.669741 -16.626743
vn -0.999920 0.012521 0.001686
v 24.358870 -10.168572 -16.756199
vn -0.999920 0.012496 0.001756
v 24.332697 -12.162112 -17.474083
vn -0.999920 0.012496 0.001756
v 24.358870 -10.168572 -16.756199
vn -0.999920 0.012496 0.001756
v 24.403639 -6.492503 -17.423283
vn -0.999920 0.012527 0.001926
v 24.403639 -6.492503 -17.423283
vn -0.999920 0.012527 0.001926
v 24.358870 -10.168572 -16.756199
vn -0.999920 0.012527 0.001926
v 24.407991 -6.163929 -17.300379
vn -0.001601 0.008980 -0.999958
v 24.332697 -12.162112 -17.474083
vn -0.001601 0.008980 -0.999958
v 24.403639 -6.492503 -17.423283
vn -0.001601 0.008980 -0.999958
v 45.331078 -12.424671 -17.510059
vn -0.001600 0.008983 -0.999958
v 45.331078 -12.424671 -17.510059
vn -0.001600 0.008983 -0.999958
v 24.403639 -6.492503 -17.423283
vn -0.001600 0.008983 -0.999958
v 45.402020 -6.754941 -17.459242
vn -0.012515 -0.999882 -0.008963
v 45.309147 -14.442289 -15.528091
vn -0.012515 -0.999882 -0.008963
v 45.359535 -14.725280 15.970447
vn -0.012515 -0.999882 -0.008963
v 24.310898 -14.179788 -15.492185
vn -0.012515 -0.999882 -0.008963
v 24.361279 -14.462789 16.006474
vn 0.002779 0.350462 -0.936573
v 45.406372 -6.426372 -17.336279
vn 0.002779 0.350462 -0.936573
v 45.402020 -6.754941 -17.459242
vn 0.002779 0.350462 -0.936573
v 24.407991 -6.163929 -17.300379
vn 0.002774 0.350314 -0.936628
v 24.407991 -6.163929 -17.300379
vn 0.002774 0.350314 -0.936628
v 45.402020 -6.754941 -17.459242
vn 0.002774 0.350314 -0.936628
v 24.403639 -6.492503 -17.423283
vn 0.005787 0.333638 0.942684
v 45.458832 -7.073889 18.039162
vn 0.005787 0.333638 0.942684
v 45.462650 -6.743143 17.922079
vn 0.005787 0.333638 0.942684
v 24.460514 -6.811333 18.075136
vn 0.005787 0.333570 0.942708
v 24.460514 -6.811333 18.075136
vn 0.005787 0.333570 0.942708
v 45.462650 -6.743143 17.922079
vn 0.005787 0.333570 0.942708
v 24.464405 -6.480650 17.958103
vn -0.004786 -0.250090 -0.968211
v 24.332697 -12.162112 -17.474083
vn -0.004786 -0.250090 -0.968211
v 45.331078 -12.424671 -17.510059
vn -0.004786 -0.250090 -0.968211
v 45.318901 -13.426888 -17.251127
vn -0.004787 -0.250115 -0.968204
v 24.332697 -12.162112 -17.474083
vn -0.004787 -0.250115 -0.968204
v 45.318901 -13.426888 -17.251127
vn -0.004787 -0.250115 -0.968204
v 24.320654 -13.164406 -17.215103
vn -0.009983 -0.700685 -0.713401
v 24.320654 -13.164406 -17.215103
vn -0.009983 -0.700685 -0.713401
v 45.318901 -13.426888 -17.251127
vn -0.009983 -0.700685 -0.713401
v 45.310963 -14.165394 -16.525673
vn -0.009983 -0.700694 -0.713392
v 24.320654 -13.164406 -17.215103
vn -0.009983 -0.700694 -0.713392
v 45.310963 -14.165394 -16.525673
vn -0.009983 -0.700694 -0.713392
v 24.312588 -13.902902 -16.489639
vn -0.012503 -0.963489 -0.267455
v 24.312588 -13.902902 -16.489639
vn -0.012503 -0.963489 -0.267455
v 45.310963 -14.165394 -16.525673
vn -0.012503 -0.963489 -0.267455
v 45.309147 -14.442289 -15.528091
vn -0.012502 -0.963483 -0.267477
v 24.312588 -13.902902 -16.489639
vn -0.012502 -0.963483 -0.267477
v 45.309147 -14.442289 -15.528091
vn -0.012502 -0.963483 -0.267477
v 24.310898 -14.179788 -15.492185
vn -0.001693 -0.267475 0.963563
v 45.387768 -12.743434 17.988365
vn -0.001693 -0.267475 0.963563
v 24.389509 -12.480937 18.024330
vn -0.001693 -0.267475 0.963563
v 24.376511 -13.478509 17.747393
vn -0.001693 -0.267491 0.963559
v 45.387768 -12.743434 17.988365
vn -0.001693 -0.267491 0.963559
v 24.376511 -13.478509 17.747393
vn -0.001693 -0.267491 0.963559
v 45.374886 -13.740947 17.711426
vn -0.007716 -0.713404 0.700710
v 45.374886 -13.740947 17.711426
vn -0.007716 -0.713404 0.700710
v 24.376511 -13.478509 17.747393
vn -0.007716 -0.713404 0.700710
v 24.366154 -14.203780 17.008869
vn -0.007719 -0.713353 0.700763
v 45.374886 -13.740947 17.711426
vn -0.007719 -0.713353 0.700763
v 24.366154 -14.203780 17.008869
vn -0.007719 -0.713353 0.700763
v 45.364590 -14.466338 16.972889
vn -0.011676 -0.968121 0.250209
v 45.364590 -14.466338 16.972889
vn -0.011676 -0.968121 0.250209
v 24.366154 -14.203780 17.008869
vn -0.011676 -0.968121 0.250209
v 24.361279 -14.462789 16.006474
vn -0.011673 -0.968139 0.250140
v 45.364590 -14.466338 16.972889
vn -0.011673 -0.968139 0.250140
v 24.361279 -14.462789 16.006474
vn -0.011673 -0.968139 0.250140
v 45.359535 -14.725280 15.970447
vn -0.969134 -0.246532 -0.000744
v 21.915396 -5.637928 -16.711618
vn -0.969134 -0.246532 -0.000744
v 21.914497 -5.632641 -17.291548
vn -0.969134 -0.246532 -0.000744
v 21.978302 -5.883455 -17.293989
vn -0.969079 -0.246748 -0.000647
v 21.915396 -5.637928 -16.711618
vn -0.969079 -0.246748 -0.000647
v 21.978302 -5.883455 -17.293989
vn -0.969079 -0.246748 -0.000647
v 21.979263 -5.888751 -16.713936
vn -0.715872 -0.698212 -0.005189
v 21.979263 -5.888751 -16.713936
vn -0.715872 -0.698212 -0.005189
v 21.978302 -5.883455 -17.293989
vn -0.715872 -0.698212 -0.005189
v 22.159071 -6.068783 -17.295876
vn -0.715895 -0.698189 -0.005203
v 21.979263 -5.888751 -16.713936
vn -0.715895 -0.698189 -0.005203
v 22.159071 -6.068783 -17.295876
vn -0.715895 -0.698189 -0.005203
v 22.159897 -6.073951 -16.715933
vn -0.270731 -0.962620 -0.008193
v 22.159897 -6.073951 -16.715933
vn -0.270731 -0.962620 -0.008193
v 22.159071 -6.068783 -17.295876
vn -0.270731 -0.962620 -0.008193
v 22.408201 -6.138839 -17.296989
vn -0.271184 -0.962491 -0.008401
v 22.159897 -6.073951 -16.715933
vn -0.271184 -0.962491 -0.008401
v 22.408201 -6.138839 -17.296989
vn -0.271184 -0.962491 -0.008401
v 22.409031 -6.144136 -16.716925
vn 0.962618 -0.270832 -0.003969
v 46.912472 -5.945255 -17.334351
vn 0.962618 -0.270832 -0.003969
v 46.913425 -5.950364 -16.754404
vn 0.962618 -0.270832 -0.003969
v 46.843307 -6.199551 -16.756565
vn 0.962577 -0.270978 -0.004038
v 46.912472 -5.945255 -17.334351
vn 0.962577 -0.270978 -0.004038
v 46.843307 -6.199551 -16.756565
vn 0.962577 -0.270978 -0.004038
v 46.842346 -6.194323 -17.336493
vn 0.698364 -0.715702 -0.007609
v 46.842346 -6.194323 -17.336493
vn 0.698364 -0.715702 -0.007609
v 46.843307 -6.199551 -16.756565
vn 0.698364 -0.715702 -0.007609
v 46.658051 -6.380308 -16.757898
vn 0.698363 -0.715703 -0.007610
v 46.842346 -6.194323 -17.336493
vn 0.698363 -0.715703 -0.007610
v 46.658051 -6.380308 -16.757898
vn 0.698363 -0.715703 -0.007610
v 46.657089 -6.375079 -17.337828
vn 0.246545 -0.969088 -0.009146
v 46.657089 -6.375079 -17.337828
vn 0.246545 -0.969088 -0.009146
v 46.658051 -6.380308 -16.757898
vn 0.246545 -0.969088 -0.009146
v 46.407234 -6.444116 -16.758034
vn 0.246762 -0.969034 -0.009046
v 46.657089 -6.375079 -17.337828
vn 0.246762 -0.969034 -0.009046
v 46.407234 -6.444116 -16.758034
vn 0.246762 -0.969034 -0.009046
v 46.406277 -6.438946 -17.337978
vn -0.969020 -0.246981 -0.000501
v 21.970900 -5.949416 17.966873
vn -0.969020 -0.246981 -0.000501
v 21.969881 -5.944242 17.386873
vn -0.969020 -0.246981 -0.000501
v 22.033810 -6.195056 17.384422
vn -0.969127 -0.246563 -0.000689
v 21.970900 -5.949416 17.966873
vn -0.969127 -0.246563 -0.000689
v 22.033810 -6.195056 17.384422
vn -0.969127 -0.246563 -0.000689
v 22.034714 -6.200234 17.964489
vn -0.715778 -0.698309 -0.005117
v 22.034714 -6.200234 17.964489
vn -0.715778 -0.698309 -0.005117
v 22.033810 -6.195056 17.384422
vn -0.715778 -0.698309 -0.005117
v 22.214512 -6.380266 17.382551
vn -0.716001 -0.698080 -0.005256
v 22.034714 -6.200234 17.964489
vn -0.716001 -0.698080 -0.005256
v 22.214512 -6.380266 17.382551
vn -0.716001 -0.698080 -0.005256
v 22.215408 -6.385553 17.962479
vn -0.271181 -0.962492 -0.008356
v 22.215408 -6.385553 17.962479
vn -0.271181 -0.962492 -0.008356
v 22.214512 -6.380266 17.382551
vn -0.271181 -0.962492 -0.008356
v 22.463646 -6.450450 17.381550
vn -0.270694 -0.962631 -0.008133
v 22.215408 -6.385553 17.962479
vn -0.270694 -0.962631 -0.008133
v 22.463646 -6.450450 17.381550
vn -0.270694 -0.962631 -0.008133
v 22.464605 -6.455619 17.961491
vn 0.962587 -0.270943 -0.003935
v 46.967911 -6.256738 17.344074
vn 0.962587 -0.270943 -0.003935
v 46.968811 -6.261971 17.924076
vn 0.962587 -0.270943 -0.003935
v 46.898697 -6.511034 17.921864
vn 0.962657 -0.270696 -0.003818
v 46.967911 -6.256738 17.344074
vn 0.962657 -0.270696 -0.003818
v 46.898697 -6.511034 17.921864
vn 0.962657 -0.270696 -0.003818
v 46.897865 -6.505810 17.341986
vn 0.698350 -0.715717 -0.007448
v 46.897865 -6.505810 17.341986
vn 0.698350 -0.715717 -0.007448
v 46.898697 -6.511034 17.921864
vn 0.698350 -0.715717 -0.007448
v 46.713432 -6.691791 17.920532
vn 0.698119 -0.715942 -0.007594
v 46.897865 -6.505810 17.341986
vn 0.698119 -0.715942 -0.007594
v 46.713432 -6.691791 17.920532
vn 0.698119 -0.715942 -0.007594
v 46.712479 -6.686566 17.340662
vn 0.246560 -0.969085 -0.009135
v 46.712479 -6.686566 17.340662
vn 0.246560 -0.969085 -0.009135
v 46.713432 -6.691791 17.920532
vn 0.246560 -0.969085 -0.009135
v 46.462616 -6.755603 17.920454
vn 0.246736 -0.969040 -0.009053
v 46.712479 -6.686566 17.340662
vn 0.246736 -0.969040 -0.009053
v 46.462616 -6.755603 17.920454
vn 0.246736 -0.969040 -0.009053
v 46.461658 -6.750429 17.340452
# 3864 vertices, 0 vertices normals

f 1//1 2//2 3//3
f 4//4 5//5 6//6
f 7//7 8//8 9//9
f 10//10 11//11 12//12
f 13//13 14//14 15//15
f 16//16 17//17 18//18
f 19//19 20//20 21//21
f 22//22 23//23 24//24
f 25//25 26//26 27//27
f 28//28 29//29 30//30
f 31//31 32//32 33//33
f 34//34 35//35 36//36
f 37//37 38//38 39//39
f 40//40 41//41 42//42
f 43//43 44//44 45//45
f 46//46 47//47 48//48
f 49//49 50//50 51//51
f 52//52 53//53 54//54
f 55//55 56//56 57//57
f 58//58 59//59 60//60
f 61//61 62//62 63//63
f 64//64 65//65 66//66
f 67//67 68//68 69//69
f 70//70 71//71 72//72
f 73//73 74//74 75//75
f 76//76 77//77 78//78
f 79//79 80//80 81//81
f 82//82 83//83 84//84
f 85//85 86//86 87//87
f 88//88 89//89 90//90
f 91//91 92//92 93//93
f 94//94 95//95 96//96
f 97//97 98//98 99//99
f 100//100 101//101 102//102
f 103//103 104//104 105//105
f 106//106 107//107 108//108
f 109//109 110//110 111//111
f 112//112 113//113 114//114
f 115//115 116//116 117//117
f 118//118 119//119 120//120
f 121//121 122//122 123//123
f 124//124 125//125 126//126
f 127//127 128//128 129//129
f 130//130 131//131 132//132
f 133//133 134//134 135//135
f 136//136 137//137 138//138
f 139//139 140//140 141//141
f 142//142 143//143 144//144
f 145//145 146//146 147//147
f 148//148 149//149 150//150
f 151//151 152//152 153//153
f 154//154 155//155 156//156
f 157//157 158//158 159//159
f 160//160 161//161 162//162
f 163//163 164//164 165//165
f 166//166 167//167 168//168
f 169//169 170//170 171//171
f 172//172 173//173 174//174
f 175//175 176//176 177//177
f 178//178 179//179 180//180
f 181//181 182//182 183//183
f 184//184 185//185 186//186
f 187//187 188//188 189//189
f 190//190 191//191 192//192
f 193//193 194//194 195//195
f 196//196 197//197 198//198
f 199//199 200//200 201//201
f 202//202 203//203 204//204
f 205//205 206//206 207//207
f 208//208 209//209 210//210
f 211//211 212//212 213//213
f 214//214 215//215 216//216
f 217//217 218//218 219//219
f 220//220 221//221 222//222
f 223//223 224//224 225//225
f 226//226 227//227 228//228
f 229//229 230//230 231//231
f 232//232 233//233 234//234
f 235//235 236//236 237//237
f 238//238 239//239 240//240
f 241//241 242//242 243//243
f 244//244 245//245 246//246
f 247//247 248//248 249//249
f 250//250 251//251 252//252
f 253//253 254//254 255//255
f 256//256 257//257 258//258
f 259//259 260//260 261//261
f 262//262 263//263 264//264
f 265//265 266//266 267//267
f 268//268 269//269 270//270
f 271//271 272//272 273//273
f 274//274 275//275 276//276
f 277//277 278//278 279//279
f 280//280 281//281 282//282
f 283//283 284//284 285//285
f 286//286 287//287 288//288
f 289//289 290//290 291//291
f 292//292 293//293 294//294
f 295//295 296//296 297//297
f 298//298 299//299 300//300
f 301//301 302//302 303//303
f 304//304 305//305 306//306
f 307//307 308//308 309//309
f 310//310 311//311 312//312
f 313//313 314//314 315//315
f 316//316 317//317 318//318
f 319//319 320//320 321//321
f 322//322 323//323 324//324
f 325//325 326//326 327//327
f 328//328 329//329 330//330
f 331//331 332//332 333//333
f 334//334 335//335 336//336
f 337//337 338//338 339//339
f 340//340 341//341 342//342
f 343//343 344//344 345//345
f 346//346 347//347 348//348
f 349//349 350//350 351//351
f 352//352 353//353 354//354
f 355//355 356//356 357//357
f 358//358 359//359 360//360
f 361//361 362//362 363//363
f 364//364 365//365 366//366
f 367//367 368//368 369//369
f 370//370 371//371 372//372
f 373//373 374//374 375//375
f 376//376 377//377 378//378
f 379//379 380//380 381//381
f 382//382 383//383 384//384
f 385//385 386//386 387//387
f 388//388 389//389 390//390
f 391//391 392//392 393//393
f 394//394 395//395 396//396
f 397//397 398//398 399//399
f 400//400 401//401 402//402
f 403//403 404//404 405//405
f 406//406 407//407 408//408
f 409//409 410//410 411//411
f 412//412 413//413 414//414
f 415//415 416//416 417//417
f 418//418 419//419 420//420
f 421//421 422//422 423//423
f 421//421 423//423 424//424
f 425//425 426//426 427//427
f 428//428 429//429 430//430
f 431//431 432//432 433//433
f 434//434 435//435 436//436
f 437//437 438//438 439//439
f 440//440 441//441 442//442
f 443//443 444//444 445//445
f 446//446 447//447 448//448
f 449//449 450//450 451//451
f 452//452 453//453 454//454
f 455//455 456//456 457//457
f 458//458 459//459 460//460
f 461//461 462//462 463//463
f 464//464 465//465 466//466
f 467//467 468//468 469//469
f 470//470 471//471 472//472
f 473//473 474//474 475//475
f 476//476 477//477 478//478
f 479//479 480//480 481//481
f 482//482 483//483 484//484
f 485//485 486//486 487//487
f 488//488 489//489 490//490
f 491//491 492//492 493//493
f 494//494 495//495 496//496
f 497//497 498//498 499//499
f 500//500 501//501 502//502
f 503//503 504//504 505//505
f 506//506 507//507 508//508
f 509//509 510//510 511//511
f 512//512 513//513 514//514
f 515//515 516//516 517//517
f 518//518 519//519 520//520
f 521//521 522//522 523//523
f 524//524 525//525 526//526
f 527//527 528//528 529//529
f 530//530 531//531 532//532
f 533//533 534//534 535//535
f 536//536 537//537 538//538
f 539//539 540//540 541//541
f 542//542 543//543 544//544
f 545//545 546//546 547//547
f 548//548 549//549 550//550
f 551//551 552//552 553//553
f 554//554 555//555 556//556
f 557//557 558//558 559//559
f 560//560 561//561 562//562
f 563//563 564//564 565//565
f 566//566 567//567 568//568
f 569//569 570//570 571//571
f 572//572 573//573 574//574
f 575//575 576//576 577//577
f 578//578 579//579 580//580
f 581//581 582//582 583//583
f 584//584 585//585 586//586
f 587//587 588//588 589//589
f 590//590 591//591 592//592
f 593//593 594//594 595//595
f 596//596 597//597 598//598
f 599//599 600//600 601//601
f 602//602 603//603 604//604
f 605//605 606//606 607//607
f 608//608 609//609 610//610
f 611//611 612//612 613//613
f 614//614 615//615 616//616
f 617//617 618//618 619//619
f 620//620 621//621 622//622
f 623//623 624//624 625//625
f 626//626 627//627 628//628
f 629//629 630//630 631//631
f 632//632 633//633 634//634
f 635//635 636//636 637//637
f 638//638 639//639 640//640
f 641//641 642//642 643//643
f 644//644 645//645 646//646
f 647//647 648//648 649//649
f 650//650 651//651 652//652
f 653//653 654//654 655//655
f 656//656 657//657 658//658
f 659//659 660//660 661//661
f 662//662 663//663 664//664
f 665//665 666//666 667//667
f 668//668 669//669 670//670
f 671//671 672//672 673//673
f 674//674 675//675 676//676
f 677//677 678//678 679//679
f 680//680 681//681 682//682
f 683//683 684//684 685//685
f 686//686 687//687 688//688
f 689//689 690//690 691//691
f 692//692 693//693 694//694
f 695//695 696//696 697//697
f 698//698 699//699 700//700
f 701//701 702//702 703//703
f 704//704 705//705 706//706
f 707//707 708//708 709//709
f 710//710 711//711 712//712
f 713//713 714//714 715//715
f 716//716 717//717 718//718
f 719//719 720//720 721//721
f 722//722 723//723 724//724
f 725//725 726//726 727//727
f 728//728 729//729 730//730
f 731//731 732//732 733//733
f 734//734 735//735 736//736
f 737//737 738//738 739//739
f 740//740 741//741 742//742
f 743//743 744//744 745//745
f 746//746 747//747 748//748
f 749//749 750//750 751//751
f 752//752 753//753 754//754
f 754//754 755//755 752//752
f 756//756 757//757 758//758
f 759//759 760//760 761//761
f 762//762 763//763 764//764
f 765//765 766//766 767//767
f 768//768 769//769 770//770
f 771//771 772//772 773//773
f 774//774 775//775 776//776
f 777//777 778//778 779//779
f 780//780 781//781 782//782
f 783//783 784//784 785//785
f 786//786 787//787 788//788
f 789//789 790//790 791//791
f 792//792 793//793 794//794
f 795//795 796//796 797//797
f 798//798 799//799 800//800
f 801//801 802//802 803//803
f 804//804 805//805 806//806
f 807//807 808//808 809//809
f 810//810 811//811 812//812
f 813//813 814//814 815//815
f 816//816 817//817 818//818
f 819//819 820//820 821//821
f 822//822 823//823 824//824
f 825//825 826//826 827//827
f 828//828 829//829 830//830
f 831//831 832//832 833//833
f 834//834 835//835 836//836
f 837//837 838//838 839//839
f 840//840 841//841 842//842
f 843//843 844//844 845//845
f 846//846 847//847 848//848
f 849//849 850//850 851//851
f 852//852 853//853 854//854
f 855//855 856//856 857//857
f 858//858 859//859 860//860
f 861//861 862//862 863//863
f 864//864 865//865 866//866
f 867//867 868//868 869//869
f 870//870 871//871 872//872
f 873//873 874//874 875//875
f 876//876 877//877 878//878
f 879//879 880//880 881//881
f 882//882 883//883 884//884
f 885//885 886//886 887//887
f 888//888 889//889 890//890
f 891//891 892//892 893//893
f 894//894 895//895 896//896
f 897//897 898//898 899//899
f 900//900 901//901 902//902
f 903//903 904//904 905//905
f 906//906 907//907 908//908
f 909//909 910//910 911//911
f 912//912 913//913 914//914
f 915//915 916//916 917//917
f 918//918 919//919 920//920
f 921//921 922//922 923//923
f 924//924 925//925 926//926
f 927//927 928//928 929//929
f 930//930 931//931 932//932
f 933//933 934//934 935//935
f 936//936 937//937 938//938
f 939//939 940//940 941//941
f 942//942 943//943 944//944
f 945//945 946//946 947//947
f 948//948 949//949 950//950
f 951//951 952//952 953//953
f 954//954 955//955 956//956
f 957//957 958//958 959//959
f 960//960 961//961 962//962
f 963//963 964//964 965//965
f 966//966 967//967 968//968
f 969//969 970//970 971//971
f 972//972 973//973 974//974
f 975//975 976//976 977//977
f 978//978 979//979 980//980
f 981//981 982//982 983//983
f 984//984 985//985 986//986
f 987//987 988//988 989//989
f 990//990 991//991 992//992
f 993//993 994//994 995//995
f 996//996 997//997 998//998
f 999//999 1000//1000 1001//1001
f 1002//1002 1003//1003 1004//1004
f 1005//1005 1006//1006 1007//1007
f 1008//1008 1009//1009 1010//1010
f 1011//1011 1012//1012 1013//1013
f 1014//1014 1015//1015 1016//1016
f 1017//1017 1018//1018 1019//1019
f 1020//1020 1021//1021 1022//1022
f 1023//1023 1024//1024 1025//1025
f 1026//1026 1027//1027 1028//1028
f 1029//1029 1030//1030 1031//1031
f 1032//1032 1033//1033 1034//1034
f 1035//1035 1036//1036 1037//1037
f 1038//1038 1039//1039 1040//1040
f 1041//1041 1042//1042 1043//1043
f 1044//1044 1045//1045 1046//1046
f 1047//1047 1048//1048 1049//1049
f 1050//1050 1051//1051 1052//1052
f 1053//1053 1054//1054 1055//1055
f 1056//1056 1057//1057 1058//1058
f 1059//1059 1060//1060 1061//1061
f 1062//1062 1063//1063 1064//1064
f 1065//1065 1066//1066 1067//1067
f 1068//1068 1069//1069 1070//1070
f 1071//1071 1072//1072 1073//1073
f 1074//1074 1075//1075 1076//1076
f 1077//1077 1078//1078 1079//1079
f 1080//1080 1081//1081 1082//1082
f 1083//1083 1084//1084 1085//1085
f 1086//1086 1087//1087 1088//1088
f 1089//1089 1090//1090 1091//1091
f 1092//1092 1093//1093 1094//1094
f 1095//1095 1096//1096 1097//1097
f 1098//1098 1099//1099 1100//1100
f 1101//1101 1102//1102 1103//1103
f 1104//1104 1105//1105 1106//1106
f 1107//1107 1108//1108 1109//1109
f 1110//1110 1111//1111 1112//1112
f 1113//1113 1114//1114 1115//1115
f 1116//1116 1117//1117 1118//1118
f 1119//1119 1120//1120 1121//1121
f 1122//1122 1123//1123 1124//1124
f 1125//1125 1126//1126 1127//1127
f 1128//1128 1129//1129 1130//1130
f 1131//1131 1132//1132 1133//1133
f 1134//1134 1135//1135 1136//1136
f 1137//1137 1138//1138 1139//1139
f 1140//1140 1141//1141 1142//1142
f 1143//1143 1144//1144 1145//1145
f 1146//1146 1147//1147 1148//1148
f 1149//1149 1150//1150 1151//1151
f 1152//1152 1153//1153 1154//1154
f 1155//1155 1156//1156 1157//1157
f 1158//1158 1159//1159 1160//1160
f 1161//1161 1162//1162 1163//1163
f 1164//1164 1165//1165 1166//1166
f 1164//1164 1166//1166 1167//1167
f 1168//1168 1169//1169 1170//1170
f 1171//1171 1172//1172 1173//1173
f 1174//1174 1175//1175 1176//1176
f 1177//1177 1178//1178 1179//1179
f 1180//1180 1181//1181 1182//1182
f 1183//1183 1184//1184 1185//1185
f 1186//1186 1187//1187 1188//1188
f 1189//1189 1190//1190 1191//1191
f 1192//1192 1193//1193 1194//1194
f 1195//1195 1196//1196 1197//1197
f 1198//1198 1199//1199 1200//1200
f 1201//1201 1202//1202 1203//1203
f 1204//1204 1205//1205 1206//1206
f 1207//1207 1208//1208 1209//1209
f 1210//1210 1211//1211 1212//1212
f 1213//1213 1214//1214 1215//1215
f 1216//1216 1217//1217 1218//1218
f 1219//1219 1220//1220 1221//1221
f 1222//1222 1223//1223 1224//1224
f 1225//1225 1226//1226 1227//1227
f 1228//1228 1229//1229 1230//1230
f 1231//1231 1232//1232 1233//1233
f 1234//1234 1235//1235 1236//1236
f 1237//1237 1238//1238 1239//1239
f 1240//1240 1241//1241 1242//1242
f 1243//1243 1244//1244 1245//1245
f 1246//1246 1247//1247 1248//1248
f 1249//1249 1250//1250 1251//1251
f 1252//1252 1253//1253 1254//1254
f 1255//1255 1256//1256 1257//1257
f 1258//1258 1259//1259 1260//1260
f 1261//1261 1262//1262 1263//1263
f 1264//1264 1265//1265 1266//1266
f 1267//1267 1268//1268 1269//1269
f 1270//1270 1271//1271 1272//1272
f 1273//1273 1274//1274 1275//1275
f 1276//1276 1277//1277 1278//1278
f 1279//1279 1280//1280 1281//1281
f 1282//1282 1283//1283 1284//1284
f 1285//1285 1286//1286 1287//1287
f 1288//1288 1289//1289 1290//1290
f 1291//1291 1292//1292 1293//1293
f 1294//1294 1295//1295 1296//1296
f 1297//1297 1298//1298 1299//1299
f 1300//1300 1301//1301 1302//1302
f 1303//1303 1304//1304 1305//1305
f 1306//1306 1307//1307 1308//1308
f 1309//1309 1310//1310 1311//1311
f 1312//1312 1313//1313 1314//1314
f 1315//1315 1316//1316 1317//1317
f 1318//1318 1319//1319 1320//1320
f 1321//1321 1322//1322 1323//1323
f 1324//1324 1325//1325 1326//1326
f 1327//1327 1328//1328 1329//1329
f 1330//1330 1331//1331 1332//1332
f 1333//1333 1334//1334 1335//1335
f 1336//1336 1337//1337 1338//1338
f 1339//1339 1340//1340 1341//1341
f 1342//1342 1343//1343 1344//1344
f 1345//1345 1346//1346 1347//1347
f 1348//1348 1349//1349 1350//1350
f 1351//1351 1352//1352 1353//1353
f 1354//1354 1355//1355 1356//1356
f 1357//1357 1358//1358 1359//1359
f 1360//1360 1361//1361 1362//1362
f 1363//1363 1364//1364 1365//1365
f 1366//1366 1367//1367 1368//1368
f 1369//1369 1370//1370 1371//1371
f 1372//1372 1373//1373 1374//1374
f 1375//1375 1376//1376 1377//1377
f 1378//1378 1379//1379 1380//1380
f 1381//1381 1382//1382 1383//1383
f 1384//1384 1385//1385 1386//1386
f 1387//1387 1388//1388 1389//1389
f 1390//1390 1391//1391 1392//1392
f 1393//1393 1394//1394 1395//1395
f 1396//1396 1397//1397 1398//1398
f 1399//1399 1400//1400 1401//1401
f 1402//1402 1403//1403 1404//1404
f 1405//1405 1406//1406 1407//1407
f 1408//1408 1409//1409 1410//1410
f 1411//1411 1412//1412 1413//1413
f 1414//1414 1415//1415 1416//1416
f 1417//1417 1418//1418 1419//1419
f 1420//1420 1421//1421 1422//1422
f 1423//1423 1424//1424 1425//1425
f 1426//1426 1427//1427 1428//1428
f 1429//1429 1430//1430 1431//1431
f 1432//1432 1433//1433 1434//1434
f 1435//1435 1436//1436 1437//1437
f 1438//1438 1439//1439 1440//1440
f 1441//1441 1442//1442 1443//1443
f 1444//1444 1445//1445 1446//1446
f 1447//1447 1448//1448 1449//1449
f 1450//1450 1451//1451 1452//1452
f 1453//1453 1454//1454 1455//1455
f 1456//1456 1457//1457 1458//1458
f 1459//1459 1460//1460 1461//1461
f 1462//1462 1463//1463 1464//1464
f 1465//1465 1466//1466 1467//1467
f 1468//1468 1469//1469 1470//1470
f 1471//1471 1472//1472 1473//1473
f 1474//1474 1475//1475 1476//1476
f 1477//1477 1478//1478 1479//1479
f 1480//1480 1481//1481 1482//1482
f 1483//1483 1484//1484 1485//1485
f 1486//1486 1487//1487 1488//1488
f 1489//1489 1490//1490 1491//1491
f 1492//1492 1493//1493 1494//1494
f 1495//1495 1496//1496 1497//1497
f 1498//1498 1499//1499 1500//1500
f 1501//1501 1502//1502 1503//1503
f 1504//1504 1505//1505 1506//1506
f 1507//1507 1508//1508 1509//1509
f 1510//1510 1511//1511 1512//1512
f 1513//1513 1514//1514 1515//1515
f 1516//1516 1517//1517 1518//1518
f 1519//1519 1520//1520 1521//1521
f 1522//1522 1523//1523 1524//1524
f 1525//1525 1526//1526 1527//1527
f 1528//1528 1529//1529 1530//1530
f 1531//1531 1532//1532 1533//1533
f 1534//1534 1535//1535 1536//1536
f 1537//1537 1538//1538 1539//1539
f 1540//1540 1541//1541 1542//1542
f 1543//1543 1544//1544 1545//1545
f 1546//1546 1547//1547 1548//1548
f 1549//1549 1550//1550 1551//1551
f 1552//1552 1553//1553 1554//1554
f 1555//1555 1556//1556 1557//1557
f 1558//1558 1559//1559 1560//1560
f 1561//1561 1562//1562 1563//1563
f 1564//1564 1565//1565 1566//1566
f 1567//1567 1568//1568 1569//1569
f 1570//1570 1571//1571 1572//1572
f 1573//1573 1574//1574 1575//1575
f 1576//1576 1577//1577 1578//1578
f 1579//1579 1580//1580 1581//1581
f 1582//1582 1583//1583 1584//1584
f 1585//1585 1586//1586 1587//1587
f 1588//1588 1589//1589 1590//1590
f 1591//1591 1592//1592 1593//1593
f 1594//1594 1595//1595 1596//1596
f 1597//1597 1598//1598 1599//1599
f 1600//1600 1601//1601 1602//1602
f 1603//1603 1604//1604 1605//1605
f 1606//1606 1607//1607 1608//1608
f 1609//1609 1610//1610 1611//1611
f 1612//1612 1613//1613 1614//1614
f 1615//1615 1616//1616 1617//1617
f 1618//1618 1619//1619 1620//1620
f 1621//1621 1622//1622 1623//1623
f 1624//1624 1625//1625 1626//1626
f 1627//1627 1628//1628 1629//1629
f 1630//1630 1631//1631 1632//1632
f 1633//1633 1634//1634 1635//1635
f 1636//1636 1637//1637 1638//1638
f 1639//1639 1640//1640 1641//1641
f 1642//1642 1643//1643 1644//1644
f 1645//1645 1646//1646 1647//1647
f 1648//1648 1649//1649 1650//1650
f 1651//1651 1652//1652 1653//1653
f 1654//1654 1655//1655 1656//1656
f 1657//1657 1658//1658 1659//1659
f 1660//1660 1661//1661 1662//1662
f 1663//1663 1664//1664 1665//1665
f 1666//1666 1667//1667 1668//1668
f 1669//1669 1670//1670 1671//1671
f 1672//1672 1673//1673 1674//1674
f 1675//1675 1676//1676 1677//1677
f 1678//1678 1679//1679 1680//1680
f 1681//1681 1682//1682 1683//1683
f 1684//1684 1685//1685 1686//1686
f 1687//1687 1688//1688 1689//1689
f 1690//1690 1691//1691 1692//1692
f 1693//1693 1694//1694 1695//1695
f 1696//1696 1697//1697 1698//1698
f 1699//1699 1700//1700 1701//1701
f 1702//1702 1703//1703 1704//1704
f 1705//1705 1706//1706 1707//1707
f 1708//1708 1709//1709 1710//1710
f 1711//1711 1712//1712 1713//1713
f 1714//1714 1715//1715 1716//1716
f 1717//1717 1718//1718 1719//1719
f 1720//1720 1721//1721 1722//1722
f 1723//1723 1724//1724 1725//1725
f 1726//1726 1727//1727 1728//1728
f 1729//1729 1730//1730 1731//1731
f 1732//1732 1733//1733 1734//1734
f 1735//1735 1736//1736 1737//1737
f 1738//1738 1739//1739 1740//1740
f 1741//1741 1742//1742 1743//1743
f 1744//1744 1745//1745 1746//1746
f 1747//1747 1748//1748 1749//1749
f 1750//1750 1751//1751 1752//1752
f 1753//1753 1754//1754 1755//1755
f 1756//1756 1757//1757 1758//1758
f 1759//1759 1760//1760 1761//1761
f 1762//1762 1763//1763 1764//1764
f 1765//1765 1766//1766 1767//1767
f 1768//1768 1769//1769 1770//1770
f 1771//1771 1772//1772 1773//1773
f 1774//1774 1775//1775 1776//1776
f 1777//1777 1778//1778 1779//1779
f 1780//1780 1781//1781 1782//1782
f 1783//1783 1784//1784 1785//1785
f 1786//1786 1787//1787 1788//1788
f 1789//1789 1790//1790 1791//1791
f 1792//1792 1793//1793 1794//1794
f 1795//1795 1796//1796 1797//1797
f 1798//1798 1799//1799 1800//1800
f 1801//1801 1802//1802 1803//1803
f 1804//1804 1805//1805 1806//1806
f 1807//1807 1808//1808 1809//1809
f 1810//1810 1811//1811 1812//1812
f 1813//1813 1814//1814 1815//1815
f 1816//1816 1817//1817 1818//1818
f 1819//1819 1820//1820 1821//1821
f 1822//1822 1823//1823 1824//1824
f 1825//1825 1826//1826 1827//1827
f 1828//1828 1829//1829 1830//1830
f 1831//1831 1832//1832 1833//1833
f 1834//1834 1835//1835 1836//1836
f 1837//1837 1838//1838 1839//1839
f 1840//1840 1841//1841 1842//1842
f 1843//1843 1844//1844 1845//1845
f 1846//1846 1847//1847 1848//1848
f 1849//1849 1850//1850 1851//1851
f 1852//1852 1853//1853 1854//1854
f 1855//1855 1856//1856 1857//1857
f 1858//1858 1859//1859 1860//1860
f 1861//1861 1862//1862 1863//1863
f 1864//1864 1865//1865 1866//1866
f 1867//1867 1868//1868 1869//1869
f 1870//1870 1871//1871 1872//1872
f 1873//1873 1874//1874 1875//1875
f 1876//1876 1877//1877 1878//1878
f 1879//1879 1880//1880 1881//1881
f 1882//1882 1883//1883 1884//1884
f 1885//1885 1886//1886 1887//1887
f 1888//1888 1889//1889 1890//1890
f 1891//1891 1892//1892 1893//1893
f 1894//1894 1895//1895 1896//1896
f 1897//1897 1898//1898 1899//1899
f 1900//1900 1901//1901 1902//1902
f 1903//1903 1904//1904 1905//1905
f 1906//1906 1907//1907 1908//1908
f 1909//1909 1910//1910 1911//1911
f 1912//1912 1913//1913 1914//1914
f 1915//1915 1916//1916 1917//1917
f 1918//1918 1919//1919 1920//1920
f 1921//1921 1922//1922 1923//1923
f 1924//1924 1925//1925 1926//1926
f 1927//1927 1928//1928 1929//1929
f 1930//1930 1931//1931 1932//1932
f 1933//1933 1934//1934 1935//1935
f 1936//1936 1937//1937 1938//1938
f 1939//1939 1940//1940 1941//1941
f 1942//1942 1943//1943 1944//1944
f 1945//1945 1946//1946 1947//1947
f 1948//1948 1949//1949 1950//1950
f 1951//1951 1952//1952 1953//1953
f 1954//1954 1955//1955 1956//1956
f 1957//1957 1958//1958 1959//1959
f 1960//1960 1961//1961 1962//1962
f 1963//1963 1964//1964 1965//1965
f 1966//1966 1967//1967 1968//1968
f 1969//1969 1970//1970 1971//1971
f 1972//1972 1973//1973 1974//1974
f 1975//1975 1976//1976 1977//1977
f 1978//1978 1979//1979 1980//1980
f 1981//1981 1982//1982 1983//1983
f 1984//1984 1985//1985 1986//1986
f 1987//1987 1988//1988 1989//1989
f 1990//1990 1991//1991 1992//1992
f 1993//1993 1994//1994 1995//1995
f 1996//1996 1997//1997 1998//1998
f 1999//1999 2000//2000 2001//2001
f 2002//2002 2003//2003 2004//2004
f 2005//2005 2006//2006 2007//2007
f 2008//2008 2009//2009 2010//2010
f 2011//2011 2012//2012 2013//2013
f 2014//2014 2015//2015 2016//2016
f 2017//2017 2018//2018 2019//2019
f 2020//2020 2021//2021 2022//2022
f 2023//2023 2024//2024 2025//2025
f 2026//2026 2027//2027 2028//2028
f 2029//2029 2030//2030 2031//2031
f 2032//2032 2033//2033 2034//2034
f 2035//2035 2036//2036 2037//2037
f 2038//2038 2039//2039 2040//2040
f 2041//2041 2042//2042 2043//2043
f 2044//2044 2045//2045 2046//2046
f 2047//2047 2048//2048 2049//2049
f 2050//2050 2051//2051 2052//2052
f 2053//2053 2054//2054 2055//2055
f 2056//2056 2057//2057 2058//2058
f 2059//2059 2060//2060 2061//2061
f 2062//2062 2063//2063 2064//2064
f 2065//2065 2066//2066 2067//2067
f 2068//2068 2069//2069 2070//2070
f 2071//2071 2072//2072 2073//2073
f 2074//2074 2075//2075 2076//2076
f 2077//2077 2078//2078 2079//2079
f 2080//2080 2081//2081 2082//2082
f 2083//2083 2084//2084 2085//2085
f 2086//2086 2087//2087 2088//2088
f 2089//2089 2090//2090 2091//2091
f 2092//2092 2093//2093 2094//2094
f 2095//2095 2096//2096 2097//2097
f 2098//2098 2099//2099 2100//2100
f 2101//2101 2102//2102 2103//2103
f 2104//2104 2105//2105 2106//2106
f 2107//2107 2108//2108 2109//2109
f 2110//2110 2111//2111 2112//2112
f 2113//2113 2114//2114 2115//2115
f 2116//2116 2117//2117 2118//2118
f 2119//2119 2120//2120 2121//2121
f 2122//2122 2123//2123 2124//2124
f 2125//2125 2126//2126 2127//2127
f 2128//2128 2129//2129 2130//2130
f 2131//2131 2132//2132 2133//2133
f 2134//2134 2135//2135 2136//2136
f 2137//2137 2138//2138 2139//2139
f 2140//2140 2141//2141 2142//2142
f 2143//2143 2144//2144 2145//2145
f 2146//2146 2147//2147 2148//2148
f 2149//2149 2150//2150 2151//2151
f 2152//2152 2153//2153 2154//2154
f 2155//2155 2156//2156 2157//2157
f 2158//2158 2159//2159 2160//2160
f 2161//2161 2162//2162 2163//2163
f 2164//2164 2165//2165 2166//2166
f 2167//2167 2168//2168 2169//2169
f 2170//2170 2171//2171 2172//2172
f 2173//2173 2174//2174 2175//2175
f 2176//2176 2177//2177 2178//2178
f 2179//2179 2180//2180 2181//2181
f 2182//2182 2183//2183 2184//2184
f 2185//2185 2186//2186 2187//2187
f 2188//2188 2189//2189 2190//2190
f 2191//2191 2192//2192 2193//2193
f 2194//2194 2195//2195 2196//2196
f 2197//2197 2198//2198 2199//2199
f 2200//2200 2201//2201 2202//2202
f 2203//2203 2204//2204 2205//2205
f 2206//2206 2207//2207 2208//2208
f 2209//2209 2210//2210 2211//2211
f 2212//2212 2213//2213 2214//2214
f 2215//2215 2216//2216 2217//2217
f 2218//2218 2219//2219 2220//2220
f 2221//2221 2222//2222 2223//2223
f 2224//2224 2225//2225 2226//2226
f 2227//2227 2228//2228 2229//2229
f 2230//2230 2231//2231 2232//2232
f 2233//2233 2234//2234 2235//2235
f 2236//2236 2237//2237 2238//2238
f 2239//2239 2240//2240 2241//2241
f 2242//2242 2243//2243 2244//2244
f 2245//2245 2246//2246 2247//2247
f 2248//2248 2249//2249 2250//2250
f 2251//2251 2252//2252 2253//2253
f 2254//2254 2255//2255 2256//2256
f 2257//2257 2258//2258 2259//2259
f 2260//2260 2261//2261 2262//2262
f 2263//2263 2264//2264 2265//2265
f 2266//2266 2267//2267 2268//2268
f 2269//2269 2270//2270 2271//2271
f 2272//2272 2273//2273 2274//2274
f 2275//2275 2276//2276 2277//2277
f 2278//2278 2279//2279 2280//2280
f 2281//2281 2282//2282 2283//2283
f 2284//2284 2285//2285 2286//2286
f 2287//2287 2288//2288 2289//2289
f 2290//2290 2291//2291 2292//2292
f 2293//2293 2294//2294 2295//2295
f 2296//2296 2297//2297 2298//2298
f 2299//2299 2300//2300 2301//2301
f 2302//2302 2303//2303 2304//2304
f 2305//2305 2306//2306 2307//2307
f 2308//2308 2309//2309 2310//2310
f 2311//2311 2312//2312 2313//2313
f 2314//2314 2315//2315 2316//2316
f 2317//2317 2318//2318 2319//2319
f 2320//2320 2321//2321 2322//2322
f 2323//2323 2324//2324 2325//2325
f 2326//2326 2327//2327 2328//2328
f 2329//2329 2330//2330 2331//2331
f 2332//2332 2333//2333 2334//2334
f 2335//2335 2336//2336 2337//2337
f 2338//2338 2339//2339 2340//2340
f 2341//2341 2342//2342 2343//2343
f 2344//2344 2345//2345 2346//2346
f 2347//2347 2348//2348 2349//2349
f 2350//2350 2351//2351 2352//2352
f 2353//2353 2354//2354 2355//2355
f 2356//2356 2357//2357 2358//2358
f 2359//2359 2360//2360 2361//2361
f 2362//2362 2363//2363 2364//2364
f 2365//2365 2366//2366 2367//2367
f 2368//2368 2369//2369 2370//2370
f 2371//2371 2372//2372 2373//2373
f 2374//2374 2375//2375 2376//2376
f 2377//2377 2378//2378 2379//2379
f 2380//2380 2381//2381 2382//2382
f 2383//2383 2384//2384 2385//2385
f 2386//2386 2387//2387 2388//2388
f 2389//2389 2390//2390 2391//2391
f 2392//2392 2393//2393 2394//2394
f 2395//2395 2396//2396 2397//2397
f 2398//2398 2399//2399 2400//2400
f 2401//2401 2402//2402 2403//2403
f 2404//2404 2405//2405 2406//2406
f 2407//2407 2408//2408 2409//2409
f 2410//2410 2411//2411 2412//2412
f 2413//2413 2414//2414 2415//2415
f 2416//2416 2417//2417 2418//2418
f 2419//2419 2420//2420 2421//2421
f 2422//2422 2423//2423 2424//2424
f 2425//2425 2426//2426 2427//2427
f 2428//2428 2429//2429 2430//2430
f 2431//2431 2432//2432 2433//2433
f 2434//2434 2435//2435 2436//2436
f 2437//2437 2438//2438 2439//2439
f 2440//2440 2441//2441 2442//2442
f 2443//2443 2444//2444 2445//2445
f 2446//2446 2447//2447 2448//2448
f 2449//2449 2450//2450 2451//2451
f 2452//2452 2453//2453 2454//2454
f 2455//2455 2456//2456 2457//2457
f 2458//2458 2459//2459 2460//2460
f 2461//2461 2462//2462 2463//2463
f 2464//2464 2465//2465 2466//2466
f 2467//2467 2468//2468 2469//2469
f 2470//2470 2471//2471 2472//2472
f 2473//2473 2474//2474 2475//2475
f 2476//2476 2477//2477 2478//2478
f 2479//2479 2480//2480 2481//2481
f 2482//2482 2483//2483 2484//2484
f 2485//2485 2486//2486 2487//2487
f 2488//2488 2489//2489 2490//2490
f 2491//2491 2492//2492 2493//2493
f 2494//2494 2495//2495 2496//2496
f 2497//2497 2498//2498 2499//2499
f 2500//2500 2501//2501 2502//2502
f 2503//2503 2504//2504 2505//2505
f 2506//2506 2507//2507 2508//2508
f 2509//2509 2510//2510 2511//2511
f 2512//2512 2513//2513 2514//2514
f 2515//2515 2516//2516 2517//2517
f 2518//2518 2519//2519 2520//2520
f 2521//2521 2522//2522 2523//2523
f 2524//2524 2525//2525 2526//2526
f 2527//2527 2528//2528 2529//2529
f 2530//2530 2531//2531 2532//2532
f 2533//2533 2534//2534 2535//2535
f 2536//2536 2537//2537 2538//2538
f 2539//2539 2540//2540 2541//2541
f 2542//2542 2543//2543 2544//2544
f 2545//2545 2546//2546 2547//2547
f 2548//2548 2549//2549 2550//2550
f 2551//2551 2552//2552 2553//2553
f 2554//2554 2555//2555 2556//2556
f 2557//2557 2558//2558 2559//2559
f 2560//2560 2561//2561 2562//2562
f 2563//2563 2564//2564 2565//2565
f 2566//2566 2567//2567 2568//2568
f 2569//2569 2570//2570 2571//2571
f 2572//2572 2573//2573 2574//2574
f 2575//2575 2576//2576 2577//2577
f 2578//2578 2579//2579 2580//2580
f 2581//2581 2582//2582 2583//2583
f 2584//2584 2585//2585 2586//2586
f 2587//2587 2588//2588 2589//2589
f 2590//2590 2591//2591 2592//2592
f 2593//2593 2594//2594 2595//2595
f 2596//2596 2597//2597 2598//2598
f 2599//2599 2600//2600 2601//2601
f 2602//2602 2603//2603 2604//2604
f 2605//2605 2606//2606 2607//2607
f 2608//2608 2609//2609 2610//2610
f 2611//2611 2612//2612 2613//2613
f 2614//2614 2615//2615 2616//2616
f 2617//2617 2618//2618 2619//2619
f 2620//2620 2621//2621 2622//2622
f 2623//2623 2624//2624 2625//2625
f 2626//2626 2627//2627 2628//2628
f 2629//2629 2630//2630 2631//2631
f 2632//2632 2633//2633 2634//2634
f 2635//2635 2636//2636 2637//2637
f 2638//2638 2639//2639 2640//2640
f 2641//2641 2642//2642 2643//2643
f 2644//2644 2645//2645 2646//2646
f 2647//2647 2648//2648 2649//2649
f 2650//2650 2651//2651 2652//2652
f 2653//2653 2654//2654 2655//2655
f 2656//2656 2657//2657 2658//2658
f 2659//2659 2660//2660 2661//2661
f 2662//2662 2663//2663 2664//2664
f 2665//2665 2666//2666 2667//2667
f 2668//2668 2669//2669 2670//2670
f 2671//2671 2672//2672 2673//2673
f 2674//2674 2675//2675 2676//2676
f 2677//2677 2678//2678 2679//2679
f 2680//2680 2681//2681 2682//2682
f 2683//2683 2684//2684 2685//2685
f 2686//2686 2687//2687 2688//2688
f 2689//2689 2690//2690 2691//2691
f 2692//2692 2693//2693 2694//2694
f 2695//2695 2696//2696 2697//2697
f 2698//2698 2699//2699 2700//2700
f 2701//2701 2702//2702 2703//2703
f 2704//2704 2705//2705 2706//2706
f 2707//2707 2708//2708 2709//2709
f 2710//2710 2711//2711 2712//2712
f 2713//2713 2714//2714 2715//2715
f 2716//2716 2717//2717 2718//2718
f 2719//2719 2720//2720 2721//2721
f 2722//2722 2723//2723 2724//2724
f 2725//2725 2726//2726 2727//2727
f 2728//2728 2729//2729 2730//2730
f 2731//2731 2732//2732 2733//2733
f 2734//2734 2735//2735 2736//2736
f 2737//2737 2738//2738 2739//2739
f 2740//2740 2741//2741 2742//2742
f 2743//2743 2744//2744 2745//2745
f 2746//2746 2747//2747 2748//2748
f 2749//2749 2750//2750 2751//2751
f 2752//2752 2753//2753 2754//2754
f 2755//2755 2756//2756 2757//2757
f 2758//2758 2759//2759 2760//2760
f 2761//2761 2762//2762 2763//2763
f 2764//2764 2765//2765 2766//2766
f 2767//2767 2768//2768 2769//2769
f 2770//2770 2771//2771 2772//2772
f 2773//2773 2774//2774 2775//2775
f 2776//2776 2777//2777 2778//2778
f 2779//2779 2780//2780 2781//2781
f 2782//2782 2783//2783 2784//2784
f 2785//2785 2786//2786 2787//2787
f 2788//2788 2789//2789 2790//2790
f 2791//2791 2792//2792 2793//2793
f 2794//2794 2795//2795 2796//2796
f 2797//2797 2798//2798 2799//2799
f 2800//2800 2801//2801 2802//2802
f 2803//2803 2804//2804 2805//2805
f 2806//2806 2807//2807 2808//2808
f 2809//2809 2810//2810 2811//2811
f 2812//2812 2813//2813 2814//2814
f 2815//2815 2816//2816 2817//2817
f 2818//2818 2819//2819 2820//2820
f 2821//2821 2822//2822 2823//2823
f 2824//2824 2825//2825 2826//2826
f 2827//2827 2828//2828 2829//2829
f 2830//2830 2831//2831 2832//2832
f 2833//2833 2834//2834 2835//2835
f 2836//2836 2837//2837 2838//2838
f 2839//2839 2840//2840 2841//2841
f 2842//2842 2843//2843 2844//2844
f 2845//2845 2846//2846 2847//2847
f 2848//2848 2849//2849 2850//2850
f 2851//2851 2852//2852 2853//2853
f 2854//2854 2855//2855 2856//2856
f 2857//2857 2858//2858 2859//2859
f 2860//2860 2861//2861 2862//2862
f 2863//2863 2864//2864 2865//2865
f 2866//2866 2867//2867 2868//2868
f 2869//2869 2870//2870 2871//2871
f 2872//2872 2873//2873 2874//2874
f 2875//2875 2876//2876 2877//2877
f 2878//2878 2879//2879 2880//2880
f 2881//2881 2882//2882 2883//2883
f 2884//2884 2885//2885 2886//2886
f 2887//2887 2888//2888 2889//2889
f 2890//2890 2891//2891 2892//2892
f 2893//2893 2894//2894 2895//2895
f 2896//2896 2897//2897 2898//2898
f 2899//2899 2900//2900 2901//2901
f 2902//2902 2903//2903 2904//2904
f 2905//2905 2906//2906 2907//2907
f 2908//2908 2909//2909 2910//2910
f 2911//2911 2912//2912 2913//2913
f 2914//2914 2915//2915 2916//2916
f 2917//2917 2918//2918 2919//2919
f 2920//2920 2921//2921 2922//2922
f 2923//2923 2924//2924 2925//2925
f 2926//2926 2927//2927 2928//2928
f 2929//2929 2930//2930 2931//2931
f 2932//2932 2933//2933 2934//2934
f 2935//2935 2936//2936 2937//2937
f 2938//2938 2939//2939 2940//2940
f 2941//2941 2942//2942 2943//2943
f 2944//2944 2945//2945 2946//2946
f 2947//2947 2948//2948 2949//2949
f 2950//2950 2951//2951 2952//2952
f 2953//2953 2954//2954 2955//2955
f 2956//2956 2957//2957 2958//2958
f 2959//2959 2960//2960 2961//2961
f 2962//2962 2963//2963 2964//2964
f 2965//2965 2966//2966 2967//2967
f 2968//2968 2969//2969 2970//2970
f 2971//2971 2972//2972 2973//2973
f 2974//2974 2975//2975 2976//2976
f 2977//2977 2978//2978 2979//2979
f 2980//2980 2981//2981 2982//2982
f 2983//2983 2984//2984 2985//2985
f 2986//2986 2987//2987 2988//2988
f 2989//2989 2990//2990 2991//2991
f 2992//2992 2993//2993 2994//2994
f 2995//2995 2996//2996 2997//2997
f 2998//2998 2999//2999 3000//3000
f 3001//3001 3002//3002 3003//3003
f 3004//3004 3005//3005 3006//3006
f 3007//3007 3008//3008 3009//3009
f 3010//3010 3011//3011 3012//3012
f 3013//3013 3014//3014 3015//3015
f 3016//3016 3017//3017 3018//3018
f 3019//3019 3020//3020 3021//3021
f 3022//3022 3023//3023 3024//3024
f 3025//3025 3026//3026 3027//3027
f 3028//3028 3029//3029 3030//3030
f 3031//3031 3032//3032 3033//3033
f 3034//3034 3035//3035 3036//3036
f 3037//3037 3038//3038 3039//3039
f 3040//3040 3041//3041 3042//3042
f 3043//3043 3044//3044 3045//3045
f 3046//3046 3047//3047 3048//3048
f 3049//3049 3050//3050 3051//3051
f 3052//3052 3053//3053 3054//3054
f 3055//3055 3056//3056 3057//3057
f 3058//3058 3059//3059 3060//3060
f 3061//3061 3062//3062 3063//3063
f 3064//3064 3065//3065 3066//3066
f 3067//3067 3068//3068 3069//3069
f 3070//3070 3071//3071 3072//3072
f 3073//3073 3074//3074 3075//3075
f 3076//3076 3077//3077 3078//3078
f 3079//3079 3080//3080 3081//3081
f 3082//3082 3083//3083 3084//3084
f 3085//3085 3086//3086 3087//3087
f 3088//3088 3089//3089 3090//3090
f 3091//3091 3092//3092 3093//3093
f 3094//3094 3095//3095 3096//3096
f 3097//3097 3098//3098 3099//3099
f 3100//3100 3101//3101 3102//3102
f 3103//3103 3104//3104 3105//3105
f 3106//3106 3107//3107 3108//3108
f 3109//3109 3110//3110 3111//3111
f 3112//3112 3113//3113 3114//3114
f 3115//3115 3116//3116 3117//3117
f 3118//3118 3119//3119 3120//3120
f 3121//3121 3122//3122 3123//3123
f 3124//3124 3125//3125 3126//3126
f 3127//3127 3128//3128 3129//3129
f 3130//3130 3131//3131 3132//3132
f 3133//3133 3134//3134 3135//3135
f 3136//3136 3137//3137 3138//3138
f 3139//3139 3140//3140 3141//3141
f 3142//3142 3143//3143 3144//3144
f 3145//3145 3146//3146 3147//3147
f 3148//3148 3149//3149 3150//3150
f 3151//3151 3152//3152 3153//3153
f 3154//3154 3155//3155 3156//3156
f 3157//3157 3158//3158 3159//3159
f 3160//3160 3161//3161 3162//3162
f 3163//3163 3164//3164 3165//3165
f 3166//3166 3167//3167 3168//3168
f 3169//3169 3170//3170 3171//3171
f 3172//3172 3173//3173 3174//3174
f 3175//3175 3176//3176 3177//3177
f 3178//3178 3179//3179 3180//3180
f 3181//3181 3182//3182 3183//3183
f 3184//3184 3185//3185 3186//3186
f 3187//3187 3188//3188 3189//3189
f 3190//3190 3191//3191 3192//3192
f 3193//3193 3194//3194 3195//3195
f 3196//3196 3197//3197 3198//3198
f 3199//3199 3200//3200 3201//3201
f 3202//3202 3203//3203 3204//3204
f 3205//3205 3206//3206 3207//3207
f 3208//3208 3209//3209 3210//3210
f 3211//3211 3212//3212 3213//3213
f 3214//3214 3215//3215 3216//3216
f 3217//3217 3218//3218 3219//3219
f 3220//3220 3221//3221 3222//3222
f 3223//3223 3224//3224 3225//3225
f 3226//3226 3227//3227 3228//3228
f 3229//3229 3230//3230 3231//3231
f 3232//3232 3233//3233 3234//3234
f 3235//3235 3236//3236 3237//3237
f 3238//3238 3239//3239 3240//3240
f 3241//3241 3242//3242 3243//3243
f 3244//3244 3245//3245 3246//3246
f 3247//3247 3248//3248 3249//3249
f 3250//3250 3251//3251 3252//3252
f 3253//3253 3254//3254 3255//3255
f 3256//3256 3257//3257 3258//3258
f 3259//3259 3260//3260 3261//3261
f 3262//3262 3263//3263 3264//3264
f 3265//3265 3266//3266 3267//3267
f 3268//3268 3269//3269 3270//3270
f 3271//3271 3272//3272 3273//3273
f 3274//3274 3275//3275 3276//3276
f 3277//3277 3278//3278 3279//3279
f 3280//3280 3281//3281 3282//3282
f 3283//3283 3284//3284 3285//3285
f 3286//3286 3287//3287 3288//3288
f 3289//3289 3290//3290 3291//3291
f 3292//3292 3293//3293 3294//3294
f 3295//3295 3296//3296 3297//3297
f 3298//3298 3299//3299 3300//3300
f 3301//3301 3302//3302 3303//3303
f 3304//3304 3305//3305 3306//3306
f 3307//3307 3308//3308 3309//3309
f 3310//3310 3311//3311 3312//3312
f 3313//3313 3314//3314 3315//3315
f 3316//3316 3317//3317 3318//3318
f 3319//3319 3320//3320 3321//3321
f 3322//3322 3323//3323 3324//3324
f 3325//3325 3326//3326 3327//3327
f 3328//3328 3329//3329 3330//3330
f 3331//3331 3332//3332 3333//3333
f 3334//3334 3335//3335 3336//3336
f 3337//3337 3338//3338 3339//3339
f 3340//3340 3341//3341 3342//3342
f 3343//3343 3344//3344 3345//3345
f 3346//3346 3347//3347 3348//3348
f 3349//3349 3350//3350 3351//3351
f 3352//3352 3353//3353 3354//3354
f 3355//3355 3356//3356 3357//3357
f 3358//3358 3359//3359 3360//3360
f 3361//3361 3362//3362 3363//3363
f 3364//3364 3365//3365 3366//3366
f 3367//3367 3368//3368 3369//3369
f 3370//3370 3371//3371 3372//3372
f 3373//3373 3374//3374 3375//3375
f 3376//3376 3377//3377 3378//3378
f 3379//3379 3380//3380 3381//3381
f 3382//3382 3383//3383 3384//3384
f 3385//3385 3386//3386 3387//3387
f 3388//3388 3389//3389 3390//3390
f 3391//3391 3392//3392 3393//3393
f 3394//3394 3395//3395 3396//3396
f 3397//3397 3398//3398 3399//3399
f 3400//3400 3401//3401 3402//3402
f 3403//3403 3404//3404 3405//3405
f 3406//3406 3407//3407 3408//3408
f 3409//3409 3410//3410 3411//3411
f 3412//3412 3413//3413 3414//3414
f 3415//3415 3416//3416 3417//3417
f 3418//3418 3419//3419 3420//3420
f 3421//3421 3422//3422 3423//3423
f 3424//3424 3425//3425 3426//3426
f 3427//3427 3428//3428 3429//3429
f 3430//3430 3431//3431 3432//3432
f 3433//3433 3434//3434 3435//3435
f 3436//3436 3437//3437 3438//3438
f 3439//3439 3440//3440 3441//3441
f 3442//3442 3443//3443 3444//3444
f 3445//3445 3446//3446 3447//3447
f 3448//3448 3449//3449 3450//3450
f 3451//3451 3452//3452 3453//3453
f 3454//3454 3455//3455 3456//3456
f 3457//3457 3458//3458 3459//3459
f 3460//3460 3461//3461 3462//3462
f 3463//3463 3464//3464 3465//3465
f 3466//3466 3467//3467 3468//3468
f 3469//3469 3470//3470 3471//3471
f 3472//3472 3473//3473 3474//3474
f 3475//3475 3476//3476 3477//3477
f 3478//3478 3479//3479 3480//3480
f 3481//3481 3482//3482 3483//3483
f 3484//3484 3485//3485 3486//3486
f 3487//3487 3488//3488 3489//3489
f 3490//3490 3491//3491 3492//3492
f 3493//3493 3494//3494 3495//3495
f 3496//3496 3497//3497 3498//3498
f 3499//3499 3500//3500 3501//3501
f 3502//3502 3503//3503 3504//3504
f 3505//3505 3506//3506 3507//3507
f 3508//3508 3509//3509 3510//3510
f 3511//3511 3512//3512 3513//3513
f 3514//3514 3515//3515 3516//3516
f 3517//3517 3518//3518 3519//3519
f 3520//3520 3521//3521 3522//3522
f 3523//3523 3524//3524 3525//3525
f 3526//3526 3527//3527 3528//3528
f 3529//3529 3530//3530 3531//3531
f 3532//3532 3533//3533 3534//3534
f 3535//3535 3536//3536 3537//3537
f 3538//3538 3539//3539 3540//3540
f 3541//3541 3542//3542 3543//3543
f 3544//3544 3545//3545 3546//3546
f 3534//3534 3547//3547 3532//3532
f 3548//3548 3549//3549 3550//3550
f 3551//3551 3552//3552 3553//3553
f 3554//3554 3555//3555 3556//3556
f 3557//3557 3558//3558 3559//3559
f 3560//3560 3561//3561 3562//3562
f 3563//3563 3564//3564 3565//3565
f 3566//3566 3567//3567 3568//3568
f 3569//3569 3570//3570 3571//3571
f 3572//3572 3573//3573 3574//3574
f 3575//3575 3576//3576 3577//3577
f 3575//3575 3577//3577 3578//3578
f 3579//3579 3580//3580 3581//3581
f 3582//3582 3583//3583 3584//3584
f 3585//3585 3586//3586 3587//3587
f 3588//3588 3589//3589 3590//3590
f 3591//3591 3592//3592 3593//3593
f 3594//3594 3595//3595 3596//3596
f 3597//3597 3598//3598 3599//3599
f 3600//3600 3601//3601 3602//3602
f 3603//3603 3604//3604 3605//3605
f 3606//3606 3607//3607 3608//3608
f 3609//3609 3610//3610 3611//3611
f 3612//3612 3613//3613 3614//3614
f 3615//3615 3616//3616 3617//3617
f 3618//3618 3619//3619 3620//3620
f 3621//3621 3622//3622 3623//3623
f 3624//3624 3625//3625 3626//3626
f 3627//3627 3628//3628 3629//3629
f 3630//3630 3631//3631 3632//3632
f 3633//3633 3634//3634 3635//3635
f 3636//3636 3637//3637 3638//3638
f 3639//3639 3640//3640 3641//3641
f 3642//3642 3643//3643 3644//3644
f 3645//3645 3646//3646 3647//3647
f 3648//3648 3649//3649 3650//3650
f 3651//3651 3652//3652 3653//3653
f 3654//3654 3655//3655 3656//3656
f 3657//3657 3658//3658 3659//3659
f 3660//3660 3661//3661 3662//3662
f 3663//3663 3664//3664 3665//3665
f 3666//3666 3667//3667 3668//3668
f 3669//3669 3670//3670 3671//3671
f 3672//3672 3673//3673 3674//3674
f 3675//3675 3676//3676 3677//3677
f 3678//3678 3679//3679 3680//3680
f 3681//3681 3682//3682 3683//3683
f 3684//3684 3685//3685 3686//3686
f 3687//3687 3688//3688 3689//3689
f 3690//3690 3691//3691 3692//3692
f 3693//3693 3694//3694 3695//3695
f 3696//3696 3697//3697 3698//3698
f 3699//3699 3700//3700 3701//3701
f 3702//3702 3703//3703 3704//3704
f 3705//3705 3706//3706 3707//3707
f 3708//3708 3709//3709 3710//3710
f 3711//3711 3712//3712 3713//3713
f 3714//3714 3715//3715 3716//3716
f 3717//3717 3718//3718 3719//3719
f 3720//3720 3721//3721 3722//3722
f 3723//3723 3724//3724 3725//3725
f 3726//3726 3727//3727 3728//3728
f 3729//3729 3730//3730 3731//3731
f 3732//3732 3733//3733 3734//3734
f 3735//3735 3736//3736 3737//3737
f 3738//3738 3739//3739 3740//3740
f 3741//3741 3742//3742 3743//3743
f 3743//3743 3742//3742 3744//3744
f 3745//3745 3746//3746 3747//3747
f 3748//3748 3749//3749 3750//3750
f 3751//3751 3752//3752 3753//3753
f 3754//3754 3755//3755 3756//3756
f 3757//3757 3758//3758 3759//3759
f 3760//3760 3761//3761 3762//3762
f 3763//3763 3764//3764 3765//3765
f 3766//3766 3767//3767 3768//3768
f 3769//3769 3770//3770 3771//3771
f 3772//3772 3773//3773 3774//3774
f 3775//3775 3776//3776 3777//3777
f 3778//3778 3779//3779 3780//3780
f 3781//3781 3782//3782 3783//3783
f 3784//3784 3785//3785 3786//3786
f 3787//3787 3788//3788 3789//3789
f 3790//3790 3791//3791 3792//3792
f 3793//3793 3794//3794 3795//3795
f 3796//3796 3797//3797 3798//3798
f 3799//3799 3800//3800 3801//3801
f 3802//3802 3803//3803 3804//3804
f 3805//3805 3806//3806 3807//3807
f 3808//3808 3809//3809 3810//3810
f 3811//3811 3812//3812 3813//3813
f 3814//3814 3815//3815 3816//3816
f 3817//3817 3818//3818 3819//3819
f 3820//3820 3821//3821 3822//3822
f 3823//3823 3824//3824 3825//3825
f 3826//3826 3827//3827 3828//3828
f 3829//3829 3830//3830 3831//3831
f 3832//3832 3833//3833 3834//3834
f 3835//3835 3836//3836 3837//3837
f 3838//3838 3839//3839 3840//3840
f 3841//3841 3842//3842 3843//3843
f 3844//3844 3845//3845 3846//3846
f 3847//3847 3848//3848 3849//3849
f 3850//3850 3851//3851 3852//3852
f 3853//3853 3854//3854 3855//3855
f 3856//3856 3857//3857 3858//3858
f 3859//3859 3860//3860 3861//3861
f 3862//3862 3863//3863 3864//3864
# 1292 faces, 0 coords texture

# End of File
