# Blender v2.92.0 OBJ File: ''
# www.blender.org
mtllib obj_000011.mtl
o obj_000003
v -2.775130 -52.560368 -3.354616
v -1.263075 -51.062031 -4.232352
v 0.020514 -52.557602 -4.380001
v 0.357183 -52.560070 -2.235647
v -1.069466 -52.553818 -2.172937
v -15.422492 -45.060394 -6.518016
v -9.557488 -45.060398 -13.783224
v -16.400042 -45.060402 -3.109235
v -15.754285 -41.565434 -5.753475
v -11.576999 -45.060394 -12.139577
v -13.206729 -45.060398 -10.294061
v -11.194135 -41.539875 -12.485497
v -13.685272 -41.564781 -9.677068
v -14.175239 -45.060390 -8.889564
v -8.105146 -45.060390 -14.687390
v -8.104309 -41.560646 -14.688056
v -12.440254 -40.060371 -8.115826
v -6.740749 -40.059917 -13.271196
v -6.681433 -40.060219 -6.995333
v -14.550627 -40.060375 -2.344992
v -16.570040 -41.543510 -1.500519
v -9.105277 -40.060501 -3.502809
v -5.198089 -45.060410 -15.949737
v -3.287935 -45.060406 -16.440443
v -4.665823 -41.513767 -16.107372
v -1.370808 -41.573215 -16.715046
v -1.656614 -45.058945 -16.677778
v 1.736385 -45.060398 -16.645555
v 0.025606 -45.060390 -16.748508
v -3.443318 -45.060387 -2.980447
v -1.510763 -50.776493 -3.592121
v -3.211989 -50.927692 -1.942488
v -2.844431 -46.082165 -2.629252
v -2.655076 -46.059025 -3.780080
v -4.026964 -46.061054 -1.931874
v 0.206937 -46.057106 -4.561456
v 0.051136 -46.066578 -3.862517
v -1.471759 -40.060402 -14.686223
v -3.543323 -40.060005 -9.065485
v -6.984004 -39.860516 -6.274378
v -4.768935 -39.860840 -8.171859
v -0.619941 -39.859268 -9.323405
v 3.092238 -39.860508 -8.885969
v -2.977582 -39.852543 -1.214496
v -9.020566 -39.861694 -2.518130
v -1.908224 -39.848461 -2.725314
v 0.045989 -39.860607 -3.262477
v -2.840235 -34.711411 -1.578559
v -2.188197 -34.828537 -2.420094
v -3.607246 -51.066170 -2.357515
v -4.161621 -52.560421 0.072922
v -3.555384 -50.736420 0.821411
v -4.078704 -51.083336 0.616464
v -1.990492 -52.560257 0.695975
v -3.246186 -52.560368 2.349431
v -2.173708 -51.074856 -0.888416
v -1.045920 -50.742546 -2.161422
v -0.619422 -49.785347 -2.262878
v -0.418514 -44.298103 -2.250596
v -1.984600 -50.531082 0.729279
v -0.883800 -49.277428 1.721967
v -0.873322 -50.830147 1.706686
v -2.634141 -51.070984 2.901742
v -0.764371 -52.558544 1.717897
v 0.050721 -52.560253 3.955310
v -16.579510 -45.060402 0.865037
v -16.255192 -45.060333 3.358524
v -16.404051 -41.525421 2.437303
v -14.978839 -45.060398 6.976261
v -15.358382 -41.551235 6.085684
v -14.311981 -40.060394 2.857798
v -13.376301 -41.567059 9.616523
v -13.130923 -45.060444 9.877748
v -11.050760 -41.559792 12.136656
v -10.669561 -45.060467 12.444873
v -8.309500 -45.060371 14.109587
v -0.214830 -45.060459 4.049990
v -9.357933 -40.060207 1.689187
v -2.896052 -39.860310 0.919829
v -3.132448 -39.860413 -0.227087
v -8.669716 -40.058979 3.639897
v -9.022583 -39.863213 2.171769
v -8.210505 -39.863434 4.195955
v -12.764616 -40.060539 6.923489
v -7.329071 -40.060013 5.770544
v -9.225222 -40.060295 11.101036
v -4.327348 -45.060749 -1.038467
v -4.392289 -46.060211 -0.395238
v -3.049450 -46.061657 1.845210
v -3.450157 -46.059879 2.678615
v -2.161249 -48.706600 -0.895630
v -2.013808 -48.074131 0.681272
v -1.861836 -47.011833 -1.405726
v -1.597422 -46.062393 2.926111
v -0.656324 -46.060284 3.963034
v -3.290391 -45.060844 2.931759
v -0.956402 -44.695690 -2.242855
v -2.149175 -43.866913 -1.084896
v -2.128434 -44.990013 -0.964039
v -1.647969 -42.607769 -1.745915
v -0.097702 -42.609409 1.849786
v -1.594598 -42.609837 1.139193
v 1.790762 -42.610394 0.570964
v -5.020934 -39.860470 7.609434
v -3.115353 -35.313591 -0.423804
v -3.090815 -35.108715 0.291659
v -2.095262 -39.857761 2.056204
v -0.538318 -39.859814 2.739520
v 1.023893 -39.858952 2.596831
v -2.502951 -35.297470 1.623411
v -3.896611 -40.060421 13.852978
v -3.797004 -40.060413 8.255919
v -2.342965 -39.862164 8.702052
v 3.579728 -39.860363 8.351778
v -6.786565 -41.508648 14.890673
v -4.564604 -45.060455 15.653077
v -0.125762 -45.060425 16.268421
v 1.537774 -41.569942 16.192741
v -2.047077 -41.554478 16.167023
v 2.186369 -40.059841 14.102224
v -3.098951 -9.895897 -0.569635
v -3.094061 -9.871046 0.230344
v -1.970593 -9.856742 2.109637
v -1.450977 -34.802231 2.438023
v -1.240949 -9.837339 2.539593
v -2.707080 -10.086581 -1.811324
v -2.636428 -9.557956 -1.577276
v -1.879243 -9.870359 -2.679828
v -1.083195 -9.850090 -3.106561
v -0.189993 -9.769970 -3.148674
v 0.104930 -9.865970 -3.253484
v -2.758755 -2.785845 -8.250058
v -1.202669 -2.189511 -8.249663
v -1.792204 -3.687113 -8.249685
v -0.937993 -3.276464 -8.323420
v -0.328599 -4.097648 -8.319607
v -0.581969 -4.195999 -3.032904
v -2.181848 -3.442528 -2.124808
v -3.262930 -1.716291 -8.247997
v -3.340878 -0.445589 -8.250019
v -2.845545 0.965085 -8.249516
v -1.614299 0.905345 -8.259648
v -3.089818 -2.189554 -0.654908
v -3.306935 -1.467921 -0.524142
v -3.367010 -0.880103 -0.235645
v -3.238292 0.150906 -0.253420
v -2.745486 1.140193 -0.250063
v -1.536665 2.084415 -8.250433
v -0.610230 1.907799 -8.261018
v 0.158920 2.430121 -8.249578
v -1.339305 2.173159 -0.385219
v -14.825444 -4.327822 -0.250001
v -12.825065 -6.643503 1.749922
v -14.965424 -4.029392 1.749964
v -10.286764 -7.359951 1.749997
v -6.777639 -4.293693 1.750600
v -15.068519 3.970165 -0.249990
v -11.247944 -7.320550 -0.250010
v -2.747380 -9.889415 1.233755
v -5.117360 -7.360360 -0.249997
v -5.117360 -1.030631 42.510201
v -5.117360 -4.195496 21.130102
v -5.117360 -0.945494 21.418953
v -6.766818 -4.344006 22.250288
v -6.755998 -4.394319 42.749977
v -6.916282 -2.888498 22.250362
v -2.797651 -9.726614 0.436445
v -1.160842 -9.673318 2.437122
v -2.059466 -15.414586 27.479074
v -1.994911 -13.682434 28.203423
v -2.879882 -13.915659 28.968149
v 0.379791 -16.010719 26.883059
v 0.335768 -15.297475 27.535412
v -2.140572 -9.959764 22.089878
v -0.560644 -10.487452 21.492100
v -2.825830 -13.345534 27.053133
v -2.826167 -11.396594 25.316624
v -2.873662 -11.448129 27.124212
v 0.271105 -11.800858 29.249805
v -0.843102 -12.848159 30.041828
v 0.399398 -10.852865 28.196495
v -1.834090 -3.489019 17.643333
v -1.589573 -3.906736 16.676327
v -1.774737 -1.899498 16.410288
v -1.815327 -6.538069 20.571539
v -1.900612 -3.970229 19.467463
v -1.057972 -5.188688 17.747149
v -6.117349 -7.360351 22.286659
v -6.117356 -7.360362 42.750000
v -6.447497 -5.827027 22.250299
v -0.610503 -3.306714 22.079815
v -0.817927 -12.113127 30.780544
v 0.222720 -5.650571 24.438845
v -0.880942 -8.468776 25.630053
v -1.369324 -0.922424 17.560059
v -0.746930 -4.323695 21.629488
v -1.991046 -7.535835 25.397436
v -1.403971 -1.792225 20.146364
v -0.143490 -3.019732 21.795622
v -15.117152 2.679351 1.750000
v -6.117364 7.639598 1.750072
v -14.704134 4.787619 1.750039
v -5.563635 1.178334 -0.249996
v -13.875761 5.968342 -0.249997
v -7.076566 -1.382677 1.750747
v -6.756130 4.672929 1.751443
v -12.968057 6.795353 1.748833
v -11.187656 7.614975 -0.249660
v -10.860776 7.632868 1.749984
v -5.117360 2.131683 -0.249997
v -5.103838 -0.820985 -0.248540
v -7.077127 -1.377197 42.749992
v -7.076158 0.151960 22.252808
v -7.076847 -1.379937 22.250370
v -4.999570 1.139889 -0.037193
v -7.075187 1.681116 1.755624
v -7.075994 1.663605 22.252804
v -2.969522 -2.256586 -0.306960
v -2.831814 -0.859784 0.185048
v -2.513736 -9.631898 1.162814
v -2.882796 -2.569929 -0.116931
v -2.251494 -1.614434 1.522867
v -1.433840 -2.306080 2.193341
v -0.894626 -2.566227 6.707730
v 0.206982 2.458061 -0.432293
v -1.690162 2.404968 13.817266
v -0.616104 2.882116 13.634192
v -0.107946 2.939226 -0.018584
v -5.117360 -0.860357 16.541536
v -2.845809 -0.860166 14.913292
v -2.737422 1.139850 14.558699
v -2.164808 -1.730422 13.859894
v -0.951079 -2.541002 13.657736
v -2.110230 2.076027 -0.224682
v -2.412570 1.676786 14.117723
v -5.117362 7.639640 -0.249997
v -5.117360 7.639638 42.750000
v -5.117360 4.885660 21.250002
v -5.117361 7.639639 21.250002
v -5.617362 7.639618 22.250036
v -5.117360 1.759660 21.250002
v -2.042256 -0.860752 18.789474
v -2.866958 1.139744 16.239832
v -2.714782 -4.053905 17.419428
v -2.171099 -6.007148 18.173689
v -2.848729 -0.861082 16.837065
v 3.768780 -0.860353 42.749828
v 0.863262 -0.860552 30.769651
v 1.369165 -0.860381 31.343822
v -4.993985 1.139768 21.356403
v -4.988400 1.139648 42.750000
v -4.221158 1.140177 31.902798
v -2.865504 14.075772 29.098066
v -2.771529 14.841427 28.332424
v -1.665257 1.146667 19.441723
v -3.453915 1.140705 21.055597
v -3.082030 1.139649 21.567499
v -2.329132 1.147561 21.587488
v -1.840350 1.965759 20.917801
v -1.023820 1.381007 19.709929
v -1.815669 2.899281 20.634033
v -1.605295 1.218631 19.690310
v 1.140427 2.623528 20.762043
v -0.152580 2.446598 21.010460
v -0.588246 1.139739 19.798779
v -0.674290 -0.860354 29.645683
v -2.788323 1.139694 31.274389
v -1.096320 1.139649 22.339701
v 0.023021 1.198765 22.013203
v -0.279819 1.990856 21.029970
v -1.141130 1.139649 21.896400
v -6.117360 7.639615 22.249826
v -6.436533 6.156901 22.250023
v -1.014311 7.939918 20.231169
v -0.884636 5.829969 18.023788
v 0.528360 7.518228 19.591871
v -2.023230 15.706110 27.466715
v -0.901242 13.562869 24.375528
v -1.832729 3.220251 17.349598
v -1.748978 6.729467 20.347698
v -1.750075 10.316621 23.937267
v -0.897172 10.225478 22.443617
v -1.660582 12.274886 25.584106
v -1.680744 8.708747 22.055899
v -1.896455 9.585898 24.665215
v -1.928152 8.444766 23.367470
v -1.658302 14.934249 28.223639
v -1.943740 10.605319 25.445629
v -0.302389 6.240133 24.788519
v -0.941034 12.377965 30.795263
v -1.423116 7.784433 25.897516
v -1.948239 13.406694 28.321951
v -1.438441 11.613132 27.940886
v -1.935113 12.081680 26.935341
v -2.182076 -12.602141 30.290987
v -1.438316 -13.187072 29.704294
v 0.777556 -12.120280 30.773916
v 0.403948 -12.772694 30.103403
v -6.117342 -7.360339 1.823320
v -5.617352 -7.360351 22.286659
v -5.117360 -7.360362 42.750000
v -5.117360 -7.360361 21.250002
v -5.116052 -0.860291 42.749851
v -5.117360 -0.860358 42.270302
v -6.915444 3.177660 22.252798
v -6.755702 4.674204 42.749973
v -6.755916 4.673566 22.250708
v -7.076802 1.646095 42.749985
v -5.117360 1.387637 42.750000
v 4.741800 1.139648 42.750000
v -2.413077 13.185352 29.988581
v -6.117356 7.639632 42.749580
v -1.970667 13.828810 29.341358
v 0.553893 16.212442 26.961744
v -0.936350 15.405762 27.686003
v -0.398211 12.973418 30.186085
v 3.328975 -52.560459 -2.528857
v 1.688466 -52.560482 -1.243258
v 1.172210 -51.053371 -3.537121
v 1.326424 -51.060440 -4.005619
v 2.747972 -50.954823 -2.342472
v 3.189035 -51.068336 -2.598927
v 2.200166 -41.551640 -16.594559
v 5.016478 -45.060501 -15.931549
v 6.527196 -41.521091 -15.387613
v 7.697320 -45.060299 -14.788034
v 10.347590 -45.060398 -13.039681
v 3.235137 -46.103878 -1.395385
v 2.765781 -46.050026 -3.375627
v 3.898553 -46.054810 -1.784410
v -1.039340 -45.060558 -4.482631
v 3.878458 -45.061203 -2.038006
v 15.159010 -45.060398 5.991138
v 3.185392 -40.060238 -14.451542
v 2.749034 -40.060253 -9.144033
v 6.350481 -39.860428 -6.655533
v 1.397225 -39.857658 -2.875310
v -0.578816 -34.858723 -3.233225
v 0.646646 -38.097626 -3.151930
v 9.728399 -41.549839 -13.494802
v 13.240602 -41.524788 -10.043788
v 14.226577 -45.059856 -8.658468
v 16.071287 -45.060371 2.950727
v 15.237216 -41.555847 -6.359470
v 15.755360 -45.060421 -4.834353
v 10.163357 -40.058628 -10.636879
v 6.488877 -40.058445 -6.897672
v 13.153712 -40.060379 -6.163438
v 8.742994 -40.060005 -3.535777
v 16.153042 -41.562386 -3.165968
v 14.464408 -40.060341 -0.194321
v 1.644442 -34.881039 -2.678180
v 2.216202 -9.936139 -2.166282
v 2.188038 -34.889648 -2.190467
v 16.266684 -45.060440 -2.201502
v 0.607871 -52.557671 1.665364
v 0.598347 -50.158924 1.725975
v 0.556946 -50.979267 1.736819
v 1.833943 -52.560394 0.152788
v 3.118697 -52.560394 2.199895
v 1.670789 -50.940536 0.840465
v 1.993320 -49.517784 -0.722564
v 3.853439 -52.560432 0.390134
v 3.912638 -51.061478 0.186414
v 2.195967 -51.121971 2.996043
v 2.905607 -51.088898 2.335913
v 3.363607 -51.061871 -0.654696
v 2.856557 -50.614361 1.676039
v 3.380167 -50.895676 0.002080
v 3.342187 -46.219536 0.340496
v 2.543083 -46.065742 2.223913
v -0.183302 -50.879765 3.327300
v 1.409462 -50.708729 2.901314
v -0.117905 -46.061535 3.312488
v 2.723516 -46.061691 3.121629
v 0.857452 -44.958435 -2.219237
v -0.085041 -42.612068 -2.242795
v 1.961926 -45.275101 -0.891366
v 1.631587 -45.200489 0.912245
v 2.002225 -43.891174 -0.159572
v 4.038962 -46.053371 0.622847
v 8.605935 -45.060398 13.755338
v 3.870158 -45.061249 1.384357
v 5.320638 -45.060413 15.394258
v 2.555369 -39.853851 -1.718817
v 2.628452 -34.881569 -1.457633
v 2.876497 -38.697876 -0.516516
v 2.677725 -39.856956 0.971908
v 2.814404 -34.904175 0.368703
v 2.103798 -36.781948 1.799056
v 7.832136 -39.860989 4.398053
v 5.267682 -40.051971 7.540078
v 6.187090 -40.060398 12.805353
v 10.920428 -40.060402 9.154025
v 8.117671 -40.060310 4.251228
v 8.775473 -40.060703 11.203287
v 7.548625 -40.060345 12.057703
v 8.604515 -41.560387 13.756354
v 5.619850 -41.581478 15.300268
v 11.509812 -45.060410 11.440584
v 10.000724 -45.060406 12.783614
v 11.286052 -41.560375 11.675160
v 9.999347 -41.560322 12.784653
v 14.859793 -41.557903 6.710005
v 13.966716 -45.060398 8.369349
v 12.951366 -41.541748 9.825062
v 9.153309 -40.056679 1.903588
v 8.487201 -39.860115 -3.748541
v 13.274868 -40.060234 5.729328
v 8.684595 -39.861343 1.959102
v 15.949688 -41.578041 3.695625
v 0.324803 -31.455822 2.733289
v 1.068082 -34.839878 2.507307
v 0.748727 -20.247822 2.612514
v -0.283797 -28.017422 2.740214
v 0.344376 -29.583532 2.732109
v 0.333223 -26.606249 2.735480
v 0.345146 -24.543621 2.736545
v 0.289218 -16.400063 2.741449
v 16.333157 -45.060467 1.058668
v 16.375265 -41.551971 -0.179262
v 1.193617 -34.798771 -2.948568
v 1.513833 -9.832378 -2.776563
v 1.430457 -3.804220 -2.602447
v 2.393515 -2.946906 -1.440348
v 2.657897 -9.674541 -0.697222
v 2.043671 -9.550548 -2.006361
v 0.985809 -3.964221 -8.249557
v 0.820550 -3.031992 -8.252118
v 2.477831 -2.900299 -8.250003
v 2.641647 -2.615593 -0.397321
v 1.311605 -0.158278 -8.250017
v 3.160976 -0.974550 -8.250012
v 3.015189 -1.752709 -0.253679
v 1.473676 0.997570 -8.253130
v 2.559988 1.016746 -8.249694
v 3.189240 -0.853634 -0.249634
v 2.601795 1.129500 -0.249354
v 1.902563 1.721246 -8.250029
v 1.688654 1.853025 -0.309908
v 1.264993 -9.795804 2.418013
v 2.129286 -9.822031 1.743093
v 2.506979 -9.666715 0.705278
v 1.327067 -9.602549 2.176477
v 2.714370 -9.859117 0.748498
v 2.894254 -9.872508 -0.277928
v -0.220239 -9.860847 2.740571
v 0.349292 -12.642915 2.744010
v 1.695671 -1.961007 1.932316
v -0.026131 -2.647000 2.580035
v 4.882640 -7.360361 21.250000
v 4.882640 -7.360362 42.749996
v 4.882636 -4.559487 21.250002
v 5.382645 -7.360334 22.250298
v 4.882640 -7.360360 -0.249997
v 10.939837 -7.350231 -0.250000
v 5.882649 -7.360307 1.750599
v 11.405704 -7.326204 1.749983
v 4.882640 -4.110359 21.836903
v 4.882632 -1.758613 -0.249992
v 6.522282 -4.386366 1.750416
v 14.845565 -4.052323 1.749997
v 14.882053 -2.777551 -0.249978
v 14.261229 -4.874664 -0.250676
v 0.867024 -11.854085 23.068344
v 2.032281 -10.664799 23.041080
v 2.449753 -14.813260 28.068245
v 1.636529 -13.624003 29.264400
v 1.573072 -11.434586 25.438723
v 1.520611 -9.834073 23.709982
v 0.686169 -11.466859 23.799238
v 1.547655 -13.334189 27.328804
v 1.636273 -9.540650 24.419380
v -1.096256 -13.745926 26.305141
v 0.644966 -12.109738 24.561905
v 2.695320 -10.540542 25.035107
v 2.465302 -9.507666 25.895966
v 2.651926 -13.561452 29.299791
v 1.823590 -1.874838 13.968698
v 2.439455 -5.996391 19.197535
v -0.472535 -5.215558 16.181536
v 0.732547 -2.498615 13.655026
v 0.488882 -4.588824 16.923422
v 1.186268 -4.125360 16.460386
v -0.214321 -3.034828 15.455932
v 2.831931 -2.940001 17.216154
v -0.978103 -6.473826 18.991905
v 0.568858 -7.775108 20.131025
v 0.594509 -6.758413 19.171259
v 1.357654 -3.866638 20.166414
v 1.717240 -2.931858 18.258570
v 1.561862 -4.867948 18.783730
v 1.151929 -6.911625 20.071531
v 0.750862 -8.651518 21.140200
v -0.365350 -9.330689 21.722254
v 0.704654 -10.614676 23.026020
v 0.488331 -7.392855 24.657511
v 1.090094 -13.095693 29.798622
v 1.123693 -5.456761 22.120588
v 1.605876 -9.258234 24.922018
v 1.366188 -10.145714 26.344017
v 1.505917 -7.865390 25.956724
v 0.134022 -4.022502 21.490345
v 0.468937 -0.864109 19.570318
v 5.882645 -7.360333 22.250061
v 4.741798 1.139649 -0.250194
v 2.488434 -0.862263 13.978813
v 1.771359 2.180835 -0.211883
v 1.227463 2.580839 7.880548
v 1.966735 1.942564 13.912456
v 2.513273 1.140152 2.710916
v 2.515823 1.139536 10.594316
v 4.882640 1.387664 -0.249997
v 14.793569 4.059750 -0.249993
v 6.842208 1.662152 1.749134
v 6.842288 -1.376568 1.750006
v 6.521194 4.673800 42.749962
v 6.681701 3.167976 22.249548
v 6.522953 4.663257 22.250177
v 0.366757 2.900785 13.604594
v 4.882640 7.639639 21.250002
v 4.882640 7.639638 42.750000
v 5.382850 7.639402 22.480335
v 4.882640 4.513651 21.250002
v 4.882640 7.639640 -0.249997
v 6.934188 7.648560 1.750203
v 10.839963 7.601076 -0.249080
v 5.883059 7.639166 2.210670
v 6.524712 4.652712 1.750394
v 6.050251 6.861205 1.750369
v 6.285722 5.767503 22.250166
v 6.202127 6.156484 22.480316
v 5.882848 7.639402 22.480335
v 14.854199 3.706398 1.749968
v 11.860415 7.242444 1.750015
v 13.562054 6.075591 1.750013
v 13.119603 6.606908 -0.249978
v 2.162383 -0.860172 18.095217
v 4.882640 -0.860356 0.923808
v 1.708879 -0.860357 19.378702
v 2.630305 1.140034 15.386454
v 2.409799 1.257115 14.309635
v 1.904687 15.606712 27.565104
v 1.850909 1.139761 20.081717
v 1.099489 1.150438 19.290577
v 1.996932 1.226595 21.083595
v 1.627262 2.789528 20.462721
v 1.437940 1.474909 20.465599
v 2.418546 1.140799 17.469086
v 1.375886 1.158668 19.413015
v 2.633255 14.074601 29.099344
v 2.170960 3.466051 20.436523
v 2.229993 13.258372 29.915581
v 1.911312 3.604616 20.837776
v 2.228945 1.235119 20.825630
v 2.431937 15.020523 28.153503
v 3.686052 1.139842 29.068226
v 4.741799 1.139648 21.249903
v 3.580173 1.140224 30.109543
v 4.882629 -0.860342 21.836569
v 4.882619 -0.860327 42.749329
v 3.295749 -0.860342 31.064014
v 3.296355 1.139705 31.415859
v 6.842389 1.656489 42.749958
v 6.842339 0.139960 22.249983
v 6.842299 1.659320 22.249546
v 1.812681 -0.860354 31.345016
v -0.021724 -0.860410 19.743017
v -0.143419 -0.860357 19.940207
v 2.738830 -0.860354 31.064266
v 0.807011 7.504924 25.822033
v 0.803908 9.174710 20.055477
v 0.527877 8.598451 20.696295
v 1.392476 3.948897 17.227190
v 1.485673 7.626783 21.047146
v 1.050224 9.255381 22.001434
v -0.845817 12.488281 24.705870
v 0.539373 11.494015 23.601803
v 0.779354 12.437458 30.735743
v 1.501203 12.467131 30.240541
v 6.201866 -5.877758 22.250292
v 6.521682 -4.390788 22.250200
v 6.682039 -2.884510 22.250202
v 5.882641 -7.360358 42.749523
v 6.521082 -4.395210 42.749985
v 6.841797 -1.382654 42.749989
v -1.568745 1.139705 31.415859
v 4.882640 1.387648 42.750000
v 5.882637 7.639638 42.750000
v 0.526774 13.164104 25.278505
v 0.410519 14.615707 26.686363
v 1.730199 10.932673 25.720356
v 1.703118 12.209262 27.054144
v 1.411543 13.802541 27.076738
v 1.538422 14.918390 28.237406
v 1.226963 13.437140 29.721607
v -3.546922 -46.082569 -1.093646
v -3.721363 -46.060326 -1.641059
v -1.108502 -39.206036 -3.116812
v -1.496079 -34.780281 -2.918001
v -1.120709 -48.788177 -2.084116
v -0.184797 -51.134579 3.791794
v -1.246363 -45.349693 1.409635
v -0.933896 -47.886185 1.654224
v -0.750214 -47.647324 -2.234660
v -2.092498 -42.618694 0.016236
v -0.942080 -45.942326 -2.232015
v -1.997681 -44.651871 0.729623
v -0.810778 -44.524376 1.728520
v -0.908536 -34.735344 2.643878
v -0.144568 -33.997944 2.767359
v 2.496260 -40.060284 9.013145
v -2.878410 -5.504472 -0.589493
v -1.049872 -12.306508 24.908558
v -2.925525 -9.077328 24.180855
v -0.689702 -10.315534 27.653996
v -1.804461 -8.806471 22.774652
v -1.039275 -8.144340 20.696856
v -0.437601 -0.610088 17.947666
v -2.658246 -3.511036 20.265766
v -2.945728 -6.808992 21.791052
v 0.492022 -5.450215 17.799343
v -1.068735 -10.466623 23.062683
v -1.888026 -8.348893 23.876154
v -0.594180 -5.867158 23.294708
v -5.117360 -0.860356 0.327704
v -5.058465 1.263763 21.356403
v -5.023765 -2.724241 0.011310
v -4.736112 -2.982975 0.503537
v -5.117360 -0.945494 29.525867
v -2.698694 -2.497667 18.820639
v -1.030450 -0.860411 19.937815
v -0.733573 -0.861785 19.608891
v -1.897043 1.864767 16.943977
v -1.748878 2.429375 16.427324
v -1.396279 4.321456 16.617062
v -0.256195 3.297415 15.445382
v -2.187829 3.616170 20.812750
v -2.054140 1.639819 20.313101
v -1.497133 4.335965 20.574717
v -0.136049 2.511226 19.749611
v -1.263203 1.072318 17.648855
v -0.495955 2.650155 21.135380
v -1.693238 5.370470 18.748903
v -0.998409 6.635138 23.501860
v -0.745671 4.201620 21.199600
v -5.117360 -0.860357 29.405918
v -0.765363 2.065039 21.685600
v -0.121051 3.456948 21.963009
v -0.341716 1.139649 19.886900
v 0.742670 1.249643 22.113678
v -0.291492 5.539225 22.723095
v -0.607195 8.787314 25.841238
v 0.627756 7.197325 24.216045
v -1.439130 8.665010 24.968958
v 2.165673 -46.054401 -2.928845
v 2.015533 -45.060379 -4.037534
v -0.069828 -40.059044 -9.623234
v 0.845313 -51.212116 -2.159346
v 1.153343 -48.399399 -1.852315
v 2.006522 -51.507626 -0.736760
v 1.972095 -50.517323 -0.769648
v 0.845901 -49.342365 -2.190067
v 0.852852 -47.946781 -2.160506
v 1.672573 -48.625938 0.834628
v 1.985195 -47.667576 -0.750123
v 1.716797 -46.779240 0.786787
v 0.852972 -46.671253 -2.177880
v 2.278313 -45.060596 3.328578
v 1.593141 -42.608791 -1.556480
v 0.568915 -43.923325 1.731627
v 2.623721 -10.180696 -1.469146
v 0.772474 -12.561951 25.061630
v 0.845910 -13.376735 25.923872
v 0.793129 -14.234537 26.675655
v 1.646496 -12.727588 28.307674
v 1.655107 -11.855556 27.398823
v 1.663984 -11.049895 26.598404
v 1.653673 -10.255543 25.727177
v 0.372537 -12.110979 29.491983
v 1.553068 -3.514712 17.486830
v 1.533657 -1.905398 16.422630
v 0.684094 -7.407957 19.844273
v 1.592866 -7.785234 21.863819
v 1.663188 -5.915139 21.409155
v 2.657846 -4.560686 19.956268
v 2.703299 -7.174288 22.223406
v 2.084705 -1.369458 18.599148
v 1.253062 -1.538228 19.847231
v 1.635854 -7.955829 23.532579
v 2.674627 -0.859455 -0.084390
v 1.067933 -2.357923 6.448028
v 4.536994 -0.862125 -0.217588
v 2.657482 -0.861399 15.331470
v 2.607650 -0.860922 16.687597
v 1.582058 2.342574 16.369120
v 1.714762 2.972730 17.891956
v 1.597412 3.222091 17.347683
v 1.205334 4.349552 16.602236
v 0.577792 4.718321 16.812380
v 0.482920 1.050006 18.069294
v 0.982347 5.082685 21.637909
v 1.356309 1.363473 17.407507
v 1.668000 5.356603 20.497717
v 1.704046 4.444348 19.361576
v 0.418112 3.684967 20.806021
v 1.727610 1.149669 19.112900
v 4.812220 1.263656 21.250002
v 6.842043 -1.379611 22.249998
v 0.761529 5.759640 18.109388
v 1.702104 6.377183 21.370327
v 1.480093 5.742199 19.183949
v 0.924722 8.241621 20.800085
v 1.460092 10.123719 23.488838
v 1.712265 8.842458 23.572803
v 0.445943 9.536377 26.609392
v 1.301022 8.874892 25.017427
v 0.389557 11.822682 28.932896
v -0.690334 10.498010 27.515795
v -2.111448 -51.032555 2.656094
v -0.792823 -46.490959 1.729544
v -2.070262 -46.170185 0.537976
v -1.798670 -10.852365 24.854481
v -1.894292 -4.963720 20.448048
v -1.931553 -2.492129 17.938154
v -0.322035 -8.042671 25.488865
v -1.885581 -7.279371 22.824974
v -1.889896 -6.023008 21.586010
v -0.192936 -1.953611 19.589464
v -1.923907 5.536747 20.372446
v -1.936345 4.343462 19.294924
v -1.945197 6.260878 21.208227
v -1.917861 7.107804 22.041588
v 0.886147 -50.322968 -2.145929
v 0.562094 -48.335979 1.725103
v 0.339235 -24.077204 2.728682
v 0.338031 -23.293503 2.734173
v 0.350466 -22.026598 2.735768
v 0.295415 -20.761086 2.735185
v 0.342780 -17.955444 2.734666
v 1.404503 0.997267 -9.036574
v 0.329417 -13.508718 25.900646
v 0.847684 -6.117650 18.774773
v 0.626281 -9.916858 22.313423
v 0.962409 -0.811094 17.712160
v -0.106105 0.795274 17.960863
v 1.168456 1.162693 19.930189
v 0.531213 6.663953 18.772703
v 0.482334 10.091446 22.215977
v -1.891869 -11.234919 26.762751
v -1.840302 -9.553927 25.214746
v 0.481352 -45.857990 1.739776
v 4.882640 1.387656 21.250002
vn -0.5230 -0.6331 -0.5707
vn -0.2184 0.4894 -0.8443
vn 0.0618 -0.6295 -0.7745
vn -0.1557 -0.7689 0.6202
vn 0.2867 -0.8260 0.4853
vn -0.6711 -0.6859 -0.2814
vn -0.4191 -0.6905 -0.5895
vn -0.7203 -0.6834 -0.1186
vn -0.8442 0.4442 -0.2998
vn -0.5068 -0.6873 -0.5203
vn -0.5643 -0.6929 -0.4488
vn -0.5933 0.4665 -0.6560
vn -0.7399 0.4299 -0.5174
vn -0.6213 -0.6919 -0.3678
vn -0.3359 -0.6909 -0.6401
vn -0.4396 0.4298 -0.7887
vn -0.2940 0.9365 -0.1911
vn -0.1626 0.9373 -0.3083
vn -0.1712 0.9674 -0.1865
vn -0.3470 0.9365 -0.0497
vn -0.8960 0.4404 -0.0577
vn -0.1331 0.9846 -0.1136
vn -0.2371 -0.6890 -0.6849
vn -0.1400 -0.6936 -0.7066
vn -0.2481 0.4556 -0.8549
vn -0.0600 0.4419 -0.8950
vn -0.0687 -0.6937 -0.7170
vn 0.0942 -0.6912 -0.7165
vn 0.0094 -0.6965 -0.7174
vn -0.4919 -0.7750 -0.3968
vn -0.3429 0.5241 -0.7796
vn -0.6831 0.6655 -0.3008
vn -0.4127 -0.7439 -0.5256
vn -0.4491 -0.5977 -0.6641
vn -0.6841 -0.6630 -0.3040
vn 0.0814 -0.6035 -0.7932
vn 0.0153 -0.7918 -0.6105
vn -0.0277 0.9420 -0.3344
vn -0.0525 0.9843 -0.1687
vn -0.3475 0.9027 -0.2539
vn -0.3123 0.8174 -0.4840
vn -0.0453 0.9279 -0.3701
vn 0.3455 0.7393 -0.5780
vn -0.6070 0.7580 -0.2388
vn -0.0555 0.9971 -0.0525
vn -0.3924 0.7696 -0.5038
vn 0.0330 0.7552 -0.6547
vn -0.9013 -0.0014 -0.4333
vn -0.6974 0.0016 -0.7167
vn -0.7668 0.5033 -0.3985
vn -0.7691 -0.6390 0.0101
vn -0.8447 0.4675 0.2607
vn -0.8795 0.4512 0.1510
vn 0.5333 -0.8177 -0.2167
vn -0.5853 -0.6321 0.5078
vn 0.9487 0.1068 0.2975
vn 0.4631 0.0126 0.8862
vn 0.1302 -0.0032 0.9915
vn -0.0024 0.0000 1.0000
vn 0.8847 0.0061 -0.4661
vn 0.3631 0.0002 -0.9317
vn 0.4824 0.0146 -0.8758
vn -0.4532 0.5785 0.6782
vn 0.1908 -0.7917 -0.5803
vn 0.0317 -0.5990 0.8001
vn -0.7245 -0.6884 0.0340
vn -0.7100 -0.6836 0.1689
vn -0.8821 0.4505 0.1373
vn -0.6559 -0.6832 0.3210
vn -0.8285 0.4421 0.3436
vn -0.3288 0.9418 0.0698
vn -0.7187 0.4419 0.5368
vn -0.5682 -0.6906 0.4475
vn -0.5926 0.4355 0.6776
vn -0.4690 -0.6873 0.5547
vn -0.3635 -0.6802 0.6366
vn 0.0163 -0.8074 0.5898
vn -0.2545 0.9667 0.0250
vn -0.6059 0.7516 0.2608
vn -0.6642 0.7474 0.0161
vn -0.3270 0.9348 0.1390
vn -0.4177 0.8997 0.1268
vn -0.4561 0.8444 0.2808
vn -0.2947 0.9401 0.1712
vn -0.1563 0.9771 0.1442
vn -0.2140 0.9392 0.2686
vn -0.6351 -0.7681 -0.0819
vn -0.7948 -0.6014 0.0812
vn -0.5171 -0.7904 0.3285
vn -0.6195 -0.6332 0.4640
vn 0.9576 -0.0339 0.2861
vn 0.9102 -0.0232 -0.4135
vn 0.8719 0.0027 0.4898
vn -0.2848 -0.7483 0.5991
vn -0.1052 -0.6566 0.7469
vn -0.3886 -0.8309 0.3982
vn 0.3919 0.0088 0.9200
vn 0.9414 -0.0101 0.3372
vn 0.9479 0.0327 0.3169
vn 0.5352 -0.6513 0.5379
vn -0.0343 -0.6495 -0.7596
vn 0.5365 -0.6642 -0.5206
vn -0.6801 -0.6547 -0.3299
vn -0.5187 0.4123 0.7490
vn -0.9952 0.0044 -0.0976
vn -0.9753 0.0034 0.2209
vn -0.4047 0.7681 0.4963
vn -0.1033 0.7645 0.6363
vn 0.2527 0.7828 0.5687
vn -0.7889 0.0078 0.6145
vn -0.0867 0.9374 0.3372
vn -0.1752 0.8852 0.4310
vn -0.1272 0.3112 0.9418
vn 0.2579 0.8248 0.5033
vn -0.3662 0.4506 0.8142
vn -0.1918 -0.6826 0.7051
vn 0.0059 -0.6850 0.7285
vn 0.0932 0.4309 0.8976
vn -0.1054 0.4441 0.8897
vn 0.0501 0.9404 0.3363
vn -0.8955 0.4345 -0.0968
vn -0.8549 0.5046 0.1206
vn -0.5773 0.4409 0.6873
vn -0.4827 -0.0052 0.8758
vn -0.3454 0.3145 0.8842
vn -0.8472 0.1469 -0.5106
vn -0.8467 0.2406 -0.4746
vn -0.4919 0.5128 -0.7036
vn -0.2648 0.6091 -0.7476
vn -0.0569 0.4692 -0.8813
vn 0.1180 0.4649 -0.8775
vn -0.6005 -0.4358 -0.6704
vn -0.0206 0.0071 -0.9998
vn -0.3952 -0.6484 -0.6507
vn -0.0840 -0.0042 -0.9965
vn -0.0666 -0.9130 -0.4024
vn -0.2307 -0.7028 -0.6729
vn -0.8423 -0.4473 -0.3008
vn -0.7227 -0.1853 -0.6659
vn -0.7378 0.1001 -0.6676
vn -0.6240 0.4280 -0.6538
vn -0.0069 0.0044 -1.0000
vn -0.7698 -0.4956 -0.4022
vn -0.9505 -0.1187 0.2873
vn -0.7523 -0.6562 -0.0584
vn -0.6405 0.1924 -0.7435
vn -0.6188 0.7467 -0.2440
vn -0.3329 0.6811 -0.6521
vn -0.0041 0.0206 -0.9998
vn 0.0713 0.7621 -0.6435
vn -0.3363 0.8356 -0.4345
vn -0.6966 -0.3139 -0.6451
vn -0.4583 -0.6503 0.6059
vn -0.7345 -0.2440 0.6332
vn -0.0766 -0.7214 0.6882
vn -0.6857 -0.1030 0.7205
vn -0.7379 0.1877 -0.6482
vn -0.2211 -0.7289 -0.6479
vn -0.8165 0.3582 0.4528
vn 0.5768 -0.5777 -0.5775
vn 1.0000 -0.0012 -0.0026
vn 1.0000 0.0000 0.0000
vn -0.9877 -0.1566 0.0001
vn -0.7096 -0.1138 0.6954
vn -0.9946 -0.1040 0.0001
vn -0.8382 0.5194 0.1661
vn -0.3015 0.4019 0.8646
vn -0.4985 -0.8442 0.1973
vn 0.8746 -0.2488 0.4160
vn -0.6877 -0.5270 0.4992
vn 0.1347 -0.9870 -0.0877
vn -0.1355 -0.2389 0.9616
vn -0.7383 -0.4723 -0.4815
vn -0.1849 -0.6953 -0.6945
vn -0.9635 -0.2117 -0.1639
vn -0.9594 -0.1985 -0.2002
vn -0.9754 0.1352 0.1739
vn -0.1555 -0.7145 -0.6822
vn 0.2447 -0.9603 0.1343
vn -0.2751 -0.6748 -0.6848
vn 0.9362 0.2847 0.2062
vn 0.6599 0.6745 0.3311
vn 0.6667 -0.4251 0.6122
vn 0.9359 0.2483 0.2501
vn 0.9682 -0.1750 -0.1788
vn 0.4944 0.5092 0.7045
vn -0.6283 -0.7780 -0.0000
vn -0.5076 -0.6285 0.5893
vn -0.9776 -0.2105 -0.0000
vn -0.1980 0.6900 0.6962
vn -0.1741 0.0489 0.9835
vn 0.1606 0.6954 0.7005
vn 0.4953 -0.6156 -0.6130
vn 0.5506 -0.8311 0.0780
vn 0.3912 -0.6509 -0.6507
vn -0.7025 0.5066 0.4999
vn -0.5043 0.5496 0.6661
vn 0.0186 0.7080 0.7060
vn -0.7292 0.0307 0.6836
vn -0.2834 0.9264 0.2481
vn -0.6655 0.3335 0.6677
vn 0.0675 0.0264 -0.9974
vn -0.5408 0.5145 -0.6655
vn -0.6942 -0.0359 0.7189
vn -0.6860 0.1107 0.7191
vn -0.4330 0.6241 0.6504
vn -0.1886 0.7306 -0.6563
vn -0.1254 0.7278 0.6742
vn 0.6929 0.0145 -0.7209
vn 0.2771 -0.3013 -0.9124
vn -0.7176 -0.0380 0.6954
vn -1.0000 0.0003 -0.0000
vn -0.9986 -0.0528 -0.0000
vn 0.4555 0.8738 -0.1701
vn -0.6944 0.0370 0.7186
vn -0.9986 0.0529 0.0000
vn -0.5040 0.2516 0.8263
vn -0.6286 -0.7011 0.3367
vn -0.7845 0.3858 0.4855
vn -0.9632 -0.1934 0.1866
vn -0.8771 -0.3920 0.2774
vn -0.6478 -0.5201 0.5567
vn -0.3058 -0.9521 0.0046
vn 0.1103 0.8958 -0.4306
vn -0.6157 0.7273 -0.3032
vn -0.2455 0.8938 -0.3752
vn -0.0241 0.9288 -0.3699
vn 0.7071 -0.7071 -0.0000
vn -0.5733 -0.8131 -0.1007
vn -0.5836 0.8057 -0.1011
vn -0.7481 -0.6299 -0.2087
vn -0.3122 -0.8710 -0.3794
vn -0.5476 0.6402 -0.5387
vn -0.8399 0.5103 -0.1847
vn 0.5765 0.5781 -0.5775
vn 0.5773 0.5774 0.5774
vn 0.7071 0.7071 0.0000
vn -0.0000 1.0000 -0.0000
vn 0.9982 0.0593 0.0010
vn -0.6980 -0.5915 0.4035
vn -0.7357 -0.6771 0.0199
vn -0.9600 -0.2376 -0.1480
vn -0.7782 -0.4553 -0.4326
vn -0.7265 0.6836 0.0701
vn 0.0001 -0.7071 0.7071
vn 0.0001 -1.0000 -0.0000
vn 0.0003 -1.0000 -0.0001
vn 0.5187 0.8550 -0.0001
vn 0.2780 0.4580 0.8444
vn -0.0001 1.0000 0.0000
vn -0.7432 0.4001 0.5362
vn -0.7135 0.6323 0.3018
vn -0.8417 0.5399 0.0129
vn -0.0833 0.9965 0.0042
vn -0.6432 -0.1893 0.7419
vn 0.3349 -0.4069 0.8499
vn 0.4321 0.3120 0.8461
vn -0.1926 -0.2840 0.9393
vn 0.2188 -0.3680 0.9037
vn 0.4766 0.3758 0.7948
vn 0.4023 -0.6432 0.6515
vn 0.6009 -0.7873 -0.1385
vn -0.1034 0.5290 0.8423
vn -0.0001 -1.0000 0.0000
vn 0.0002 1.0000 0.0000
vn -0.4459 -0.2913 0.8464
vn 0.8635 -0.0429 0.5026
vn 0.3867 0.1984 0.9006
vn -0.8373 -0.5426 -0.0666
vn -0.6283 0.7780 -0.0000
vn -0.9776 0.2105 0.0000
vn 0.4793 -0.6134 0.6277
vn 0.3617 -0.6884 0.6287
vn -0.3211 -0.6681 0.6712
vn -0.4634 0.8850 0.0457
vn -0.2658 0.6871 -0.6762
vn 0.9734 -0.1439 0.1781
vn 0.8997 -0.3042 0.3131
vn 0.9650 -0.1835 0.1872
vn 0.4097 -0.6464 0.6437
vn 0.8248 -0.3991 0.4005
vn 0.8524 -0.3715 0.3681
vn 0.9830 0.1344 -0.1254
vn 0.9953 0.0710 -0.0653
vn 0.5695 0.3329 0.7516
vn 0.9995 0.0235 -0.0193
vn -0.0698 -0.7133 0.6973
vn -0.2259 -0.0617 0.9722
vn -0.4864 -0.6197 0.6160
vn 0.9993 0.0349 0.0165
vn 0.7365 0.4768 -0.4799
vn 0.9965 -0.0574 0.0601
vn -0.5910 -0.0960 0.8009
vn 0.4860 -0.8431 0.2304
vn 0.3070 0.0472 0.9505
vn -0.1717 -0.9797 0.1037
vn -0.2919 -0.9231 0.2505
vn -0.0000 -1.0000 -0.0000
vn 0.5774 -0.5773 0.5774
vn 0.3018 -0.3028 0.9040
vn 0.7072 -0.7071 -0.0003
vn -0.9944 0.1057 0.0000
vn -0.7096 0.1137 0.6953
vn -0.9874 0.1585 0.0000
vn -0.7176 0.0380 0.6954
vn 0.6260 0.1530 0.7646
vn -0.2732 0.4694 0.8396
vn -0.6139 0.1503 0.7749
vn -0.5077 0.6286 0.5891
vn 0.5094 0.7286 0.4579
vn 0.1266 0.9894 -0.0709
vn 0.2219 0.1365 0.9655
vn 0.0921 0.9813 0.1693
vn 0.6540 -0.6222 -0.4303
vn -0.5488 -0.7665 0.3335
vn 0.1967 0.7726 -0.6037
vn 0.3118 0.6120 -0.7268
vn 0.6050 0.6727 -0.4259
vn 0.6674 0.5925 -0.4511
vn 0.1223 0.4438 -0.8878
vn 0.2172 -0.6870 -0.6934
vn 0.3599 0.4674 -0.8075
vn 0.3463 -0.6897 -0.6360
vn 0.4769 -0.6804 -0.5564
vn 0.6333 -0.7412 -0.2225
vn 0.5761 -0.6085 -0.5458
vn 0.7228 -0.6419 -0.2560
vn -0.1332 -0.8030 -0.5809
vn 0.5175 -0.8189 -0.2482
vn 0.6697 -0.6926 0.2680
vn 0.0818 0.9380 -0.3368
vn 0.0936 0.9260 -0.3656
vn 0.2502 0.9364 -0.2463
vn 0.3301 0.7612 -0.5582
vn -0.1326 0.0024 -0.9912
vn 0.2356 0.0042 -0.9718
vn 0.5313 0.4505 -0.7175
vn 0.7158 0.4428 -0.5400
vn 0.6342 -0.6718 -0.3826
vn 0.7055 -0.6935 0.1460
vn 0.8336 0.4447 -0.3277
vn 0.6945 -0.6901 -0.2035
vn 0.2414 0.9361 -0.2559
vn 0.1809 0.9631 -0.1993
vn 0.3082 0.9420 -0.1329
vn 0.3130 0.9470 -0.0724
vn 0.8767 0.4535 -0.1604
vn 0.3448 0.9387 0.0013
vn 0.5957 0.0011 -0.8032
vn 0.7703 0.2705 -0.5775
vn 0.7691 0.0017 -0.6391
vn 0.7174 -0.6926 -0.0756
vn -0.2452 -0.7919 -0.5592
vn -0.3429 -0.0020 -0.9394
vn -0.2696 0.0275 -0.9626
vn -0.6240 -0.7579 -0.1903
vn 0.6047 -0.6401 0.4740
vn -0.8494 0.0336 -0.5266
vn -0.9774 -0.0040 0.2112
vn 0.7472 -0.6576 0.0966
vn 0.8293 0.5558 0.0578
vn 0.4901 0.3692 0.7896
vn 0.7214 0.4065 0.5606
vn 0.6562 0.7402 -0.1466
vn 0.8527 0.2646 0.4504
vn 0.8175 0.5753 0.0292
vn 0.7522 -0.6482 0.1188
vn 0.4290 -0.7935 0.4317
vn -0.0878 0.5537 0.8281
vn 0.3786 0.3932 0.8379
vn 0.0347 -0.7786 0.6266
vn 0.5089 -0.6033 0.6140
vn -0.4202 0.0081 0.9074
vn -0.0265 -0.6747 0.7376
vn -0.9621 0.0195 0.2718
vn -0.8346 0.0061 -0.5508
vn -0.9979 -0.0413 -0.0494
vn 0.8101 -0.5730 0.1239
vn 0.3705 -0.6924 0.6192
vn 0.5627 -0.7969 0.2200
vn 0.2297 -0.6806 0.6958
vn 0.5630 0.7761 -0.2840
vn 0.9222 0.0034 -0.3866
vn 0.9956 -0.0662 -0.0669
vn 0.5669 0.7862 0.2458
vn 0.9650 0.0008 0.2622
vn 0.7452 0.0077 0.6668
vn 0.3952 0.8685 0.2993
vn 0.1100 0.9862 0.1238
vn 0.1366 0.9443 0.2993
vn 0.2498 0.9445 0.2132
vn 0.3266 0.9287 0.1757
vn 0.2049 0.9449 0.2553
vn 0.1712 0.9459 0.2758
vn 0.4648 0.4389 0.7690
vn 0.3070 0.4353 0.8463
vn 0.5192 -0.6935 0.4995
vn 0.4441 -0.6950 0.5655
vn 0.6256 0.4413 0.6434
vn 0.5501 0.4415 0.7088
vn 0.8169 0.4258 0.3891
vn 0.6140 -0.6869 0.3888
vn 0.7158 0.4387 0.5434
vn 0.1760 0.9841 0.0231
vn 0.4873 0.8266 -0.2816
vn 0.3241 0.9352 0.1426
vn 0.2222 0.9741 0.0416
vn 0.8749 0.4397 0.2029
vn 0.1668 0.0007 0.9860
vn 0.3999 0.0029 0.9165
vn 0.3038 -0.0002 0.9527
vn -0.0742 -0.0000 0.9972
vn 0.1835 -0.0014 0.9830
vn 0.1480 -0.0004 0.9890
vn 0.1645 -0.0011 0.9864
vn 0.1482 0.0014 0.9890
vn 0.7232 -0.6889 0.0484
vn 0.9008 0.4339 0.0135
vn 0.4246 0.0031 -0.9054
vn 0.4069 0.4897 -0.7711
vn 0.6719 -0.5512 -0.4947
vn 0.9043 -0.3845 -0.1854
vn 0.9352 0.2853 -0.2097
vn 0.7319 0.3077 -0.6080
vn 0.2744 -0.7137 -0.6444
vn 0.0148 0.0009 -0.9999
vn 0.6070 -0.4554 -0.6513
vn 0.9864 -0.1636 0.0173
vn 0.1790 -0.0265 -0.9835
vn 0.7618 -0.0169 -0.6476
vn 0.6983 -0.2985 0.6506
vn 0.3210 -0.0439 -0.9461
vn 0.6501 0.3785 -0.6588
vn 0.7736 -0.6135 -0.1584
vn 0.6335 0.7279 -0.2625
vn 0.4298 0.6167 -0.6595
vn 0.4374 0.6511 -0.6203
vn 0.3686 0.3930 0.8424
vn 0.6794 0.4655 0.5672
vn 0.8320 0.4532 0.3200
vn 0.4527 0.4209 0.7861
vn 0.8697 0.3858 0.3080
vn 0.9116 0.4109 -0.0150
vn 0.0072 0.4712 0.8820
vn 0.1751 0.0006 0.9845
vn 0.8047 -0.4743 0.3571
vn 0.0963 -0.7112 0.6964
vn -0.7071 -0.7071 -0.0000
vn -0.5773 -0.5774 0.5774
vn -1.0000 0.0000 0.0000
vn -0.5770 -0.5777 -0.5774
vn 0.2057 -0.7202 -0.6625
vn 0.2831 -0.9262 0.2490
vn 0.2959 -0.7296 0.6166
vn -0.6871 -0.0740 -0.7227
vn 0.6861 -0.1099 0.7192
vn 0.7286 -0.2913 0.6199
vn 0.7199 -0.0660 -0.6909
vn 0.6062 -0.4557 -0.6518
vn 0.3770 -0.6511 -0.6587
vn 0.7812 -0.4388 -0.4440
vn 0.6703 -0.7159 0.1955
vn -0.5584 -0.6439 0.5230
vn -0.9342 0.2529 0.2517
vn -0.9113 0.2897 0.2925
vn -0.4012 0.6614 0.6337
vn -0.9293 0.3193 0.1854
vn -0.9985 0.0359 0.0403
vn 0.5256 0.6483 0.5509
vn -0.4297 0.6632 0.6128
vn 0.9926 -0.0765 -0.0940
vn 0.9053 0.2926 0.3080
vn 0.7412 -0.2783 0.6109
vn 0.7571 -0.6075 -0.2403
vn 0.9194 -0.2847 -0.2712
vn -0.1567 -0.7047 -0.6920
vn 0.3153 -0.8780 -0.3601
vn -0.2093 0.7597 0.6156
vn -0.6230 0.6171 0.4807
vn 0.0500 0.0341 0.9982
vn 0.9927 -0.0816 -0.0889
vn 0.4396 0.6372 0.6330
vn -0.3182 0.6672 0.6735
vn -0.3072 0.6236 0.7188
vn -0.8298 -0.3985 -0.3907
vn -0.9816 -0.1515 -0.1161
vn -0.9405 0.2373 0.2431
vn -0.7679 0.4536 0.4524
vn -0.4820 0.6317 0.6072
vn 0.2507 0.6893 0.6798
vn -0.4828 0.5901 0.6471
vn -0.3546 -0.6648 -0.6575
vn -0.4500 -0.8713 0.1955
vn -0.6898 -0.5158 -0.5080
vn -0.9475 -0.2307 -0.2215
vn -0.8303 -0.3975 -0.3908
vn 0.6007 0.5633 0.5674
vn -0.2341 -0.6888 -0.6861
vn 0.2745 -0.3870 0.8803
vn 0.6283 -0.7780 -0.0000
vn -0.2743 0.4677 -0.8403
vn 0.4892 -0.8716 -0.0321
vn 0.5132 0.6705 -0.5359
vn 0.4762 0.8793 -0.0009
vn 0.7574 0.6112 -0.2296
vn 0.4600 0.8879 0.0005
vn 0.4661 0.8847 -0.0000
vn -0.6176 0.1632 -0.7694
vn 0.7266 0.2260 -0.6488
vn 0.6938 0.0367 0.7193
vn 0.6939 -0.0366 0.7192
vn 0.7096 0.1138 0.6954
vn 0.9944 0.1057 0.0000
vn 0.9874 0.1580 0.0000
vn 0.2728 0.8908 -0.3633
vn -0.7069 0.7073 0.0000
vn -0.5773 0.5774 0.5774
vn -0.5767 0.5775 -0.5778
vn 0.0766 0.7233 0.6863
vn 0.1402 0.7530 -0.6430
vn 0.4945 0.8457 0.2005
vn 0.6862 0.1096 0.7191
vn 0.7008 0.0195 0.7131
vn 0.9777 0.2101 -0.0000
vn 0.9776 0.2103 -0.0000
vn 0.6283 0.7780 -0.0000
vn 0.7313 0.1694 0.6606
vn 0.2573 0.6912 0.6753
vn 0.5596 0.4871 0.6705
vn 0.4895 0.5852 -0.6465
vn 0.6128 0.7634 0.2043
vn -0.7091 -0.7037 0.0438
vn 0.4289 -0.8107 0.3984
vn 0.6284 0.7750 -0.0669
vn 0.7641 0.6351 -0.1131
vn 0.5284 0.8433 0.0982
vn -0.0968 0.9933 0.0632
vn 0.2739 0.4153 0.8675
vn -0.0292 -0.5947 0.8034
vn 0.1071 -0.2906 0.9508
vn -0.8950 -0.3773 0.2380
vn 0.7187 0.6803 0.1435
vn 0.7839 0.4988 0.3697
vn 0.7469 0.4179 0.5172
vn 0.8207 -0.3581 0.4452
vn 0.6318 0.1962 0.7499
vn 0.6129 -0.5378 0.5790
vn 0.7481 -0.6596 -0.0730
vn 0.6956 0.6580 0.2884
vn 0.0012 1.0000 -0.0001
vn -0.5030 0.8643 0.0000
vn 0.0005 1.0000 -0.0000
vn -0.3015 -0.3017 0.9045
vn -0.0006 1.0000 0.0001
vn 0.7177 0.0380 0.6954
vn 1.0000 -0.0001 0.0000
vn 0.9986 0.0530 0.0000
vn 0.5172 -0.3833 0.7653
vn 0.2539 -0.7226 0.6429
vn 0.3370 -0.6634 0.6680
vn 0.3128 0.6730 -0.6702
vn -0.3203 -0.6787 0.6609
vn -0.9073 -0.3643 0.2099
vn -0.8909 -0.3185 0.3238
vn -0.6827 -0.5261 0.5071
vn 0.3925 -0.6514 0.6493
vn -0.3519 -0.6606 0.6632
vn 0.2098 -0.0331 0.9772
vn 0.6009 -0.4269 0.6758
vn 0.9776 -0.2104 -0.0000
vn 0.9874 -0.1583 -0.0000
vn 0.9944 -0.1058 0.0000
vn 0.5077 -0.6286 0.5891
vn 0.7096 -0.1138 0.6954
vn 0.7175 -0.0381 0.6955
vn -0.6176 0.1631 0.7694
vn 0.5076 0.6285 0.5893
vn -0.3489 -0.6600 0.6653
vn -0.2871 -0.7447 0.6025
vn -0.9970 0.0517 -0.0578
vn -0.9950 0.0556 -0.0824
vn -0.8309 -0.3733 0.4126
vn -0.4706 0.4147 0.7789
vn -0.4663 0.8282 0.3110
vn -0.7160 -0.6884 0.1165
vn -0.5061 -0.8572 -0.0950
vn -0.2863 -0.0814 -0.9547
vn -0.4591 0.0063 -0.8884
vn 0.5630 0.0016 0.8265
vn -0.0605 0.5051 0.8609
vn 0.6442 -0.0014 -0.7648
vn 0.6322 -0.0090 -0.7747
vn 0.3410 -0.0115 0.9400
vn 0.7325 -0.6748 -0.0901
vn 0.3965 0.0023 0.9180
vn 0.8895 -0.0036 -0.4569
vn 0.4105 -0.0144 -0.9117
vn -0.2648 -0.0034 0.9643
vn 0.0157 -0.0046 0.9999
vn 0.0178 0.9875 0.1566
vn -0.9855 0.0134 -0.1691
vn 0.5055 0.6076 0.6126
vn -0.9979 0.0608 0.0242
vn 0.3236 -0.6591 -0.6789
vn 0.9062 0.2953 0.3027
vn 0.4948 0.6282 0.6005
vn 0.1180 -0.9901 -0.0763
vn -0.9281 0.2603 0.2661
vn -1.0000 -0.0054 -0.0058
vn -0.3348 0.6752 0.6572
vn 0.5084 0.5932 0.6242
vn 0.9747 -0.1492 -0.1664
vn 0.2455 -0.6783 -0.6926
vn 0.7127 -0.7014 -0.0086
vn 0.9556 0.2947 0.0009
vn -0.9934 -0.0924 -0.0682
vn -0.5096 -0.4608 0.7266
vn -0.9704 0.1706 0.1708
vn 0.0865 -0.8948 0.4380
vn -0.0170 -0.3853 0.9226
vn 0.7604 0.5380 0.3638
vn 0.6811 0.2628 0.6834
vn 0.6245 -0.4900 0.6082
vn 0.0543 -0.0214 0.9983
vn -0.8268 -0.3721 0.4218
vn -0.8273 0.4411 -0.3477
vn 0.7594 0.4735 -0.4462
vn 0.0533 0.6969 -0.7152
vn 0.4915 0.8695 0.0494
vn -0.8716 -0.2666 0.4114
vn 0.8719 -0.3697 0.3211
vn 0.4117 0.6046 -0.6819
vn 0.2929 0.6742 -0.6780
vn -0.3383 0.4469 0.8282
vn 0.0516 -0.6561 0.7529
vn 0.0610 -0.3697 -0.9272
vn -0.5834 0.5220 -0.6222
vn 0.0066 0.7241 -0.6896
vn 0.2834 0.7167 -0.6372
vn -0.3575 0.6605 -0.6602
vn 0.6824 0.5385 -0.4943
vn 0.4028 -0.7650 -0.5025
vn 0.2797 -0.8172 -0.5039
vn 0.0153 0.9694 -0.2449
vn -0.4594 0.0276 0.8878
vn -0.7623 -0.0004 0.6472
vn -0.9842 0.0209 0.1758
vn -0.9633 0.0039 0.2683
vn -0.3317 0.0251 0.9430
vn -0.4422 -0.0064 0.8969
vn -0.8564 -0.0002 -0.5163
vn -0.9754 0.0089 0.2202
vn -0.8829 0.0026 -0.4696
vn -0.4275 0.0090 0.9040
vn 0.3037 -0.7706 0.5604
vn -0.6058 -0.6465 0.4637
vn -0.3948 -0.0401 -0.9179
vn 0.9143 0.1849 -0.3605
vn -0.5338 0.5761 0.6190
vn -0.5591 0.5773 0.5951
vn -0.5074 0.6465 0.5697
vn -0.9831 -0.1284 -0.1307
vn -0.9772 -0.1480 -0.1522
vn -0.9702 -0.1686 -0.1741
vn -0.9714 -0.1713 -0.1644
vn -0.4847 -0.6272 -0.6097
vn -0.9406 0.2646 0.2129
vn -0.6870 -0.4334 0.5832
vn -0.5969 0.5779 0.5566
vn -0.9502 0.2206 0.2201
vn -0.9704 -0.1754 -0.1662
vn 0.9889 0.0979 0.1114
vn 0.9996 -0.0260 -0.0100
vn 0.9104 0.2111 0.3558
vn 0.4957 0.5287 0.6891
vn -0.9630 -0.1930 -0.1880
vn 0.5453 -0.6534 0.5251
vn 0.4098 -0.9122 -0.0046
vn -0.3252 -0.5042 -0.8000
vn 0.5857 -0.8001 -0.1295
vn 0.6776 0.7281 0.1037
vn -0.6965 0.3359 0.6341
vn -0.9944 0.0893 -0.0564
vn -0.9689 -0.1789 0.1711
vn -0.6644 -0.6454 0.3768
vn -0.2879 -0.7346 0.6143
vn -0.4152 0.7967 -0.4391
vn -0.5900 0.5667 -0.5750
vn -0.6373 0.7561 0.1488
vn -0.9529 0.2143 -0.2147
vn -0.9874 -0.1363 0.0804
vn -0.6545 0.6167 -0.4373
vn -0.5003 0.3279 0.8014
vn -0.8696 0.4938 0.0000
vn 0.9986 -0.0530 0.0000
vn -0.4756 -0.6232 0.6208
vn -0.9795 0.1375 -0.1471
vn -0.9171 -0.2786 0.2852
vn -0.6852 -0.5178 0.5123
vn -0.8586 -0.3622 0.3628
vn -0.9982 0.0386 -0.0462
vn -0.3067 0.6727 -0.6734
vn -0.8022 0.4215 -0.4230
vn -0.3021 0.6689 -0.6792
vn 0.3094 0.6757 -0.6691
vn -0.3453 0.7304 0.5893
vn 0.2932 -0.0011 -0.9561
vn 0.9438 0.0209 -0.3299
vn 0.9334 0.2554 0.2522
vn 0.9814 -0.1316 -0.1396
vn 0.9728 -0.1924 -0.1290
vn 0.0890 -0.7032 -0.7055
vn 0.9743 -0.1578 -0.1607
vn 0.8999 -0.3180 -0.2984
vn 0.0034 -0.7144 -0.6998
vn 0.9894 0.1144 -0.0895
vn 0.9887 0.1091 -0.1030
vn 0.9970 0.0420 -0.0653
vn 0.9924 0.0865 -0.0877
vn -0.5225 0.0122 0.8525
vn -0.3060 -0.0052 -0.9520
vn 0.8424 0.0190 0.5385
vn -0.2421 -0.0071 0.9702
vn 0.1526 -0.0021 0.9883
vn 0.9942 0.0303 -0.1029
vn 0.2079 0.0026 0.9782
vn 0.9865 -0.1386 -0.0870
vn -0.0364 0.7033 0.7100
vn -0.5095 0.5961 0.6206
vn -0.4010 0.6480 0.6475
vn -0.4960 -0.8683 0.0076
vn 0.0254 0.9976 -0.0642
vn 0.8856 0.4422 -0.1421
vn -0.2659 -0.6519 0.7102
vn -0.3206 -0.6769 0.6626
vn 0.9633 -0.1978 -0.1813
vn 0.9392 -0.2525 -0.2327
vn -0.2953 -0.0008 -0.9554
vn -0.9668 0.2554 0.0000
usemtl Default_OBJ
s 1
f 1//1 2//2 3//3
f 3//3 4//4 1//1
f 1//1 4//4 5//5
f 6//6 7//7 8//8
f 6//6 8//8 9//9
f 10//10 7//7 11//11
f 12//12 10//10 13//13
f 11//11 13//13 10//10
f 11//11 14//14 13//13
f 15//15 7//7 16//16
f 10//10 12//12 7//7
f 14//14 7//7 6//6
f 14//14 6//6 9//9
f 14//14 9//9 13//13
f 14//14 11//11 7//7
f 13//13 17//17 12//12
f 16//16 12//12 18//18
f 17//17 19//19 18//18
f 17//17 9//9 20//20
f 9//9 21//21 20//20
f 17//17 20//20 22//22
f 23//23 7//7 15//15
f 23//23 15//15 16//16
f 23//23 24//24 7//7
f 23//23 25//25 24//24
f 24//24 26//26 27//27
f 24//24 28//28 7//7
f 24//24 27//27 28//28
f 27//27 29//29 28//28
f 27//27 26//26 29//29
f 28//28 30//30 7//7
f 31//31 32//32 33//33
f 34//34 33//33 35//35
f 34//34 35//35 30//30
f 34//34 36//36 37//37
f 16//16 18//18 25//25
f 25//25 38//38 26//26
f 18//18 39//39 38//38
f 19//19 40//40 41//41
f 18//18 19//19 39//39
f 39//39 41//41 42//42
f 41//41 40//40 43//43
f 42//42 41//41 43//43
f 44//44 40//40 45//45
f 43//43 46//46 47//47
f 46//46 48//48 49//49
f 50//50 1//1 51//51
f 52//52 32//32 53//53
f 1//1 5//5 51//51
f 51//51 54//54 55//55
f 51//51 55//55 53//53
f 5//5 56//56 54//54
f 5//5 57//57 56//56
f 58//58 4//4 59//59
f 60//60 61//61 62//62
f 53//53 55//55 63//63
f 55//55 64//64 65//65
f 66//66 67//67 68//68
f 66//66 69//69 67//67
f 66//66 8//8 69//69
f 68//68 67//67 70//70
f 67//67 69//69 70//70
f 68//68 70//70 71//71
f 8//8 7//7 69//69
f 69//69 72//72 70//70
f 73//73 74//74 72//72
f 73//73 75//75 74//74
f 73//73 69//69 75//75
f 69//69 76//76 75//75
f 75//75 76//76 74//74
f 69//69 77//77 76//76
f 20//20 68//68 71//71
f 22//22 20//20 45//45
f 20//20 71//71 78//78
f 45//45 79//79 80//80
f 78//78 71//71 81//81
f 82//82 83//83 79//79
f 70//70 72//72 84//84
f 84//84 85//85 71//71
f 84//84 86//86 85//85
f 86//86 72//72 74//74
f 87//87 69//69 7//7
f 88//88 89//89 90//90
f 56//56 91//91 92//92
f 91//91 93//93 92//92
f 90//90 94//94 95//95
f 90//90 95//95 96//96
f 97//97 98//98 99//99
f 98//98 97//97 100//100
f 101//101 102//102 103//103
f 69//69 96//96 77//77
f 83//83 104//104 79//79
f 83//83 85//85 104//104
f 80//80 105//105 44//44
f 80//80 106//106 105//105
f 79//79 104//104 107//107
f 108//108 104//104 109//109
f 79//79 110//110 106//106
f 85//85 111//111 112//112
f 104//104 113//113 114//114
f 74//74 76//76 115//115
f 76//76 116//116 115//115
f 77//77 116//116 76//76
f 77//77 117//117 116//116
f 117//117 118//118 119//119
f 119//119 111//111 115//115
f 111//111 119//119 120//120
f 105//105 121//121 48//48
f 121//121 106//106 122//122
f 123//123 124//124 125//125
f 126//126 127//127 128//128
f 129//129 128//128 130//130
f 128//128 127//127 130//130
f 129//129 130//130 131//131
f 132//132 133//133 134//134
f 134//134 135//135 136//136
f 137//137 138//138 134//134
f 139//139 140//140 132//132
f 132//132 140//140 133//133
f 140//140 141//141 142//142
f 139//139 143//143 144//144
f 140//140 145//145 146//146
f 146//146 147//147 141//141
f 148//148 142//142 141//141
f 149//149 148//148 150//150
f 148//148 147//147 151//151
f 152//152 153//153 154//154
f 153//153 155//155 154//154
f 154//154 155//155 156//156
f 152//152 157//157 158//158
f 122//122 106//106 159//159
f 158//158 160//160 155//155
f 161//161 162//162 163//162
f 164//163 165//164 166//165
f 122//122 159//159 167//166
f 123//123 125//125 168//167
f 169//168 170//169 171//170
f 169//168 172//171 173//172
f 174//173 175//174 169//168
f 169//168 176//175 177//176
f 177//176 176//175 178//177
f 179//178 180//179 181//180
f 182//181 183//182 184//183
f 185//184 182//181 186//185
f 182//181 185//184 187//186
f 188//187 189//188 190//189
f 156//156 190//189 164//163
f 191//190 192//191 193//192
f 194//193 195//194 196//195
f 197//196 191//190 198//197
f 199//198 191//190 193//192
f 152//152 200//199 157//157
f 200//199 201//200 202//201
f 157//157 203//202 158//158
f 157//157 204//203 203//202
f 154//154 205//204 200//199
f 200//199 206//205 201//200
f 157//157 202//201 204//203
f 204//203 202//201 207//206
f 204//203 207//206 208//207
f 202//201 201//200 209//208
f 202//201 209//208 207//206
f 207//206 209//208 208//207
f 204//203 210//209 203//202
f 204//203 208//207 210//209
f 208//207 209//208 201//200
f 158//158 203//202 160//160
f 203//202 147//147 211//210
f 211//210 147//147 146//146
f 156//156 205//204 154//154
f 212//211 213//212 214//213
f 210//209 215//214 203//202
f 216//215 206//205 200//199
f 216//215 213//212 217//216
f 144//144 218//217 219//218
f 167//166 220//219 221//220
f 222//221 223//222 224//223
f 148//148 151//151 225//224
f 226//225 227//226 228//227
f 229//228 219//218 230//229
f 215//214 231//230 147//147
f 230//229 219//218 222//221
f 232//231 224//223 233//232
f 234//233 231//230 235//234
f 234//233 235//234 226//225
f 208//207 201//200 236//235
f 210//209 208//207 236//235
f 237//236 238//162 239//237
f 240//238 237//236 239//237
f 210//209 238//162 241//239
f 229//228 230//229 242//240
f 215//214 243//241 231//230
f 244//242 232//231 245//243
f 230//229 246//244 242//240
f 247//245 248//246 249//247
f 250//248 251//249 252//250
f 243//241 253//251 254//252
f 243//241 215//214 255//253
f 215//214 256//254 255//253
f 257//255 258//256 259//257
f 260//258 261//259 262//260
f 256//254 258//256 257//255
f 263//261 264//262 265//263
f 247//245 266//264 248//246
f 251//249 267//265 252//250
f 268//266 269//267 270//268
f 271//269 269//267 268//266
f 201//200 272//270 240//238
f 201//200 273//271 272//270
f 274//272 275//273 276//274
f 226//225 277//275 278//276
f 279//277 280//278 281//279
f 282//280 283//281 284//282
f 285//283 286//284 281//279
f 281//279 287//285 288//286
f 289//287 290//288 291//289
f 285//283 292//290 293//291
f 285//283 294//292 292//290
f 295//293 296//294 180//179
f 171//170 296//294 295//293
f 295//293 180//179 192//191
f 180//179 297//295 192//191
f 297//295 180//179 298//296
f 193//192 192//191 297//295
f 299//297 300//298 188//187
f 301//299 300//298 302//228
f 160//160 162//162 302//228
f 205//204 166//165 214//213
f 165//164 303//300 212//211
f 189//188 301//299 165//164
f 165//164 301//299 303//300
f 304//301 247//245 303//300
f 216//215 217//216 305//302
f 305//302 306//303 307//304
f 308//305 212//211 309//306
f 161//161 303//300 301//299
f 212//211 303//300 251//249
f 212//211 251//249 309//306
f 309//306 237//236 308//305
f 308//305 237//236 306//303
f 251//249 303//300 310//307
f 291//289 290//288 311//308
f 306//303 237//236 312//309
f 254//252 313//310 277//275
f 278//276 277//275 314//311
f 277//275 287//285 315//312
f 313//310 287//285 277//275
f 315//312 314//311 277//275
f 254//252 311//308 313//310
f 254//252 253//251 311//308
f 311//308 316//313 313//310
f 290//288 316//313 311//308
f 287//285 313//310 292//290
f 3//3 317//314 4//4
f 4//4 317//314 318//315
f 31//31 319//316 2//2
f 320//317 321//318 322//319
f 29//29 323//320 28//28
f 324//321 323//320 325//322
f 324//321 326//323 28//28
f 28//28 326//323 327//324
f 324//321 325//322 326//323
f 328//325 329//326 330//327
f 28//28 327//324 331//328
f 332//329 327//324 333//330
f 334//331 38//38 335//332
f 323//320 334//331 325//322
f 43//43 47//47 336//333
f 47//47 337//334 336//333
f 47//47 338//335 339//336
f 326//323 340//337 327//324
f 340//337 341//338 327//324
f 327//324 342//339 343//340
f 341//338 344//341 342//339
f 342//339 345//342 343//340
f 342//339 344//341 345//342
f 325//322 346//343 340//337
f 340//337 346//343 341//338
f 335//332 347//344 346//343
f 347//344 348//345 346//343
f 347//344 349//346 348//345
f 348//345 344//341 341//338
f 344//341 348//345 350//347
f 348//345 351//348 350//347
f 348//345 349//346 351//348
f 352//349 353//350 354//351
f 345//342 344//341 350//347
f 343//340 345//342 355//352
f 345//342 350//347 355//352
f 61//61 356//353 64//64
f 357//354 356//353 358//355
f 359//356 360//357 356//353
f 359//356 361//358 362//359
f 318//315 317//314 363//360
f 359//356 363//360 360//357
f 363//360 364//361 360//357
f 64//64 356//353 65//65
f 356//353 360//357 65//65
f 360//357 365//362 65//65
f 360//357 366//363 365//362
f 322//319 367//364 364//361
f 368//365 369//366 370//367
f 368//365 370//367 371//368
f 372//369 373//370 374//371
f 374//371 371//368 375//372
f 95//95 374//371 375//372
f 59//59 376//373 377//374
f 378//375 379//376 380//377
f 371//368 381//378 375//372
f 333//330 382//379 383//380
f 327//324 343//340 333//330
f 382//379 384//381 77//77
f 109//109 104//104 114//114
f 385//382 386//383 387//384
f 388//385 389//386 390//387
f 389//386 388//385 387//384
f 336//333 388//385 114//114
f 114//114 391//388 336//333
f 392//389 393//390 394//391
f 392//389 394//391 395//392
f 394//391 393//390 396//393
f 393//390 397//394 396//393
f 393//390 398//395 397//394
f 399//396 398//395 393//390
f 333//330 400//397 382//379
f 382//379 400//397 401//398
f 400//397 402//399 401//398
f 401//398 402//399 403//400
f 382//379 401//398 403//400
f 333//330 404//401 405//402
f 333//330 405//402 400//397
f 400//397 406//403 402//399
f 407//404 349//346 408//405
f 351//348 407//404 409//406
f 336//333 391//388 410//407
f 407//404 395//392 409//406
f 409//406 404//401 411//408
f 403//400 396//393 397//394
f 402//399 396//393 403//400
f 395//392 394//391 409//406
f 394//391 406//403 409//406
f 404//401 409//406 406//403
f 404//401 406//403 405//402
f 402//399 406//403 394//391
f 77//77 384//381 117//117
f 118//118 384//381 399//396
f 120//120 118//118 399//396
f 384//381 382//379 399//396
f 399//396 382//379 398//395
f 403//400 398//395 382//379
f 397//394 398//395 403//400
f 412//409 413//410 414//411
f 415//412 416//413 417//414
f 415//412 418//415 419//416
f 343//340 355//352 420//417
f 411//408 420//417 421//418
f 355//352 350//347 421//418
f 333//330 343//340 411//408
f 420//417 411//408 343//340
f 404//401 333//330 411//408
f 409//406 411//408 351//348
f 422//419 423//420 352//349
f 339//336 131//131 422//419
f 352//349 423//420 353//350
f 137//137 424//421 130//130
f 425//422 426//423 427//424
f 427//424 353//350 423//420
f 428//425 429//426 430//427
f 425//422 430//427 431//428
f 428//425 430//427 424//421
f 430//427 425//422 424//421
f 429//426 432//429 430//427
f 432//429 433//430 430//427
f 431//428 430//427 434//431
f 432//429 435//432 433//430
f 433//430 435//432 436//433
f 437//434 433//430 438//435
f 149//149 150//150 439//436
f 435//432 439//436 436//433
f 225//224 440//437 439//436
f 419//416 414//411 441//438
f 426//423 353//350 427//424
f 442//439 443//440 444//441
f 443//440 445//442 446//443
f 447//444 448//445 441//438
f 447//444 441//438 444//441
f 444//441 449//446 450//447
f 451//448 452//449 453//450
f 452//449 451//448 454//298
f 455//451 456//452 457//453
f 457//453 456//452 458//454
f 452//449 459//450 453//450
f 455//451 460//455 456//452
f 457//453 458//454 461//456
f 461//456 458//454 462//457
f 456//452 463//458 464//459
f 172//171 465//460 466//461
f 173//172 467//462 468//463
f 173//172 172//171 467//462
f 172//171 175//174 465//460
f 469//464 470//465 471//466
f 472//467 468//463 473//468
f 471//466 474//469 475//470
f 466//461 467//462 172//171
f 476//471 477//472 478//473
f 466//461 479//474 480//475
f 481//476 233//232 482//477
f 465//460 482//477 479//474
f 483//478 484//479 485//480
f 479//474 486//481 480//475
f 487//482 488//483 489//484
f 490//485 491//486 492//487
f 470//465 493//488 494//489
f 495//490 471//466 496//491
f 181//180 497//492 498//493
f 498//493 497//492 499//494
f 500//495 501//496 499//494
f 297//295 502//497 193//192
f 503//498 499//494 497//492
f 504//499 193//192 502//497
f 454//298 457//453 505//500
f 506//501 437//434 438//435
f 449//446 507//502 479//474
f 508//503 440//437 225//224
f 508//503 509//504 510//505
f 438//435 511//506 506//501
f 511//506 512//507 506//501
f 506//501 513//508 460//455
f 460//455 513//508 514//509
f 462//457 515//510 516//511
f 517//512 518//513 519//514
f 509//504 520//515 510//505
f 521//516 522//517 523//265
f 524//450 522//517 521//516
f 525//518 526//519 527//520
f 525//518 528//521 526//519
f 513//508 525//518 527//520
f 529//522 526//519 530//523
f 517//512 519//514 531//524
f 517//512 531//524 532//525
f 532//525 528//521 533//526
f 461//456 462//457 516//511
f 462//457 534//527 515//510
f 529//522 515//510 535//528
f 534//527 535//528 515//510
f 535//528 534//527 536//529
f 460//455 514//509 456//452
f 456//452 514//509 463//458
f 463//458 514//509 534//527
f 463//458 534//527 462//457
f 529//522 535//528 526//519
f 514//509 513//508 537//530
f 513//508 527//520 537//530
f 527//520 535//528 537//530
f 514//509 537//530 536//529
f 514//509 536//529 534//527
f 538//531 539//532 540//533
f 541//534 512//507 542//535
f 510//505 543//536 542//535
f 544//537 545//538 265//263
f 546//539 547//540 548//541
f 549//542 550//543 544//537
f 549//542 541//534 551//544
f 552//545 551//544 553//546
f 554//547 547//540 552//545
f 548//541 555//548 546//539
f 542//535 556//549 541//534
f 512//507 541//534 506//501
f 557//550 310//307 558//551
f 310//307 557//550 559//552
f 560//448 561//553 562//298
f 310//307 559//552 563//554
f 564//555 565//556 566//557
f 515//510 518//513 566//557
f 247//245 249//247 567//298
f 568//558 540//533 569//559
f 247//245 567//298 570//298
f 263//261 571//560 289//287
f 540//533 562//298 570//298
f 560//448 539//532 459//450
f 510//505 520//515 572//561
f 274//272 276//274 282//280
f 282//280 276//274 573//562
f 574//563 575//564 576//565
f 577//566 282//280 578//567
f 289//287 571//560 290//288
f 579//568 571//560 580//569
f 528//521 523//265 533//526
f 297//295 298//296 498//493
f 498//493 468//463 478//473
f 467//462 478//473 468//463
f 498//493 478//473 297//295
f 297//295 478//473 502//497
f 457//453 581//570 505//500
f 582//571 461//456 583//572
f 452//449 584//573 585//574
f 452//449 585//574 586//575
f 267//265 251//249 587//238
f 544//537 587//238 563//554
f 303//300 247//245 310//307
f 452//449 586//575 561//553
f 247//245 561//553 310//307
f 561//553 564//555 310//307
f 561//553 586//575 564//555
f 310//307 564//555 588//576
f 522//517 517//512 589//577
f 588//576 564//555 517//512
f 522//517 588//576 517//512
f 554//547 553//546 580//569
f 572//561 314//311 543//536
f 577//566 590//578 591//579
f 592//580 593//581 594//582
f 595//583 543//536 314//311
f 541//534 556//549 551//544
f 543//536 595//583 556//549
f 595//583 551//544 556//549
f 316//313 579//568 596//584
f 290//288 579//568 316//313
f 596//584 579//568 553//546
f 596//584 553//546 551//544
f 1//1 50//50 2//2
f 12//12 17//17 18//18
f 9//9 17//17 13//13
f 40//40 22//22 45//45
f 22//22 19//19 17//17
f 7//7 30//30 87//87
f 28//28 331//328 30//30
f 30//30 331//328 34//34
f 32//32 597//585 598//586
f 36//36 34//34 331//328
f 33//33 34//34 37//37
f 25//25 18//18 38//38
f 26//26 38//38 334//331
f 41//41 39//39 19//19
f 46//46 44//44 48//48
f 40//40 46//46 43//43
f 47//47 599//587 338//335
f 600//588 338//335 599//587
f 49//49 48//48 126//126
f 126//126 128//128 49//49
f 131//131 338//335 129//129
f 5//5 54//54 51//51
f 54//54 56//56 60//60
f 64//64 55//55 54//54
f 54//54 62//62 64//64
f 601//589 56//56 57//57
f 63//63 65//65 602//590
f 21//21 8//8 66//66
f 21//21 66//66 68//68
f 69//69 73//73 72//72
f 68//68 20//20 21//21
f 85//85 81//81 71//71
f 84//84 72//72 86//86
f 88//88 597//585 89//89
f 89//89 597//585 52//52
f 87//87 96//96 69//69
f 32//32 52//52 597//585
f 35//35 598//586 88//88
f 93//93 91//91 601//589
f 603//591 604//592 92//92
f 601//589 605//593 93//93
f 89//89 94//94 90//90
f 95//95 94//94 374//371
f 606//594 100//100 103//103
f 59//59 97//97 607//595
f 97//97 377//374 100//100
f 97//97 59//59 377//374
f 100//100 377//374 103//103
f 606//594 102//102 608//596
f 606//594 103//103 102//102
f 102//102 101//101 609//597
f 45//45 80//80 44//44
f 79//79 106//106 80//80
f 108//108 107//107 104//104
f 108//108 610//598 107//107
f 108//108 611//599 610//598
f 107//107 110//110 79//79
f 44//44 105//105 48//48
f 124//124 110//110 107//107
f 611//599 415//412 610//598
f 86//86 111//111 85//85
f 111//111 86//86 115//115
f 612//600 112//112 111//111
f 113//113 612//600 114//114
f 116//116 119//119 115//115
f 117//117 119//119 116//116
f 612//600 111//111 120//120
f 106//106 121//121 105//105
f 610//598 125//125 124//124
f 127//127 138//138 130//130
f 134//134 133//133 135//135
f 136//136 137//137 134//134
f 138//138 221//220 132//132
f 132//132 134//134 138//138
f 143//143 139//139 132//132
f 133//133 140//140 142//142
f 132//132 221//220 143//143
f 140//140 139//139 145//145
f 144//144 145//145 139//139
f 148//148 149//149 142//142
f 106//106 110//110 159//159
f 125//125 610//598 447//444
f 448//445 447//444 419//416
f 156//156 155//155 299//297
f 122//122 167//166 121//121
f 126//126 48//48 121//121
f 123//123 220//219 159//159
f 447//444 168//167 125//125
f 168//167 222//221 220//219
f 138//138 127//127 613//601
f 138//138 613//601 221//220
f 169//168 173//172 170//169
f 471//466 614//602 474//469
f 177//176 178//177 615//603
f 180//179 296//294 616//604
f 617//605 618//606 185//184
f 245//243 481//476 175//174
f 245//243 232//231 233//232
f 184//183 485//480 619//607
f 245//243 620//608 244//242
f 245//243 621//609 620//608
f 296//294 186//185 195//194
f 182//181 187//186 483//478
f 483//478 187//186 622//610
f 615//603 197//196 621//609
f 495//490 623//611 471//466
f 185//184 624//612 617//605
f 616//604 296//294 194//193
f 615//603 178//177 197//196
f 178//177 295//293 197//196
f 621//609 197//196 620//608
f 503//498 625//613 196//195
f 191//190 197//196 192//191
f 200//199 152//152 154//154
f 157//157 200//199 202//201
f 626//614 211//210 145//145
f 144//144 219//218 145//145
f 626//614 160//160 211//210
f 211//210 146//146 145//145
f 200//199 205//204 216//215
f 203//202 215//214 147//147
f 241//239 309//306 627//615
f 143//143 221//220 628//616
f 628//616 221//220 629//617
f 145//145 219//218 626//614
f 224//223 223//222 450//447
f 161//161 163//162 630//162
f 229//228 626//614 219//218
f 307//304 306//303 273//271
f 222//221 224//223 232//231
f 215//214 627//615 250//248
f 232//231 244//242 230//229
f 230//229 244//242 246//244
f 631//618 242//240 246//244
f 632//619 242//240 198//197
f 198//197 633//620 632//619
f 254//252 231//230 243//241
f 235//234 277//275 226//225
f 634//621 635//622 279//277
f 636//623 637//624 275//273
f 243//241 255//253 638//625
f 257//255 259//257 639//626
f 639//626 259//257 638//625
f 261//259 259//257 262//260
f 261//259 638//625 259//257
f 262//260 259//257 258//256
f 256//254 639//626 255//253
f 256//254 257//255 639//626
f 255//253 639//626 638//625
f 311//308 243//241 638//625
f 640//627 641//628 642//629
f 265//263 262//260 256//254
f 264//262 643//630 265//263
f 279//277 636//623 644//631
f 645//632 646//633 640//627
f 229//228 266//264 647//228
f 229//228 647//228 630//162
f 632//619 633//620 569//559
f 633//620 199//198 569//559
f 638//625 261//259 291//289
f 268//266 270//268 648//634
f 648//634 270//268 649//635
f 643//630 649//635 291//289
f 643//630 271//269 648//634
f 648//634 271//269 268//266
f 269//267 271//269 650//636
f 650//636 643//630 264//262
f 651//637 269//267 264//262
f 231//230 254//252 235//234
f 279//277 644//631 280//278
f 572//561 227//226 278//276
f 311//308 638//625 291//289
f 645//632 652//638 646//633
f 653//639 654//640 655//641
f 287//285 281//279 283//281
f 283//281 577//566 315//312
f 170//169 296//294 171//170
f 292//290 313//310 293//291
f 293//291 313//310 316//313
f 283//281 315//312 287//285
f 320//317 3//3 2//2
f 2//2 319//316 320//317
f 319//316 31//31 37//37
f 656//642 321//318 319//316
f 317//314 320//317 322//319
f 320//317 319//316 321//318
f 29//29 26//26 323//320
f 28//28 323//320 324//321
f 36//36 331//328 657//643
f 657//643 331//328 327//324
f 656//642 319//316 37//37
f 329//326 656//642 36//36
f 332//329 657//643 327//324
f 325//322 334//331 346//343
f 346//343 334//331 335//332
f 42//42 43//43 658//644
f 337//334 47//47 339//336
f 337//334 385//382 336//333
f 339//336 338//335 131//131
f 337//334 339//336 422//419
f 337//334 354//351 385//382
f 336//333 335//332 43//43
f 340//337 326//323 325//322
f 348//345 341//338 346//343
f 659//645 318//315 660//646
f 359//356 661//647 318//315
f 357//354 361//358 356//353
f 4//4 659//645 59//59
f 359//356 662//648 661//647
f 373//370 372//369 602//590
f 364//361 363//360 317//314
f 322//319 321//318 367//364
f 59//59 663//649 664//650
f 357//354 665//651 361//358
f 666//652 665//651 667//653
f 357//354 667//653 665//651
f 660//646 378//375 668//654
f 667//653 379//376 378//375
f 367//364 321//318 328//325
f 328//325 370//367 367//364
f 373//370 371//368 374//371
f 77//77 669//655 382//379
f 382//379 669//655 383//380
f 376//373 378//375 670//656
f 377//374 670//656 103//103
f 380//377 103//103 670//656
f 380//377 379//376 103//103
f 380//377 670//656 378//375
f 101//101 103//103 671//657
f 671//657 103//103 379//376
f 381//378 332//329 383//380
f 330//327 381//378 328//325
f 328//325 381//378 370//367
f 381//378 371//368 370//367
f 336//333 385//382 388//385
f 109//109 611//599 108//108
f 388//385 390//387 109//109
f 388//385 109//109 114//114
f 354//351 386//383 385//382
f 413//410 390//387 441//438
f 442//439 441//438 390//387
f 393//390 392//389 612//600
f 400//397 405//402 406//403
f 410//407 407//404 408//405
f 118//118 117//117 384//381
f 393//390 612//600 120//120
f 118//118 120//120 119//119
f 445//442 390//387 389//386
f 415//412 611//599 412//409
f 353//350 672//658 386//383
f 414//411 418//415 417//414
f 389//386 446//443 445//442
f 413//410 441//438 414//411
f 355//352 421//418 420//417
f 351//348 421//418 350//347
f 351//348 411//408 421//418
f 423//420 422//419 131//131
f 131//131 130//130 423//420
f 425//422 427//424 424//421
f 428//425 136//136 429//426
f 434//431 430//427 433//430
f 439//436 435//432 149//149
f 150//150 225//224 439//436
f 445//442 442//439 390//387
f 441//438 448//445 419//416
f 426//423 446//443 672//658
f 442//439 444//441 441//438
f 458//454 456//452 464//459
f 458//454 464//459 462//457
f 463//458 462//457 464//459
f 469//464 475//470 673//659
f 469//464 674//660 675//661
f 474//469 173//172 675//661
f 468//463 472//467 173//172
f 473//468 676//662 677//663
f 501//496 676//662 468//463
f 468//463 498//493 501//496
f 469//464 673//659 674//660
f 473//468 677//663 678//664
f 473//468 678//664 679//665
f 501//496 678//664 677//663
f 498//493 680//666 179//178
f 467//462 466//461 476//471
f 467//462 476//471 478//473
f 479//474 466//461 465//460
f 484//479 681//667 682//668
f 485//480 682//668 619//607
f 683//669 489//484 488//483
f 684//670 685//671 492//487
f 499//494 503//498 490//485
f 480//475 686//672 687//673
f 480//475 486//481 686//672
f 486//481 688//674 686//672
f 688//674 689//675 502//497
f 470//465 684//670 493//488
f 470//465 496//491 471//466
f 499//494 685//671 690//676
f 466//461 480//475 687//673
f 476//471 687//673 477//472
f 688//674 502//497 477//472
f 585//574 581//570 582//571
f 691//677 431//428 434//431
f 450//447 449//446 692//678
f 440//437 438//435 436//433
f 510//505 511//506 508//503
f 508//503 228//227 509//504
f 506//501 693//679 437//434
f 460//455 693//679 506//501
f 437//434 693//679 691//677
f 693//679 539//532 691//677
f 449//446 479//474 692//678
f 224//223 482//477 233//232
f 482//477 692//678 479//474
f 539//532 507//502 691//677
f 509//504 228//227 520//515
f 526//519 528//521 530//523
f 536//529 537//530 535//528
f 682//668 681//667 491//486
f 507//502 694//680 479//474
f 507//502 539//532 694//680
f 539//532 695//681 694//680
f 540//533 504//499 689//675
f 504//499 502//497 689//675
f 539//532 538//531 695//681
f 695//681 538//531 486//481
f 538//531 540//533 688//674
f 696//682 697//683 698//684
f 696//682 698//684 699//685
f 699//685 574//563 700//686
f 701//687 702//688 703//689
f 263//261 265//263 545//538
f 704//690 705//691 697//683
f 704//690 703//689 702//688
f 646//633 706//692 641//628
f 552//545 549//542 551//544
f 547//540 546//539 552//545
f 552//545 546//539 555//548
f 555//548 548//541 707//693
f 707//693 548//541 547//540
f 545//538 555//548 707//693
f 545//538 544//537 555//548
f 310//307 708//694 558//551
f 568//558 199//198 504//499
f 540//533 568//558 504//499
f 289//287 649//635 263//261
f 269//267 651//637 270//268
f 270//268 651//637 263//261
f 264//262 263//261 651//637
f 552//545 553//546 554//547
f 709//695 516//511 565//556
f 543//536 510//505 572//561
f 574//563 276//274 710//696
f 711//697 702//688 654//640
f 575//564 712//698 698//684
f 698//684 711//697 575//564
f 574//563 713//699 276//274
f 652//638 702//688 646//633
f 645//632 654//640 652//638
f 714//700 715//701 592//580
f 654//640 716//702 717//703
f 717//703 716//702 596//584
f 316//313 718//704 719//705
f 571//560 579//568 290//288
f 278//276 314//311 572//561
f 594//582 595//583 591//579
f 718//704 316//313 596//584
f 551//544 595//583 596//584
f 2//2 50//50 31//31
f 8//8 21//21 9//9
f 19//19 22//22 40//40
f 16//16 25//25 23//23
f 38//38 39//39 658//644
f 40//40 44//44 46//46
f 46//46 600//588 599//587
f 338//335 600//588 129//129
f 129//129 600//588 128//128
f 50//50 51//51 53//53
f 54//54 60//60 62//62
f 61//61 64//64 62//62
f 91//91 56//56 601//589
f 4//4 58//58 57//57
f 53//53 63//63 52//52
f 63//63 720//706 52//52
f 63//63 602//590 720//706
f 720//706 602//590 372//369
f 20//20 78//78 45//45
f 82//82 78//78 81//81
f 81//81 83//83 82//82
f 85//85 83//83 81//81
f 90//90 96//96 88//88
f 33//33 598//586 35//35
f 604//592 61//61 92//92
f 604//592 721//707 61//61
f 722//708 93//93 99//99
f 99//99 93//93 607//595
f 59//59 607//595 605//593
f 605//593 607//595 93//93
f 721//707 604//592 603//591
f 609//597 721//707 603//591
f 94//94 89//89 720//706
f 606//594 608//596 98//98
f 608//596 102//102 609//597
f 112//112 612//600 113//113
f 147//147 148//148 141//141
f 299//297 155//155 160//160
f 121//121 167//166 127//127
f 159//159 220//219 167//166
f 167//166 613//601 127//127
f 168//167 220//219 123//123
f 167//166 221//220 613//601
f 222//221 168//167 223//222
f 169//168 175//174 172//171
f 614//602 623//611 723//709
f 181//180 180//179 616//604
f 245//243 174//173 621//609
f 245//243 175//174 174//173
f 483//478 183//182 182//181
f 487//482 187//186 185//184
f 185//184 186//185 724//710
f 487//482 618//606 488//483
f 182//181 725//711 186//185
f 618//606 495//490 488//483
f 194//193 625//613 726//712
f 197//196 295//293 192//191
f 727//713 728//714 296//294
f 194//193 196//195 625//613
f 197//196 198//197 620//608
f 211//210 160//160 203//202
f 218//217 221//220 219//218
f 151//151 234//233 228//227
f 182//181 184//183 725//711
f 631//618 620//608 242//240
f 195//194 619//607 729//715
f 279//277 635//622 636//623
f 253//251 243//241 311//308
f 260//258 262//260 265//263
f 649//635 643//630 648//634
f 649//635 289//287 291//289
f 277//275 235//234 254//252
f 279//277 730//716 731//717
f 730//716 732//718 640//627
f 279//277 732//718 730//716
f 640//627 732//718 733//719
f 640//627 655//641 645//632
f 733//719 286//284 640//627
f 281//279 280//278 284//282
f 282//280 284//282 274//272
f 640//627 285//283 655//641
f 281//279 284//282 283//281
f 294//292 288//286 287//285
f 719//705 293//291 316//313
f 577//566 591//579 315//312
f 657//643 332//329 330//327
f 38//38 658//644 335//332
f 352//349 354//351 337//334
f 336//333 408//405 349//346
f 342//339 327//324 341//338
f 660//646 318//315 661//647
f 359//356 356//353 361//358
f 734//720 659//645 660//646
f 734//720 663//649 59//59
f 663//649 734//720 660//646
f 660//646 661//647 662//648
f 660//646 662//648 362//359
f 359//356 362//359 662//648
f 357//354 358//355 61//61
f 61//61 735//721 357//354
f 359//356 318//315 363//360
f 365//362 602//590 65//65
f 368//365 366//363 369//366
f 369//366 366//363 364//361
f 666//652 362//359 665//651
f 660//646 668//654 664//650
f 660//646 666//652 378//375
f 77//77 95//95 375//372
f 371//368 373//370 368//365
f 669//655 375//372 383//380
f 357//354 379//376 667//653
f 330//327 332//329 381//378
f 385//382 387//384 388//385
f 413//410 611//599 109//109
f 349//346 407//404 351//348
f 402//399 394//391 396//393
f 413//410 412//409 611//599
f 414//411 416//413 412//409
f 415//412 412//409 416//413
f 414//411 417//414 416//413
f 419//416 418//415 736//722
f 414//411 737//723 736//722
f 419//416 738//724 739//725
f 414//411 738//724 737//723
f 739//725 740//726 419//416
f 741//727 435//432 432//429
f 439//436 440//437 436//433
f 414//411 419//416 740//726
f 446//443 426//423 443//440
f 445//442 443//440 442//439
f 447//444 444//441 168//167
f 443//440 431//428 691//677
f 469//464 471//466 475//470
f 675//661 472//467 469//464
f 474//469 742//728 475//470
f 475//470 742//728 673//659
f 469//464 472//467 473//468
f 494//489 493//488 488//483
f 481//476 482//477 465//460
f 493//488 492//487 743//729
f 743//729 492//487 622//610
f 493//488 743//729 489//484
f 499//494 490//485 685//671
f 492//487 491//486 681//667
f 503//498 729//715 490//485
f 470//465 494//489 744//730
f 473//468 684//670 470//465
f 684//670 473//468 690//676
f 690//676 473//468 500//495
f 499//494 690//676 500//495
f 488//483 495//490 494//489
f 497//492 181//180 726//712
f 501//496 500//495 679//665
f 443//440 691//677 449//446
f 511//506 438//435 508//503
f 692//678 482//477 450//447
f 512//507 510//505 542//535
f 619//607 682//668 745//731
f 490//485 745//731 491//486
f 703//689 746//732 701//687
f 746//732 703//689 696//682
f 637//624 746//732 696//682
f 704//690 697//683 703//689
f 641//628 706//692 702//688
f 702//688 706//692 646//633
f 747//733 550//543 552//545
f 547//540 545//538 707//693
f 227//226 572//561 520//515
f 276//274 275//273 748//734
f 711//697 704//690 702//688
f 652//638 654//640 702//688
f 574//563 576//565 713//699
f 713//699 576//565 573//562
f 715//701 714//700 575//564
f 711//697 717//703 715//701
f 575//564 714//700 576//565
f 576//565 714//700 749//735
f 282//280 749//735 578//567
f 714//700 578//567 749//735
f 577//566 578//567 590//578
f 594//582 714//700 592//580
f 593//581 592//580 717//703
f 714//700 594//582 590//578
f 594//582 593//581 595//583
f 315//312 591//579 595//583
f 315//312 595//583 314//311
f 32//32 50//50 53//53
f 50//50 32//32 31//31
f 37//37 31//31 33//33
f 7//7 12//12 16//16
f 26//26 24//24 25//25
f 30//30 35//35 87//87
f 32//32 598//586 33//33
f 658//644 39//39 42//42
f 599//587 47//47 46//46
f 46//46 49//49 600//588
f 128//128 600//588 49//49
f 57//57 5//5 4//4
f 92//92 60//60 56//56
f 601//589 57//57 58//58
f 55//55 65//65 63//63
f 52//52 720//706 89//89
f 94//94 372//369 374//371
f 372//369 94//94 720//706
f 70//70 84//84 71//71
f 78//78 82//82 45//45
f 45//45 82//82 79//79
f 74//74 115//115 86//86
f 35//35 88//88 87//87
f 96//96 87//87 88//88
f 88//88 598//586 597//585
f 601//589 58//58 605//593
f 605//593 58//58 59//59
f 60//60 92//92 61//61
f 722//708 92//92 93//93
f 608//596 722//708 99//99
f 603//591 92//92 722//708
f 96//96 95//95 77//77
f 99//99 98//98 608//596
f 100//100 606//594 98//98
f 607//595 97//97 99//99
f 722//708 608//596 603//591
f 609//597 603//591 608//596
f 609//597 101//101 721//707
f 124//124 107//107 610//598
f 124//124 123//123 110//110
f 104//104 85//85 112//112
f 104//104 112//112 113//113
f 130//130 138//138 137//137
f 146//146 141//141 140//140
f 225//224 150//150 148//148
f 153//153 152//152 158//158
f 158//158 155//155 153//153
f 110//110 123//123 159//159
f 610//598 415//412 447//444
f 447//444 415//412 419//416
f 126//126 121//121 127//127
f 168//167 450//447 223//222
f 171//170 176//175 169//168
f 169//168 177//176 174//173
f 177//176 615//603 174//173
f 295//293 176//175 171//170
f 176//175 295//293 178//177
f 723//709 170//169 614//602
f 614//602 170//169 474//469
f 170//169 750//736 296//294
f 170//169 173//172 474//469
f 296//294 750//736 751//737
f 750//736 170//169 723//709
f 185//184 618//606 487//482
f 481//476 245//243 233//232
f 485//480 184//183 183//182
f 483//478 485//480 183//182
f 244//242 620//608 631//618
f 185//184 724//710 728//714
f 728//714 724//710 296//294
f 195//194 186//185 725//711
f 487//482 622//610 187//186
f 296//294 724//710 186//185
f 503//498 196//195 729//715
f 729//715 196//195 195//194
f 174//173 615//603 621//609
f 723//709 623//611 617//605
f 617//605 623//611 495//490
f 723//709 617//605 750//736
f 750//736 617//605 751//737
f 617//605 624//612 751//737
f 296//294 751//737 624//612
f 471//466 623//611 614//602
f 185//184 727//713 624//612
f 185//184 728//714 727//713
f 495//490 618//606 617//605
f 296//294 624//612 727//713
f 194//193 296//294 195//194
f 625//613 497//492 726//712
f 726//712 181//180 616//604
f 194//193 726//712 616//604
f 628//616 629//617 218//217
f 218//217 629//617 221//220
f 628//616 218//217 144//144
f 144//144 143//143 628//616
f 220//219 219//218 221//220
f 219//218 220//219 222//221
f 151//151 147//147 234//233
f 151//151 228//227 225//224
f 228//227 234//233 226//225
f 147//147 231//230 234//233
f 230//229 222//221 232//231
f 244//242 631//618 246//244
f 184//183 195//194 725//711
f 184//183 619//607 195//194
f 198//197 242//240 620//608
f 634//621 642//629 635//622
f 637//624 636//623 635//622
f 746//732 637//624 642//629
f 642//629 637//624 635//622
f 642//629 641//628 746//732
f 641//628 701//687 746//732
f 256//254 262//260 258//256
f 260//258 265//263 643//630
f 643//630 261//259 260//258
f 634//621 731//717 642//629
f 731//717 634//621 279//277
f 644//631 636//623 275//273
f 641//628 640//627 646//633
f 199//198 633//620 191//190
f 199//198 568//558 569//559
f 198//197 191//190 633//620
f 643//630 650//636 271//269
f 269//267 650//636 264//262
f 261//259 643//630 291//289
f 730//716 640//627 731//717
f 731//717 640//627 642//629
f 280//278 644//631 275//273
f 275//273 274//272 280//278
f 274//272 284//282 280//278
f 226//225 278//276 227//226
f 279//277 733//719 732//718
f 279//277 281//279 733//719
f 733//719 281//279 286//284
f 654//640 645//632 655//641
f 286//284 285//283 640//627
f 281//279 288//286 285//283
f 282//280 577//566 283//281
f 655//641 719//705 653//639
f 719//705 655//641 293//291
f 655//641 285//283 293//291
f 288//286 294//292 285//283
f 303//300 161//161 304//301
f 287//285 292//290 294//292
f 3//3 320//317 317//314
f 657//643 329//326 36//36
f 36//36 656//642 37//37
f 329//326 328//325 656//642
f 656//642 328//325 321//318
f 657//643 330//327 329//326
f 334//331 323//320 26//26
f 43//43 335//332 658//644
f 422//419 352//349 337//334
f 336//333 347//344 335//332
f 336//333 349//346 347//344
f 386//383 354//351 353//350
f 659//645 4//4 318//315
f 358//355 356//353 61//61
f 59//59 659//645 734//720
f 362//359 361//358 665//651
f 360//357 364//361 366//363
f 602//590 365//362 373//370
f 368//365 373//370 365//362
f 366//363 368//365 365//362
f 317//314 322//319 364//361
f 369//366 364//361 367//364
f 664//650 663//649 660//646
f 660//646 362//359 666//652
f 664//650 668//654 59//59
f 378//375 376//373 668//654
f 668//654 376//373 59//59
f 667//653 378//375 666//652
f 61//61 721//707 735//721
f 735//721 721//707 752//738
f 357//354 735//721 379//376
f 379//376 735//721 752//738
f 370//367 369//366 367//364
f 375//372 669//655 77//77
f 670//656 377//374 376//373
f 379//376 752//738 671//657
f 671//657 752//738 721//707
f 671//657 721//707 101//101
f 332//329 333//330 383//380
f 375//372 381//378 383//380
f 390//387 413//410 109//109
f 395//392 391//388 392//389
f 612//600 392//389 114//114
f 114//114 392//389 391//388
f 336//333 410//407 408//405
f 410//407 391//388 407//404
f 407//404 391//388 395//392
f 393//390 120//120 399//396
f 736//722 418//415 414//411
f 417//414 418//415 415//412
f 736//722 737//723 419//416
f 737//723 738//724 419//416
f 386//383 672//658 387//384
f 387//384 672//658 446//443
f 446//443 389//386 387//384
f 739//725 738//724 414//411
f 740//726 739//725 414//411
f 130//130 427//424 423//420
f 428//425 424//421 136//136
f 424//421 137//137 136//136
f 130//130 424//421 427//424
f 436//433 438//435 433//430
f 426//423 672//658 353//350
f 425//422 431//428 426//423
f 426//423 431//428 443//440
f 450//447 168//167 444//441
f 742//728 674//660 673//659
f 674//660 742//728 675//661
f 675//661 742//728 474//469
f 173//172 472//467 675//661
f 473//468 468//463 676//662
f 677//663 676//662 501//496
f 679//665 678//664 501//496
f 499//494 501//496 498//493
f 498//493 179//178 181//180
f 175//174 481//476 465//460
f 683//669 488//483 493//488
f 484//479 682//668 485//480
f 483//478 681//667 484//479
f 483//478 492//487 681//667
f 743//729 622//610 487//482
f 487//482 489//484 743//729
f 493//488 489//484 683//669
f 684//670 492//487 493//488
f 492//487 685//671 490//485
f 622//610 492//487 483//478
f 686//672 477//472 687//673
f 686//672 688//674 477//472
f 495//490 744//730 494//489
f 496//491 744//730 495//490
f 744//730 496//491 470//465
f 470//465 469//464 473//468
f 473//468 679//665 500//495
f 690//676 685//671 684//670
f 466//461 687//673 476//471
f 502//497 478//473 477//472
f 625//613 503//498 497//492
f 199//198 193//192 504//499
f 437//434 434//431 433//430
f 443//440 449//446 444//441
f 437//434 691//677 434//431
f 449//446 691//677 507//502
f 225//224 228//227 508//503
f 508//503 438//435 440//437
f 511//506 510//505 512//507
f 693//679 460//455 539//532
f 450//447 482//477 224//223
f 520//515 228//227 227//226
f 535//528 527//520 526//519
f 682//668 491//486 745//731
f 486//481 479//474 694//680
f 695//681 486//481 694//680
f 745//731 729//715 619//607
f 745//731 490//485 729//715
f 538//531 688//674 486//481
f 689//675 688//674 540//533
f 703//689 697//683 696//682
f 699//685 637//624 696//682
f 275//273 637//624 700//686
f 700//686 637//624 699//685
f 699//685 698//684 574//563
f 702//688 701//687 641//628
f 263//261 545//538 547//540
f 275//273 700//686 710//696
f 710//696 700//686 574//563
f 698//684 712//698 574//563
f 697//683 705//691 698//684
f 552//545 550//543 549//542
f 747//733 544//537 550//543
f 552//545 555//548 747//733
f 747//733 555//548 544//537
f 554//547 263//261 547//540
f 513//508 708//694 753//739
f 513//508 753//739 524//450
f 263//261 649//635 270//268
f 554//547 571//560 263//261
f 710//696 748//734 275//273
f 276//274 748//734 710//696
f 698//684 705//691 704//690
f 704//690 711//697 698//684
f 712//698 575//564 574//563
f 713//699 573//562 276//274
f 556//549 542//535 543//536
f 711//697 715//701 575//564
f 282//280 573//562 749//735
f 749//735 573//562 576//565
f 717//703 711//697 654//640
f 653//639 716//702 654//640
f 580//569 571//560 554//547
f 592//580 715//701 717//703
f 590//578 578//567 714//700
f 653//639 719//705 716//702
f 596//584 716//702 718//704
f 716//702 719//705 718//704
f 498//493 298//296 680//666
f 180//179 179//178 298//296
f 298//296 179//178 680//666
f 586//575 583//572 709//695
f 590//578 594//582 591//579
f 717//703 596//584 593//581
f 593//581 596//584 595//583
f 580//569 553//546 579//568
f 160//160 626//614 162//162
f 163//162 162//162 626//614
f 156//156 166//165 205//204
f 166//165 156//156 164//163
f 299//297 190//189 156//156
f 190//189 299//297 188//187
f 190//189 165//164 164//163
f 165//164 190//189 189//188
f 216//215 205//204 213//212
f 214//213 213//212 205//204
f 213//212 308//305 217//216
f 308//305 213//212 212//211
f 210//209 236//235 238//162
f 239//237 238//162 236//235
f 201//200 239//237 236//235
f 239//237 201//200 240//238
f 238//162 309//306 241//239
f 309//306 238//162 237//236
f 242//240 632//619 248//246
f 249//247 248//246 632//619
f 215//214 250//248 256//254
f 252//250 256//254 250//248
f 229//228 242//240 266//264
f 248//246 266//264 242//240
f 267//265 256//254 252//250
f 256//254 267//265 265//263
f 272//270 312//309 240//238
f 237//236 240//238 312//309
f 273//271 312//309 272//270
f 312//309 273//271 306//303
f 300//298 189//188 188//187
f 189//188 300//298 301//299
f 299//297 302//228 300//298
f 302//228 299//297 160//160
f 162//162 301//299 302//228
f 301//299 162//162 161//161
f 165//164 212//211 166//165
f 214//213 166//165 212//211
f 217//216 308//305 305//302
f 306//303 305//302 308//305
f 216//215 305//302 206//205
f 307//304 206//205 305//302
f 455//451 453//450 460//455
f 453//450 455//451 451//448
f 455//451 457//453 451//448
f 454//298 451//448 457//453
f 459//450 539//532 453//450
f 460//455 453//450 539//532
f 452//449 454//298 584//573
f 505//500 584//573 454//298
f 515//510 529//522 518//513
f 519//514 518//513 529//522
f 525//518 521//516 528//521
f 523//265 528//521 521//516
f 513//508 524//450 525//518
f 521//516 525//518 524//450
f 529//522 531//524 519//514
f 531//524 529//522 530//523
f 531//524 528//521 532//525
f 528//521 531//524 530//523
f 517//512 532//525 589//577
f 533//526 589//577 532//525
f 541//534 558//551 506//501
f 558//551 541//534 557//550
f 541//534 549//542 557//550
f 559//552 557//550 549//542
f 539//532 560//448 540//533
f 562//298 540//533 560//448
f 549//542 544//537 559//552
f 563//554 559//552 544//537
f 516//511 515//510 565//556
f 566//557 565//556 515//510
f 518//513 564//555 566//557
f 564//555 518//513 517//512
f 249//247 569//559 567//298
f 569//559 249//247 632//619
f 569//559 570//298 567//298
f 570//298 569//559 540//533
f 562//298 247//245 570//298
f 247//245 562//298 561//553
f 561//553 459//450 452//449
f 459//450 561//553 560//448
f 523//265 589//577 533//526
f 589//577 523//265 522//517
f 581//570 584//573 505//500
f 584//573 581//570 585//574
f 585//574 583//572 586//575
f 583//572 585//574 582//571
f 265//263 587//238 544//537
f 587//238 265//263 267//265
f 251//249 310//307 587//238
f 563//554 587//238 310//307
f 210//209 241//239 215//214
f 627//615 215//214 241//239
f 163//162 229//228 630//162
f 229//228 163//162 626//614
f 206//205 273//271 201//200
f 273//271 206//205 307//304
f 627//615 251//249 250//248
f 251//249 627//615 309//306
f 247//245 304//301 266//264
f 647//228 266//264 304//301
f 647//228 304//301 630//162
f 161//161 630//162 304//301
f 457//453 461//456 581//570
f 582//571 581//570 461//456
f 708//694 506//501 558//551
f 506//501 708//694 513//508
f 586//575 565//556 564//555
f 565//556 586//575 709//695
f 310//307 588//576 708//694
f 753//739 708//694 588//576
f 753//739 588//576 524//450
f 522//517 524//450 588//576
f 461//456 516//511 583//572
f 709//695 583//572 516//511
o obj_000004
v -2.400974 -0.789581 -49.779514
v 0.667898 -1.539449 -50.514896
v -1.702703 -3.990449 -47.616230
v 0.832756 -4.236632 -47.441071
v -0.240690 -4.491064 -40.404255
v -0.391017 -3.621407 -36.227745
v 0.275911 -3.734835 -33.989536
v 0.313318 -3.628179 -39.908974
v -2.856529 -1.260557 -31.162865
v -3.084353 -0.432549 -25.731207
v -2.974518 -1.430153 -24.925930
v -2.864924 -2.217538 -22.348604
v -2.746694 -2.258161 -30.357590
v -4.236886 -2.363876 -4.865177
v -4.414349 -0.583852 -12.262053
v -4.108944 -1.319169 -12.460245
v -0.319073 -5.136313 -12.762373
v 0.514261 -5.289948 -4.763995
v -2.665872 -4.299084 -4.914479
v -3.191644 -3.055160 -29.773586
v -3.543691 -3.022723 -12.226494
v -3.613479 -2.089292 -29.818268
v -1.345018 -3.622552 -24.201601
v -1.978468 -2.882470 -31.610939
v -2.113244 -2.998243 -22.948252
v -2.983155 -2.176916 -14.339618
v -3.202342 -0.602145 -19.494272
v -3.255338 0.667953 -12.313625
v -3.362503 -2.726732 -12.345774
v -3.367311 1.015906 -3.250139
v -0.127189 -4.586472 -12.874120
v -3.367300 -2.736953 -3.250120
v -4.762667 -3.970800 -3.720816
v -5.328216 1.333628 -3.540149
v -0.834649 -6.398828 -3.610162
v -0.117924 -4.610778 -3.250206
v -0.731128 1.074882 -49.290947
v -1.439909 1.412348 -47.522785
v -2.585545 -1.841419 -47.988689
v 0.293465 1.887813 -40.780792
v -1.979690 1.307729 -39.592766
v -0.879430 1.712586 -34.600334
v -0.693928 1.987067 -28.100588
v -1.794188 1.582210 -33.093018
v -2.852588 2.076737 -12.290033
v -2.163395 2.247545 -29.478794
v -2.637139 1.922118 -30.045116
v -1.608685 1.856692 -26.593271
v 0.041767 2.214868 -23.223322
v -2.458939 1.063676 -24.020456
v -3.555213 1.835830 -12.393787
v -3.895272 0.534981 -12.301117
v -1.519243 2.043002 -14.518577
v 0.297675 2.553973 -12.563136
v -1.474203 2.418353 -46.667557
v -1.313880 2.731998 -29.472342
v -0.117214 2.648722 -46.139259
v -0.635386 2.847183 -29.208193
v 0.168633 2.872446 -29.359558
v -0.116023 2.891595 -3.253111
v -3.726059 1.851702 -4.861051
v -1.710712 4.381603 -3.482257
v -0.613843 3.436998 -4.749555
v 1.742228 3.133524 -4.737221
v 3.149214 -2.089259 -47.443699
v 3.389864 -0.545212 -47.688229
v 3.037794 -2.689433 -36.621777
v 2.544698 -3.159645 -41.918358
v 3.093504 -2.389346 -42.032738
v 3.603981 -1.212926 -31.552702
v 3.376597 -1.651092 -39.498199
v 3.496922 -0.879069 -39.620464
v 3.365263 -2.255759 -29.975533
v 3.592647 -1.817592 -22.030033
v 2.484517 -1.597958 -39.075645
v 2.278657 -2.582384 -36.238258
v 2.583457 -1.668422 -32.605148
v 2.707448 -3.355275 -24.806339
v 3.010336 -3.035585 -24.557247
v -0.354596 -3.736376 -24.296516
v 0.388480 -3.850405 -24.859142
v -0.467165 -3.620806 -33.426910
v 2.293723 -4.528763 -12.599104
v 0.501049 -3.965974 -15.728746
v 2.553006 -2.649029 -13.042502
v 1.007651 -4.719044 -12.238902
v 2.982879 -3.381737 -12.492719
v 3.855443 -2.705695 -5.012754
v 3.063769 1.018752 -12.213750
v 3.031924 -0.439901 -14.094501
v 3.124244 -2.732024 -11.775229
v 3.918875 -0.401448 -12.273768
v 4.151868 0.399414 -4.783057
v 2.757948 -5.381299 -3.583682
v 3.122756 -2.742648 -3.250189
v 5.453122 -1.879526 -3.460801
v 3.132514 1.006620 -3.250378
v 2.789317 -0.683995 -35.442535
v 2.599326 -0.580394 -41.749279
v 3.427573 -0.318658 -35.265690
v 2.633969 2.051230 -12.615882
v 2.942567 1.313420 -25.797279
v 2.502522 1.839524 -29.921839
v 2.460714 0.259856 -31.240866
v 2.404835 0.452805 -27.460398
v 2.076528 1.167663 -28.692684
v 3.251166 0.575610 -38.978676
v 3.235634 1.005635 -25.403908
v 2.704761 -1.546374 -21.931129
v 2.910472 -0.447451 -22.051540
v 2.583309 -1.553925 -29.888168
v 3.585020 0.087080 -25.626223
v 2.020648 1.360612 -24.912216
v 3.220102 1.435661 -11.829142
v 1.530007 2.798600 -12.339555
v -0.682565 3.526911 -12.273912
v 2.298381 2.741256 -12.428012
v 3.178707 3.550833 -3.477080
v -2.839596 -3.087596 -47.320679
v -3.683267 -1.155861 -47.410042
v -2.201575 -2.740559 -37.236610
v -2.393560 -2.290989 -42.612648
v -2.511959 -1.598786 -41.349052
v -1.705909 -3.123669 -35.050449
v -0.962832 -3.237697 -35.613075
v -2.049932 -4.085173 -29.933867
v -2.397162 -4.179896 -12.251503
v -2.618379 -3.633746 -29.786091
v -1.210242 -3.506778 -32.864288
v -1.249702 -4.422422 -29.804047
v -0.796701 -4.854396 -11.991865
v -0.518695 -4.672730 -26.198059
v -3.251071 0.785191 -47.146717
v -2.421691 1.767498 -47.800198
v -2.822342 -0.457013 -45.461491
v 1.245064 2.379531 -48.694294
v -2.966364 -0.262954 -31.968142
v -2.894353 -0.359983 -38.714817
v -2.473027 0.522388 -35.780453
v -1.153558 3.045644 -12.277127
v -2.784518 -1.357586 -37.909538
v -3.896106 -1.237515 -29.935143
v -3.789269 -0.310440 -29.855579
v -2.287525 0.796869 -29.280706
v -2.712651 0.400361 -27.994299
v -3.051829 1.430964 -29.718376
v -3.573171 0.660085 -29.723917
v 0.454481 3.096169 -12.579856
v 2.051603 -3.629856 -47.214939
v -1.160005 -3.249917 -48.179955
v 0.350725 -3.521524 -45.828415
v 1.442963 -2.510785 -48.913136
v 2.179717 -2.511920 -42.708755
v 2.409335 -0.476794 -48.056023
v 3.309553 -2.555846 -24.564571
v 2.214353 -3.825487 -30.102921
v 2.377102 -4.021117 -12.990901
v 1.604929 -4.128873 -30.215986
v 2.377598 -2.652847 -29.767759
v 1.439323 -3.309411 -22.748253
v 2.465302 -2.650938 -21.405130
v 0.920203 -4.477838 -29.839987
v -1.479795 -3.738326 -15.538914
v 1.597584 1.352352 -46.363556
v 2.371076 1.627818 -47.227795
v 2.132407 0.974714 -32.473152
v 1.212936 1.431264 -36.626972
v 1.864996 1.163533 -39.418354
v 0.849772 2.737850 -30.637075
v 0.257147 2.002627 -35.194347
v 1.176618 1.546078 -31.040527
v 1.939516 2.215381 -30.655088
v 1.387536 2.589067 -30.516924
v -2.474134 -2.499360 -33.797100
v 1.326755 -3.193841 -31.878647
v 1.227814 -3.123377 -38.349144
v 3.761427 -0.807187 -21.913235
v 3.581312 -2.422259 -12.507365
v 2.193450 0.334178 -40.903046
v 2.460862 0.145359 -33.957844
v 1.120739 1.739027 -27.260059
v 0.220829 2.117442 -29.607904
v -1.680790 -2.995238 -42.708282
v -1.057945 -3.507981 -38.465958
v -1.629760 -3.124270 -37.851284
v 0.383480 -4.605054 -26.321579
v 2.255002 -0.839067 -31.120457
v 2.789021 -0.455002 -30.008579
vn -0.5619 0.0178 -0.8270
vn 0.2122 -0.1955 -0.9575
vn -0.3655 -0.8451 -0.3903
vn 0.2062 -0.9127 -0.3527
vn -0.0539 -0.9984 -0.0179
vn 0.2993 0.9533 -0.0409
vn -0.1329 0.9905 0.0351
vn -0.2065 0.9783 0.0163
vn 0.9924 0.1218 0.0156
vn 0.9904 -0.1374 0.0150
vn 0.9879 0.1543 0.0179
vn 0.8904 0.4550 0.0108
vn 0.8798 0.4750 0.0188
vn -0.8980 -0.2312 -0.3742
vn -0.8613 0.0374 -0.5067
vn -0.9728 -0.2010 -0.1148
vn -0.2282 -0.2709 -0.9352
vn 0.1714 -0.9007 -0.3993
vn -0.5129 -0.7712 -0.3771
vn -0.8272 -0.5617 -0.0156
vn -0.8486 -0.5280 -0.0313
vn -0.9332 -0.3591 -0.0153
vn 0.4003 0.9162 0.0185
vn 0.6381 0.7700 0.0076
vn 0.6875 0.7260 0.0137
vn 0.9358 0.3274 0.1310
vn 0.9984 -0.0484 0.0299
vn 0.9079 -0.4172 0.0412
vn 0.8789 0.4690 0.0869
vn 0.3946 -0.2287 0.8899
vn -0.0292 0.9974 0.0664
vn 0.3491 0.2021 0.9150
vn -0.8146 -0.5374 0.2184
vn -0.9071 0.3224 0.2704
vn -0.1560 -0.9552 0.2516
vn -0.0014 0.4344 0.9007
vn 0.1754 -0.5656 0.8058
vn 0.5175 -0.8216 0.2392
vn 0.8348 0.2418 0.4945
vn -0.0875 -0.9961 0.0087
vn 0.6210 -0.7836 0.0190
vn 0.2282 -0.9732 0.0286
vn 0.0627 -0.9969 -0.0481
vn 0.5663 -0.8240 0.0186
vn -0.3321 0.2125 -0.9190
vn -0.5253 0.8508 -0.0126
vn -0.6688 0.7433 -0.0146
vn 0.4106 -0.9118 0.0008
vn -0.0158 -0.9986 0.0511
vn 0.7407 -0.6718 -0.0076
vn -0.5236 0.4467 -0.7255
vn -0.5332 0.1644 -0.8298
vn 0.4505 -0.8924 0.0262
vn -0.1460 -0.9887 0.0352
vn -0.3301 0.9357 -0.1246
vn -0.3335 0.9427 -0.0141
vn -0.0082 0.9984 -0.0551
vn -0.0977 0.9951 -0.0147
vn 0.0659 0.9977 -0.0144
vn 0.0064 -0.4570 0.8894
vn -0.7348 0.5798 -0.3521
vn -0.2656 0.9149 0.3042
vn -0.1038 0.9327 -0.3455
vn 0.3856 0.8621 -0.3289
vn 0.8629 -0.3884 -0.3234
vn 0.9206 0.1095 -0.3749
vn 0.8381 -0.5453 -0.0153
vn 0.7907 -0.6119 -0.0193
vn 0.8575 -0.5142 -0.0197
vn 0.9975 -0.0682 -0.0173
vn 0.9795 -0.2005 -0.0170
vn 0.9999 0.0062 -0.0130
vn 0.9385 -0.3450 -0.0149
vn 0.9789 -0.2038 -0.0118
vn -0.9741 0.2248 0.0252
vn -0.7896 0.6133 0.0188
vn -0.9973 0.0472 -0.0560
vn 0.7505 -0.6606 -0.0162
vn 0.7941 -0.6076 -0.0156
vn 0.1376 0.9904 0.0128
vn -0.1720 0.9850 0.0146
vn 0.1980 0.9782 0.0632
vn 0.4310 -0.7816 -0.4508
vn -0.2580 0.9638 0.0667
vn -0.8273 0.5306 0.1844
vn -0.0028 -0.0379 -0.9993
vn 0.8342 -0.5476 -0.0644
vn 0.8261 -0.4497 -0.3396
vn -0.8689 -0.4936 0.0384
vn -0.9973 0.0731 0.0023
vn -0.8656 0.4702 0.1719
vn 0.9945 0.1001 -0.0305
vn 0.9125 0.3221 -0.2522
vn 0.5286 -0.8028 0.2759
vn -0.4066 0.2049 0.8903
vn 0.9367 -0.1412 0.3204
vn -0.3845 -0.2295 0.8941
vn -0.9966 -0.0821 0.0013
vn -0.9926 -0.1182 0.0280
vn 0.9901 0.1394 -0.0135
vn 0.7179 0.6728 -0.1787
vn 0.7779 0.6281 -0.0169
vn 0.7026 0.7114 -0.0140
vn -0.9744 -0.1055 0.1984
vn -0.9097 -0.4152 0.0107
vn -0.7315 -0.6814 0.0240
vn 0.9236 0.3833 -0.0119
vn 0.8504 0.5259 -0.0157
vn -0.9795 0.2010 0.0125
vn -0.9921 -0.1249 0.0153
vn -0.9606 0.2009 0.1923
vn 0.9717 0.2355 -0.0157
vn -0.6446 -0.7636 0.0374
vn 0.8718 0.4876 -0.0476
vn 0.1993 0.4830 -0.8526
vn -0.1666 0.8232 -0.5427
vn 0.4100 0.6941 -0.5917
vn 0.5841 0.7539 0.3009
vn -0.7642 -0.5832 -0.2754
vn -0.9617 -0.0908 -0.2587
vn 0.7365 0.6765 0.0039
vn 0.8799 0.4751 0.0083
vn 0.9522 0.3053 0.0129
vn 0.4419 0.8953 0.0567
vn 0.3626 0.9319 0.0087
vn -0.5104 -0.8598 -0.0146
vn -0.5673 -0.8230 -0.0302
vn -0.6686 -0.7435 -0.0147
vn 0.4012 0.9156 0.0268
vn -0.3176 -0.9481 -0.0149
vn 0.3883 -0.0285 -0.9211
vn -0.0879 -0.9960 -0.0145
vn -0.8887 0.4147 -0.1956
vn -0.5731 0.7076 -0.4133
vn 0.9776 -0.1979 0.0716
vn 0.3026 0.7644 -0.5694
vn 0.9747 -0.2231 0.0095
vn 0.9822 -0.1875 0.0132
vn 0.8626 -0.5059 0.0074
vn -0.1538 0.5795 -0.8004
vn 0.9641 0.2644 0.0267
vn -0.9946 -0.1030 -0.0126
vn -0.9857 0.1677 -0.0140
vn 0.8079 -0.5886 0.0280
vn 0.8533 -0.5205 0.0324
vn -0.7995 0.6005 -0.0131
vn -0.9178 0.3967 -0.0141
vn 0.1856 0.9710 -0.1509
vn 0.6230 -0.7271 -0.2883
vn 0.3245 0.7735 0.5444
vn -0.2290 0.9706 0.0740
vn -0.4763 0.5154 0.7124
vn -0.8114 0.5835 0.0343
vn -0.8668 -0.1741 0.4673
vn 0.8736 -0.4865 -0.0143
vn 0.6209 -0.7838 -0.0149
vn 0.6251 -0.7429 -0.2394
vn 0.4477 -0.8941 -0.0145
vn -0.8244 0.5647 0.0384
vn -0.5152 0.8570 0.0113
vn -0.8218 0.5697 0.0085
vn 0.2983 -0.9544 -0.0146
vn 0.4663 0.8807 0.0833
vn -0.5572 -0.8141 0.1638
vn 0.7696 0.6213 -0.1473
vn -0.8113 -0.5847 0.0030
vn -0.4550 -0.8905 0.0029
vn -0.7097 -0.7045 0.0082
vn 0.2175 0.9760 -0.0146
vn -0.1293 -0.9914 0.0195
vn -0.4835 -0.8749 0.0263
vn 0.5631 0.8263 -0.0142
vn 0.4191 0.9078 -0.0137
vn 0.7918 0.6105 0.0199
vn -0.4844 0.8747 0.0170
vn -0.4919 0.8705 0.0147
vn 0.9995 -0.0274 -0.0152
vn 0.9356 -0.3518 -0.0289
vn -0.9103 -0.4133 0.0223
vn -0.9568 -0.2861 -0.0519
vn -0.2793 -0.9590 -0.0475
vn -0.1427 -0.9897 0.0101
vn 0.6393 0.7685 0.0251
vn 0.3522 0.9359 -0.0032
vn 0.5256 0.8497 -0.0415
vn 0.1072 -0.9942 -0.0128
vn -0.9919 0.0258 0.1245
vn -0.9883 -0.0583 0.1409
usemtl Default_OBJ.001
s 1
f 754//740 755//741 756//742
f 756//742 757//743 758//744
f 759//745 760//746 761//747
f 762//748 763//749 764//750
f 765//751 766//752 764//750
f 767//753 768//754 769//755
f 770//756 771//757 772//758
f 773//759 774//760 775//761
f 776//762 777//763 778//764
f 774//760 772//758 767//753
f 779//765 780//766 781//767
f 782//768 781//767 783//769
f 784//770 782//768 785//771
f 767//753 786//772 787//773
f 786//772 785//771 787//773
f 786//772 772//758 788//774
f 788//774 785//771 786//772
f 788//774 789//775 785//771
f 782//768 783//769 785//771
f 785//771 789//775 784//770
f 790//776 791//777 792//778
f 791//777 793//779 794//780
f 795//781 796//782 797//783
f 798//784 799//785 800//786
f 801//787 802//788 803//789
f 768//754 804//790 805//791
f 806//792 802//788 807//793
f 808//794 799//785 809//795
f 810//796 811//797 812//798
f 781//767 806//792 783//769
f 806//792 807//793 813//799
f 768//754 767//753 814//800
f 787//773 814//800 767//753
f 783//769 806//792 813//799
f 787//773 785//771 783//769
f 783//769 815//801 787//773
f 783//769 813//799 815//801
f 787//773 815//801 814//800
f 814//800 815//801 816//802
f 816//802 815//801 817//803
f 818//804 755//741 819//805
f 820//806 821//807 822//808
f 823//809 824//810 825//811
f 826//812 824//810 827//813
f 828//814 829//815 830//816
f 831//817 820//806 832//818
f 833//819 834//820 835//821
f 770//756 836//822 771//757
f 837//823 784//770 838//824
f 770//756 839//825 836//822
f 836//822 840//826 841//827
f 838//824 842//828 843//829
f 784//770 844//830 838//824
f 841//827 845//831 846//832
f 788//774 847//833 789//775
f 789//775 847//833 848//834
f 788//774 771//757 847//833
f 848//834 847//833 849//835
f 842//828 844//830 850//836
f 784//770 848//834 844//830
f 844//830 848//834 850//836
f 848//834 849//835 850//836
f 847//833 841//827 849//835
f 851//837 852//838 828//814
f 823//809 825//811 853//839
f 854//840 855//841 856//842
f 857//843 858//844 859//845
f 860//846 855//841 861//847
f 862//848 863//849 864//850
f 865//851 860//846 861//847
f 866//852 843//829 842//828
f 813//799 807//793 842//828
f 846//832 845//831 867//853
f 868//854 869//855 870//856
f 850//836 871//857 813//799
f 813//799 871//857 815//801
f 817//803 815//801 871//857
f 846//832 871//857 849//835
f 850//836 849//835 871//857
f 754//740 872//858 873//859
f 755//741 757//743 756//742
f 874//860 875//861 876//862
f 877//863 835//821 878//864
f 879//865 880//866 881//867
f 773//759 872//858 881//867
f 778//764 766//752 765//751
f 882//868 776//762 833//819
f 782//768 779//765 781//767
f 879//865 756//742 883//869
f 884//870 883//869 885//871
f 772//758 880//866 770//756
f 788//774 772//758 771//757
f 786//772 767//753 772//758
f 754//740 873//859 886//872
f 886//872 887//873 754//740
f 888//874 792//778 791//777
f 754//740 887//873 889//875
f 890//876 891//877 892//878
f 809//795 893//879 811//797
f 891//877 762//748 894//880
f 873//859 895//881 896//882
f 890//876 897//883 898//884
f 798//784 800//786 899//885
f 768//754 805//791 769//755
f 804//790 768//754 814//800
f 899//885 886//872 900//886
f 869//855 893//879 804//790
f 893//879 869//855 901//887
f 869//855 814//800 816//802
f 757//743 755//741 902//888
f 903//889 904//890 905//891
f 755//741 818//804 902//888
f 905//891 906//892 907//893
f 826//812 908//894 822//808
f 909//895 910//896 911//897
f 912//898 913//899 914//900
f 757//743 911//897 915//901
f 884//870 839//825 770//756
f 916//902 784//770 837//823
f 771//757 836//822 841//827
f 847//833 771//757 841//827
f 849//835 841//827 846//832
f 790//776 907//893 917//903
f 819//805 889//875 918//904
f 791//777 917//903 793//779
f 919//905 920//906 921//907
f 812//798 901//887 922//908
f 918//904 860//846 819//805
f 923//909 920//906 924//910
f 925//911 889//875 926//912
f 842//828 802//788 866//852
f 926//912 889//875 922//908
f 867//853 854//840 870//856
f 867//853 870//856 846//832
f 846//832 870//856 817//803
f 842//828 850//836 813//799
f 871//857 846//832 817//803
f 817//803 870//856 869//855
f 903//889 790//776 792//778
f 777//763 877//863 927//913
f 755//741 754//740 889//875
f 791//777 794//780 888//874
f 892//878 797//783 897//883
f 806//792 781//767 803//789
f 893//879 798//784 804//790
f 814//800 869//855 804//790
f 831//817 909//895 821//807
f 928//914 829//815 929//915
f 823//809 930//916 827//813
f 913//899 928//914 834//820
f 839//825 910//896 836//822
f 841//827 840//826 931//917
f 784//770 789//775 848//834
f 921//907 932//918 933//919
f 851//837 932//918 852//838
f 934//920 924//910 859//845
f 796//782 935//921 934//920
f 756//742 872//858 754//740
f 903//889 905//891 790//776
f 875//861 874//860 936//922
f 894//880 927//913 876//862
f 903//889 937//923 904//890
f 874//860 938//924 936//922
f 759//745 938//924 878//864
f 774//760 880//866 772//758
f 774//760 767//753 769//755
f 873//859 775//761 895//881
f 770//756 880//866 884//870
f 916//902 779//765 782//768
f 784//770 916//902 782//768
f 887//873 808//794 889//875
f 889//875 808//794 810//796
f 805//791 900//886 896//882
f 935//921 795//781 923//909
f 890//876 898//884 763//749
f 802//788 806//792 803//789
f 780//766 803//789 781//767
f 798//784 805//791 804//790
f 906//892 905//891 904//890
f 761//747 760//746 929//915
f 915//901 839//825 939//925
f 758//744 939//925 885//871
f 912//898 914//900 862//848
f 832//818 820//806 908//894
f 910//896 840//826 836//822
f 931//917 845//831 841//827
f 844//830 842//828 838//824
f 905//891 907//893 790//776
f 755//741 889//875 819//805
f 791//777 790//776 917//903
f 930//916 853//839 865//851
f 933//919 830//816 940//926
f 864//850 857//843 940//926
f 925//911 854//840 856//842
f 866//852 802//788 801//787
f 941//927 863//849 858//844
f 842//828 807//793 802//788
f 869//855 868//854 901//887
f 854//840 868//854 870//856
f 869//855 816//802 817//803
f 937//923 761//747 904//890
f 761//747 937//923 759//745
f 766//752 762//748 764//750
f 762//748 890//876 763//749
f 764//750 763//749 780//766
f 779//765 765//751 780//766
f 764//750 780//766 765//751
f 872//858 775//761 873//859
f 775//761 872//858 773//759
f 916//902 776//762 778//764
f 776//762 882//868 777//763
f 778//764 777//763 766//752
f 794//780 795//781 797//783
f 795//781 935//921 796//782
f 797//783 796//782 801//787
f 808//794 800//786 799//785
f 800//786 808//794 887//873
f 798//784 893//879 799//785
f 809//795 799//785 893//879
f 893//879 901//887 811//797
f 812//798 811//797 901//887
f 821//807 902//888 822//808
f 818//804 822//808 902//888
f 818//804 825//811 824//810
f 825//811 818//804 819//805
f 931//917 826//812 827//813
f 826//812 818//804 824//810
f 827//813 824//810 823//809
f 851//837 828//814 830//816
f 828//814 906//892 829//815
f 830//816 829//815 912//898
f 910//896 832//818 840//826
f 832//818 910//896 831//817
f 882//868 833//819 835//821
f 833//819 837//823 834//820
f 835//821 834//820 760//746
f 907//893 906//892 852//838
f 828//814 852//838 906//892
f 825//811 860//846 853//839
f 860//846 825//811 819//805
f 860//846 856//842 855//841
f 856//842 860//846 918//904
f 919//905 857//843 859//845
f 857//843 941//927 858//844
f 859//845 858//844 866//852
f 855//841 854//840 861//847
f 867//853 861//847 854//840
f 912//898 862//848 864//850
f 862//848 843//829 863//849
f 864//850 863//849 941//927
f 845//831 861//847 867//853
f 861//847 845//831 865//851
f 875//861 888//874 876//862
f 888//874 875//861 792//778
f 874//860 877//863 878//864
f 877//863 882//868 835//821
f 878//864 835//821 760//746
f 756//742 879//865 872//858
f 881//867 872//858 879//865
f 774//760 773//759 880//866
f 881//867 880//866 773//759
f 916//902 765//751 779//765
f 765//751 916//902 778//764
f 776//762 837//823 833//819
f 837//823 776//762 916//902
f 880//866 883//869 884//870
f 883//869 880//866 879//865
f 883//869 758//744 885//871
f 758//744 883//869 756//742
f 891//877 794//780 892//878
f 794//780 891//877 888//874
f 808//794 809//795 810//796
f 811//797 810//796 809//795
f 888//874 891//877 894//880
f 891//877 890//876 762//748
f 894//880 762//748 766//752
f 769//755 896//882 895//881
f 896//882 769//755 805//791
f 897//883 801//787 898//884
f 803//789 898//884 801//787
f 800//786 886//872 899//885
f 886//872 800//786 887//873
f 798//784 899//885 805//791
f 900//886 805//791 899//885
f 818//804 826//812 822//808
f 826//812 931//917 908//894
f 822//808 908//894 820//806
f 902//888 911//897 757//743
f 911//897 902//888 909//895
f 837//823 914//900 913//899
f 914//900 837//823 838//824
f 911//897 910//896 915//901
f 839//825 915//901 910//896
f 920//906 793//779 921//907
f 917//903 921//907 793//779
f 810//796 922//908 889//875
f 922//908 810//796 812//798
f 935//921 923//909 924//910
f 923//909 793//779 920//906
f 924//910 920//906 919//905
f 854//840 926//912 868//854
f 926//912 854//840 925//911
f 868//854 926//912 901//887
f 922//908 901//887 926//912
f 766//752 777//763 927//913
f 777//763 882//868 877//863
f 927//913 877//863 874//860
f 890//876 892//878 897//883
f 892//878 794//780 797//783
f 897//883 797//783 801//787
f 820//806 831//817 821//807
f 831//817 910//896 909//895
f 821//807 909//895 902//888
f 760//746 928//914 929//915
f 928//914 912//898 829//815
f 929//915 829//815 906//892
f 845//831 931//917 930//916
f 827//813 930//916 931//917
f 837//823 913//899 834//820
f 913//899 912//898 928//914
f 834//820 928//914 760//746
f 919//905 921//907 933//919
f 921//907 917//903 932//918
f 933//919 932//918 851//837
f 917//903 852//838 932//918
f 852//838 917//903 907//893
f 866//852 934//920 859//845
f 934//920 935//921 924//910
f 859//845 924//910 919//905
f 801//787 934//920 866//852
f 934//920 801//787 796//782
f 792//778 936//922 903//889
f 936//922 792//778 875//861
f 888//874 894//880 876//862
f 894//880 766//752 927//913
f 876//862 927//913 874//860
f 937//923 936//922 938//924
f 936//922 937//923 903//889
f 760//746 759//745 878//864
f 759//745 937//923 938//924
f 878//864 938//924 874//860
f 774//760 769//755 775//761
f 895//881 775//761 769//755
f 900//886 886//872 896//882
f 873//859 896//882 886//872
f 795//781 794//780 923//909
f 793//779 923//909 794//780
f 803//789 763//749 898//884
f 763//749 803//789 780//766
f 904//890 761//747 906//892
f 929//915 906//892 761//747
f 757//743 915//901 758//744
f 939//925 758//744 915//901
f 939//925 839//825 885//871
f 884//870 885//871 839//825
f 914//900 843//829 862//848
f 843//829 914//900 838//824
f 840//826 832//818 931//917
f 908//894 931//917 832//818
f 845//831 930//916 865//851
f 930//916 823//809 853//839
f 865//851 853//839 860//846
f 919//905 933//919 940//926
f 933//919 851//837 830//816
f 940//926 830//816 912//898
f 912//898 864//850 940//926
f 864//850 941//927 857//843
f 940//926 857//843 919//905
f 889//875 925//911 918//904
f 856//842 918//904 925//911
f 863//849 866//852 858//844
f 866//852 863//849 843//829
