####
#
# OBJ File Generated by Meshlab
#
####
# Object obj_000013.obj
#
# Vertices: 6240
# Faces: 2084
#
####
vn -0.009903 -0.514458 0.857458
v 7.407631 -11.630569 16.897408
vn -0.009903 -0.514458 0.857458
v 7.410174 -11.585735 16.924337
vn -0.009903 -0.514458 0.857458
v -0.089491 -11.428085 16.932304
vn -0.000148 -0.111412 0.993774
v 7.449040 -11.311821 17.028666
vn -0.000148 -0.111412 0.993774
v 7.466274 -11.106290 17.051710
vn -0.000148 -0.111412 0.993774
v -0.077460 -10.929303 17.070429
vn -0.004584 -0.266774 0.963748
v -0.089491 -11.428085 16.932304
vn -0.004584 -0.266774 0.963748
v 7.410174 -11.585735 16.924337
vn -0.004584 -0.266774 0.963748
v -0.077460 -10.929303 17.070429
vn -0.016608 -0.393960 0.918978
v -0.077460 -10.929303 17.070429
vn -0.016608 -0.393960 0.918978
v 7.410174 -11.585735 16.924337
vn -0.016608 -0.393960 0.918978
v 7.436422 -11.396578 17.005901
vn -0.007767 -0.258294 0.966035
v -0.077460 -10.929303 17.070429
vn -0.007767 -0.258294 0.966035
v 7.436422 -11.396578 17.005901
vn -0.007767 -0.258294 0.966035
v 7.449040 -11.311821 17.028666
vn -0.013493 -0.632995 0.774038
v 7.407631 -11.630569 16.897408
vn -0.013493 -0.632995 0.774038
v -0.089491 -11.428085 16.932304
vn -0.013493 -0.632995 0.774038
v 7.402783 -11.820519 16.741985
vn -0.019537 -0.712937 0.700956
v 7.402783 -11.820519 16.741985
vn -0.019537 -0.712937 0.700956
v -0.089491 -11.428085 16.932304
vn -0.019537 -0.712937 0.700956
v -0.098925 -11.790657 16.563272
vn -0.017369 -0.803685 0.594802
v 7.402783 -11.820519 16.741985
vn -0.017369 -0.803685 0.594802
v -0.098925 -11.790657 16.563272
vn -0.017369 -0.803685 0.594802
v 7.398889 -11.966553 16.544554
vn -0.020800 -0.926605 0.375460
v 7.398889 -11.966553 16.544554
vn -0.020800 -0.926605 0.375460
v -0.098925 -11.790657 16.563272
vn -0.020800 -0.926605 0.375460
v 7.396045 -12.064446 16.302801
vn -0.026629 -0.967650 0.250886
v 7.396045 -12.064446 16.302801
vn -0.026629 -0.967650 0.250886
v -0.098925 -11.790657 16.563272
vn -0.026629 -0.967650 0.250886
v -0.103177 -11.920457 16.062193
vn -0.022999 -0.992128 0.123101
v 7.396045 -12.064446 16.302801
vn -0.022999 -0.992128 0.123101
v -0.103177 -11.920457 16.062193
vn -0.022999 -0.992128 0.123101
v 7.394635 -12.096592 16.043463
vn -0.023557 -0.990054 -0.138703
v 7.321715 -11.828876 -16.055059
vn -0.023557 -0.990054 -0.138703
v -0.176168 -11.653106 -16.036287
vn -0.023557 -0.990054 -0.138703
v 7.321914 -11.792678 -16.313477
vn -0.027789 -0.963407 -0.266600
v 7.321914 -11.792678 -16.313477
vn -0.027789 -0.963407 -0.266600
v -0.176168 -11.653106 -16.036287
vn -0.027789 -0.963407 -0.266600
v -0.174162 -11.515100 -16.535206
vn -0.022560 -0.920619 -0.389811
v 7.321914 -11.792678 -16.313477
vn -0.022560 -0.920619 -0.389811
v -0.174162 -11.515100 -16.535206
vn -0.022560 -0.920619 -0.389811
v 7.323703 -11.691011 -16.553684
vn -0.020108 -0.793089 -0.608774
v 7.323703 -11.691011 -16.553684
vn -0.020108 -0.793089 -0.608774
v -0.174162 -11.515100 -16.535206
vn -0.020108 -0.793089 -0.608774
v 7.326768 -11.541425 -16.748663
vn -0.022749 -0.700800 -0.712995
v 7.326768 -11.541425 -16.748663
vn -0.022749 -0.700800 -0.712995
v -0.174162 -11.515100 -16.535206
vn -0.022749 -0.700800 -0.712995
v -0.166414 -11.145856 -16.898380
vn -0.017019 -0.619449 -0.784853
v 7.326768 -11.541425 -16.748663
vn -0.017019 -0.619449 -0.784853
v -0.166414 -11.145856 -16.898380
vn -0.017019 -0.619449 -0.784853
v 7.330894 -11.348695 -16.900866
vn -0.004716 -0.095150 -0.995452
v 7.388966 -10.821914 -17.046864
vn -0.004716 -0.095150 -0.995452
v 7.371723 -11.027990 -17.027084
vn -0.004716 -0.095150 -0.995452
v -0.154970 -10.645179 -17.028019
vn -0.012257 -0.243354 -0.969860
v -0.154970 -10.645179 -17.028019
vn -0.012257 -0.243354 -0.969860
v 7.371723 -11.027990 -17.027084
vn -0.012257 -0.243354 -0.969860
v 7.359182 -11.112898 -17.005621
vn -0.012698 -0.250367 -0.968068
v -0.154970 -10.645179 -17.028019
vn -0.012698 -0.250367 -0.968068
v 7.359182 -11.112898 -17.005621
vn -0.012698 -0.250367 -0.968068
v -0.166414 -11.145856 -16.898380
vn -0.011514 -0.380185 -0.924839
v -0.166414 -11.145856 -16.898380
vn -0.011514 -0.380185 -0.924839
v 7.359182 -11.112898 -17.005621
vn -0.011514 -0.380185 -0.924839
v 7.333303 -11.303634 -16.926889
vn -0.013802 -0.499526 -0.866189
v -0.166414 -11.145856 -16.898380
vn -0.013802 -0.499526 -0.866189
v 7.333303 -11.303634 -16.926889
vn -0.013802 -0.499526 -0.866189
v 7.330894 -11.348695 -16.900866
vn -0.023505 -0.999689 -0.008284
v 7.394635 -12.096592 16.043463
vn -0.023505 -0.999689 -0.008284
v -0.103177 -11.920457 16.062193
vn -0.023505 -0.999689 -0.008284
v 7.321715 -11.828876 -16.055059
vn -0.023456 -0.999691 -0.008273
v 7.321715 -11.828876 -16.055059
vn -0.023456 -0.999691 -0.008273
v -0.103177 -11.920457 16.062193
vn -0.023456 -0.999691 -0.008273
v -0.176168 -11.653106 -16.036287
vn -0.023475 -0.999690 -0.008289
v 30.315302 -12.368509 -16.111797
vn -0.023475 -0.999690 -0.008289
v 36.813511 -12.520968 -16.127831
vn -0.023475 -0.999690 -0.008289
v 30.320707 -12.388417 -13.726111
vn -0.023470 -0.999690 -0.008275
v 30.320707 -12.388417 -13.726111
vn -0.023470 -0.999690 -0.008275
v 36.813511 -12.520968 -16.127831
vn -0.023470 -0.999690 -0.008275
v 36.833431 -12.594983 -7.242392
vn -0.023481 -0.999690 -0.008248
v 36.866219 -12.714438 7.085439
vn -0.023481 -0.999690 -0.008248
v 36.886200 -12.788216 15.970923
vn -0.023481 -0.999690 -0.008248
v 30.382826 -12.615911 13.601253
vn -0.023465 -0.999690 -0.008293
v 30.382826 -12.615911 13.601253
vn -0.023465 -0.999690 -0.008293
v 36.886200 -12.788216 15.970923
vn -0.023465 -0.999690 -0.008293
v 30.388231 -12.635829 15.986937
vn 0.002269 -0.008331 0.999963
v 7.560328 -7.107538 17.084911
vn 0.002269 -0.008331 0.999963
v 9.013776 -7.141575 17.081329
vn 0.002269 -0.008331 0.999963
v 9.251859 2.995044 17.165245
vn 0.002254 -0.008329 0.999963
v 9.251859 2.995044 17.165245
vn 0.002254 -0.008329 0.999963
v 0.254422 3.206207 17.187283
vn 0.002254 -0.008329 0.999963
v 7.560328 -7.107538 17.084911
vn 0.002461 -0.008182 0.999964
v 7.560328 -7.107538 17.084911
vn 0.002461 -0.008182 0.999964
v 0.254422 3.206207 17.187283
vn 0.002461 -0.008182 0.999964
v -0.695680 3.118493 17.188904
vn 0.002263 -0.008342 0.999963
v 7.560328 -7.107538 17.084911
vn 0.002263 -0.008342 0.999963
v -0.695680 3.118493 17.188904
vn 0.002263 -0.008342 0.999963
v -1.600466 2.815631 17.188425
vn 0.002361 -0.007675 0.999968
v -0.713725 -5.669563 17.115480
vn 0.002361 -0.007675 0.999968
v -0.593251 -6.083904 17.112017
vn 0.002361 -0.007675 0.999968
v 7.560328 -7.107538 17.084911
vn 0.002286 -0.008328 0.999963
v -0.077460 -10.929303 17.070429
vn 0.002286 -0.008328 0.999963
v 7.466274 -11.106290 17.051710
vn 0.002286 -0.008328 0.999963
v -0.026195 -8.747928 17.088478
vn 0.002277 -0.008356 0.999963
v -0.026195 -8.747928 17.088478
vn 0.002277 -0.008356 0.999963
v 7.466274 -11.106290 17.051710
vn 0.002277 -0.008356 0.999963
v 7.560328 -7.107538 17.084911
vn 0.002194 -0.007973 0.999966
v -0.026195 -8.747928 17.088478
vn 0.002194 -0.007973 0.999966
v 7.560328 -7.107538 17.084911
vn 0.002194 -0.007973 0.999966
v -0.074206 -8.148412 17.093365
vn 0.002382 -0.008367 0.999962
v -3.893102 -0.076289 17.169565
vn 0.002382 -0.008367 0.999962
v -3.981597 -1.026197 17.161827
vn 0.002382 -0.008367 0.999962
v -3.589506 0.828228 17.176411
vn 0.002688 -0.008432 0.999961
v -3.589506 0.828228 17.176411
vn 0.002688 -0.008432 0.999961
v -3.981597 -1.026197 17.161827
vn 0.002688 -0.008432 0.999961
v -3.086839 1.639259 17.181898
vn 0.002251 -0.008318 0.999963
v -3.850243 -1.971227 17.153671
vn 0.002251 -0.008318 0.999963
v -1.600466 2.815631 17.188425
vn 0.002251 -0.008318 0.999963
v -3.981597 -1.026197 17.161827
vn 0.002232 -0.008306 0.999963
v -3.981597 -1.026197 17.161827
vn 0.002232 -0.008306 0.999963
v -1.600466 2.815631 17.188425
vn 0.002232 -0.008306 0.999963
v -2.411853 2.313713 17.186066
vn 0.002028 -0.008210 0.999964
v -3.981597 -1.026197 17.161827
vn 0.002028 -0.008210 0.999964
v -2.411853 2.313713 17.186066
vn 0.002028 -0.008210 0.999964
v -3.086839 1.639259 17.181898
vn 0.002273 -0.008371 0.999962
v -0.593251 -6.083904 17.112017
vn 0.002273 -0.008371 0.999962
v -0.330092 -7.079603 17.103083
vn 0.002273 -0.008371 0.999962
v 7.560328 -7.107538 17.084911
vn 0.002273 -0.008359 0.999963
v 7.560328 -7.107538 17.084911
vn 0.002273 -0.008359 0.999963
v -0.330092 -7.079603 17.103083
vn 0.002273 -0.008359 0.999963
v -0.230041 -7.467268 17.099615
vn 0.002287 -0.008654 0.999960
v 7.560328 -7.107538 17.084911
vn 0.002287 -0.008654 0.999960
v -0.230041 -7.467268 17.099615
vn 0.002287 -0.008654 0.999960
v -0.074206 -8.148412 17.093365
vn 0.002595 -0.008479 0.999961
v -3.850243 -1.971227 17.153671
vn 0.002595 -0.008479 0.999961
v -3.506078 -2.860960 17.145233
vn 0.002595 -0.008479 0.999961
v -1.600466 2.815631 17.188425
vn 0.002245 -0.008362 0.999963
v -1.600466 2.815631 17.188425
vn 0.002245 -0.008362 0.999963
v -3.506078 -2.860960 17.145233
vn 0.002245 -0.008362 0.999963
v -2.967200 -3.648432 17.137438
vn 0.001992 -0.008309 0.999964
v -1.600466 2.815631 17.188425
vn 0.001992 -0.008309 0.999964
v -2.967200 -3.648432 17.137438
vn 0.001992 -0.008309 0.999964
v -2.262367 -4.291611 17.130690
vn 0.002539 -0.008359 0.999962
v -2.262367 -4.291611 17.130690
vn 0.002539 -0.008359 0.999962
v -1.429158 -4.756260 17.124691
vn 0.002539 -0.008359 0.999962
v -1.600466 2.815631 17.188425
vn 0.002204 -0.008367 0.999963
v -1.600466 2.815631 17.188425
vn 0.002204 -0.008367 0.999963
v -1.429158 -4.756260 17.124691
vn 0.002204 -0.008367 0.999963
v -0.936713 -4.925070 17.122192
vn 0.002239 -0.008364 0.999963
v -1.600466 2.815631 17.188425
vn 0.002239 -0.008364 0.999963
v -0.936713 -4.925070 17.122192
vn 0.002239 -0.008364 0.999963
v 7.560328 -7.107538 17.084911
vn 0.001686 -0.010518 0.999943
v 7.560328 -7.107538 17.084911
vn 0.001686 -0.010518 0.999943
v -0.936713 -4.925070 17.122192
vn 0.001686 -0.010518 0.999943
v -0.931172 -4.943662 17.121988
vn 0.002254 -0.008287 0.999963
v 7.560328 -7.107538 17.084911
vn 0.002254 -0.008287 0.999963
v -0.931172 -4.943662 17.121988
vn 0.002254 -0.008287 0.999963
v -0.713725 -5.669563 17.115480
vn -0.002247 0.008331 -0.999963
v -2.489403 2.597849 -16.912571
vn -0.002247 0.008331 -0.999963
v -1.677984 3.099767 -16.910212
vn -0.002247 0.008331 -0.999963
v -4.059032 -0.741976 -16.936869
vn -0.002273 0.008310 -0.999963
v 9.174369 3.279299 -16.933386
vn -0.002273 0.008310 -0.999963
v 8.957716 -5.950223 -17.009598
vn -0.002273 0.008310 -0.999963
v 0.176931 3.490271 -16.911180
vn -0.002200 0.008378 -0.999963
v 0.176931 3.490271 -16.911180
vn -0.002200 0.008378 -0.999963
v 8.957716 -5.950223 -17.009598
vn -0.002200 0.008378 -0.999963
v 7.504142 -5.916000 -17.006113
vn -0.002231 0.008354 -0.999963
v 0.176931 3.490271 -16.911180
vn -0.002231 0.008354 -0.999963
v 7.504142 -5.916000 -17.006113
vn -0.002231 0.008354 -0.999963
v -0.773182 3.402693 -16.909794
vn -0.002310 0.008284 -0.999963
v -0.773182 3.402693 -16.909794
vn -0.002310 0.008284 -0.999963
v 7.504142 -5.916000 -17.006113
vn -0.002310 0.008284 -0.999963
v -1.677984 3.099767 -16.910212
vn -0.002302 0.008360 -0.999962
v 7.388966 -10.821914 -17.046864
vn -0.002302 0.008360 -0.999962
v -0.154970 -10.645179 -17.028019
vn -0.002302 0.008360 -0.999962
v 7.504142 -5.916000 -17.006113
vn -0.002281 0.008326 -0.999963
v 7.504142 -5.916000 -17.006113
vn -0.002281 0.008326 -0.999963
v -0.154970 -10.645179 -17.028019
vn -0.002281 0.008326 -0.999963
v -0.103749 -8.463744 -17.009972
vn -0.002212 0.008119 -0.999965
v 7.504142 -5.916000 -17.006113
vn -0.002212 0.008119 -0.999965
v -0.103749 -8.463744 -17.009972
vn -0.002212 0.008119 -0.999965
v -0.168949 -7.768080 -17.004179
vn -0.001979 0.008165 -0.999965
v -4.059032 -0.741976 -16.936869
vn -0.001979 0.008165 -0.999965
v -1.677984 3.099767 -16.910212
vn -0.001979 0.008165 -0.999965
v -3.927667 -1.686989 -16.944845
vn -0.002553 0.008360 -0.999962
v -2.339798 -4.007357 -16.967943
vn -0.002553 0.008360 -0.999962
v -3.044605 -3.364207 -16.960766
vn -0.002553 0.008360 -0.999962
v -1.677984 3.099767 -16.910212
vn -0.002305 0.008308 -0.999963
v -1.677984 3.099767 -16.910212
vn -0.002305 0.008308 -0.999963
v -3.044605 -3.364207 -16.960766
vn -0.002305 0.008308 -0.999963
v -3.583484 -2.576854 -16.952982
vn -0.002229 0.008282 -0.999963
v -1.677984 3.099767 -16.910212
vn -0.002229 0.008282 -0.999963
v -3.583484 -2.576854 -16.952982
vn -0.002229 0.008282 -0.999963
v -3.927667 -1.686989 -16.944845
vn -0.002439 0.008446 -0.999961
v -3.970653 0.207987 -16.929060
vn -0.002439 0.008446 -0.999961
v -3.666933 1.112508 -16.922161
vn -0.002439 0.008446 -0.999961
v -4.059032 -0.741976 -16.936869
vn -0.002847 0.008532 -0.999960
v -4.059032 -0.741976 -16.936869
vn -0.002847 0.008532 -0.999960
v -3.666933 1.112508 -16.922161
vn -0.002847 0.008532 -0.999960
v -3.164386 1.923509 -16.916672
vn -0.002247 0.008331 -0.999963
v -3.164386 1.923509 -16.916672
vn -0.002201 0.008075 -0.999965
v -0.168949 -7.768080 -17.004179
vn -0.002201 0.008075 -0.999965
v -0.210849 -7.568454 -17.002474
vn -0.002201 0.008075 -0.999965
v 7.504142 -5.916000 -17.006113
vn -0.002373 0.008877 -0.999958
v 7.504142 -5.916000 -17.006113
vn -0.002373 0.008877 -0.999958
v -0.210849 -7.568454 -17.002474
vn -0.002373 0.008877 -0.999958
v -0.307619 -7.183086 -16.998823
vn -0.002185 0.007721 -0.999968
v 7.504142 -5.916000 -17.006113
vn -0.002185 0.007721 -0.999968
v -0.307619 -7.183086 -16.998823
vn -0.002185 0.007721 -0.999968
v -0.407671 -6.795523 -16.995613
vn -0.002255 0.008350 -0.999963
v -0.407671 -6.795523 -16.995613
vn -0.002255 0.008350 -0.999963
v -0.669820 -5.803171 -16.986734
vn -0.002255 0.008350 -0.999963
v 7.504142 -5.916000 -17.006113
vn -0.002235 0.009817 -0.999949
v 7.504142 -5.916000 -17.006113
vn -0.002235 0.009817 -0.999949
v -0.669820 -5.803171 -16.986734
vn -0.002235 0.009817 -0.999949
v -0.694531 -5.716968 -16.985834
vn -0.002267 0.008493 -0.999961
v 7.504142 -5.916000 -17.006113
vn -0.002267 0.008493 -0.999961
v -0.694531 -5.716968 -16.985834
vn -0.002267 0.008493 -0.999961
v -0.973317 -4.777106 -16.977219
vn -0.002282 0.008385 -0.999962
v -0.973317 -4.777106 -16.977219
vn -0.002282 0.008385 -0.999962
v -1.008677 -4.659441 -16.976152
vn -0.002282 0.008385 -0.999962
v 7.504142 -5.916000 -17.006113
vn -0.002516 0.006801 -0.999974
v 7.504142 -5.916000 -17.006113
vn -0.002516 0.006801 -0.999974
v -1.008677 -4.659441 -16.976152
vn -0.002516 0.006801 -0.999974
v -1.014258 -4.640964 -16.976011
vn -0.002291 0.008304 -0.999963
v 7.504142 -5.916000 -17.006113
vn -0.002291 0.008304 -0.999963
v -1.014258 -4.640964 -16.976011
vn -0.002291 0.008304 -0.999963
v -1.677984 3.099767 -16.910212
vn -0.002333 0.008300 -0.999963
v -1.677984 3.099767 -16.910212
vn -0.002333 0.008300 -0.999963
v -1.014258 -4.640964 -16.976011
vn -0.002333 0.008300 -0.999963
v -1.506601 -4.472158 -16.973461
vn -0.001989 0.008308 -0.999964
v -1.677984 3.099767 -16.910212
vn -0.001989 0.008308 -0.999964
v -1.506601 -4.472158 -16.973461
vn -0.001989 0.008308 -0.999964
v -2.339798 -4.007357 -16.967943
vn 0.060464 0.427006 -0.902225
v 9.067403 7.019423 -16.065655
vn 0.060464 0.427006 -0.902225
v 9.126483 7.189191 -15.981348
vn 0.060464 0.427006 -0.902225
v 9.253547 6.582858 -16.259798
vn 0.191896 0.442503 -0.875995
v 9.253547 6.582858 -16.259798
vn 0.191896 0.442503 -0.875995
v 9.126483 7.189191 -15.981348
vn 0.191896 0.442503 -0.875995
v 9.265012 7.764651 -15.660312
vn 0.825499 0.248941 -0.506537
v 9.253547 6.582858 -16.259798
vn 0.825499 0.248941 -0.506537
v 9.265012 7.764651 -15.660312
vn 0.825499 0.248941 -0.506537
v 9.289984 8.051684 -15.478552
vn 0.002736 0.219075 -0.975704
v 0.225284 5.524569 -16.655371
vn 0.002736 0.219075 -0.975704
v 8.223007 5.336930 -16.675074
vn 0.002736 0.219075 -0.975704
v 9.214354 4.963660 -16.756104
vn 0.009095 0.235142 -0.971919
v 9.214354 4.963660 -16.756104
vn 0.009095 0.235142 -0.971919
v 8.223007 5.336930 -16.675074
vn 0.009095 0.235142 -0.971919
v 8.228899 5.347420 -16.672482
vn 0.014473 0.248227 -0.968594
v 9.214354 4.963660 -16.756104
vn 0.014473 0.248227 -0.968594
v 8.228899 5.347420 -16.672482
vn 0.014473 0.248227 -0.968594
v 8.349160 5.560930 -16.615967
vn 0.031116 0.270819 -0.962127
v 8.349160 5.560930 -16.615967
vn 0.031116 0.270819 -0.962127
v 8.538364 5.901351 -16.514025
vn 0.031116 0.270819 -0.962127
v 9.214354 4.963660 -16.756104
vn 0.069601 0.296107 -0.952615
v 9.214354 4.963660 -16.756104
vn 0.069601 0.296107 -0.952615
v 8.538364 5.901351 -16.514025
vn 0.069601 0.296107 -0.952615
v 8.746108 6.294956 -16.376501
vn 0.054304 0.291422 -0.955052
v 9.214354 4.963660 -16.756104
vn 0.054304 0.291422 -0.955052
v 8.746108 6.294956 -16.376501
vn 0.054304 0.291422 -0.955052
v 9.253547 6.582858 -16.259798
vn 0.029018 0.331156 -0.943130
v 9.253547 6.582858 -16.259798
vn 0.029018 0.331156 -0.943130
v 8.746108 6.294956 -16.376501
vn 0.029018 0.331156 -0.943130
v 8.755360 6.313444 -16.369724
vn -0.014767 0.401030 -0.915946
v 9.253547 6.582858 -16.259798
vn -0.014767 0.401030 -0.915946
v 8.755360 6.313444 -16.369724
vn -0.014767 0.401030 -0.915946
v 9.067403 7.019423 -16.065655
vn 0.000370 0.182504 -0.983205
v 0.225284 5.524569 -16.655371
vn 0.000370 0.182504 -0.983205
v 9.214354 4.963660 -16.756104
vn 0.000370 0.182504 -0.983205
v 0.201134 4.514890 -16.842798
vn 0.004359 0.104570 -0.994508
v 0.201134 4.514890 -16.842798
vn 0.004359 0.104570 -0.994508
v 9.214354 4.963660 -16.756104
vn 0.004359 0.104570 -0.994508
v 9.174369 3.279299 -16.933386
vn -0.000900 0.066613 -0.997778
v 0.201134 4.514890 -16.842798
vn -0.000900 0.066613 -0.997778
v 9.174369 3.279299 -16.933386
vn -0.000900 0.066613 -0.997778
v 0.176931 3.490271 -16.911180
vn 0.022611 0.982386 -0.185488
v 29.025242 11.368635 -9.925844
vn 0.022611 0.982386 -0.185488
v 28.886965 11.371886 -9.925481
vn 0.022611 0.982386 -0.185488
v 28.895086 11.601054 -8.710770
vn 0.006319 0.166099 0.986089
v 8.299336 5.056697 16.945675
vn 0.006319 0.166099 0.986089
v 0.301667 5.244341 16.965315
vn 0.006319 0.166099 0.986089
v 0.278339 4.231770 17.136024
vn 0.035874 0.255264 0.966206
v 8.614220 5.624297 16.792404
vn 0.035874 0.255264 0.966206
v 8.425212 5.281724 16.889927
vn 0.035874 0.255264 0.966206
v 9.291052 4.682231 17.016159
vn 0.018311 0.231269 0.972718
v 9.291052 4.682231 17.016159
vn 0.018311 0.231269 0.972718
v 8.425212 5.281724 16.889927
vn 0.018311 0.231269 0.972718
v 8.305215 5.067243 16.943178
vn 0.014733 0.222504 0.974820
v 9.291052 4.682231 17.016159
vn 0.014733 0.222504 0.974820
v 8.305215 5.067243 16.943178
vn 0.014733 0.222504 0.974820
v 8.299336 5.056697 16.945675
vn 0.508980 0.382475 0.771137
v 9.328070 6.309471 16.546457
vn 0.508980 0.382475 0.771137
v 9.360980 7.791063 15.789884
vn 0.508980 0.382475 0.771137
v 9.282233 7.214153 16.128000
vn 0.138862 0.421532 0.896118
v 9.282233 7.214153 16.128000
vn 0.138862 0.421532 0.896118
v 9.199744 6.920332 16.278996
vn 0.138862 0.421532 0.896118
v 9.328070 6.309471 16.546457
vn -0.006034 0.400013 0.916490
v 9.328070 6.309471 16.546457
vn -0.006034 0.400013 0.916490
v 9.199744 6.920332 16.278996
vn -0.006034 0.400013 0.916490
v 8.887834 6.155577 16.610729
vn 0.043637 0.276146 0.960124
v 9.328070 6.309471 16.546457
vn 0.043637 0.276146 0.960124
v 8.887834 6.155577 16.610729
vn 0.043637 0.276146 0.960124
v 9.291052 4.682231 17.016159
vn 0.116323 0.292982 0.949016
v 9.291052 4.682231 17.016159
vn 0.116323 0.292982 0.949016
v 8.887834 6.155577 16.610729
vn 0.116323 0.292982 0.949016
v 8.818924 6.015189 16.662516
vn 0.073035 0.279838 0.957265
v 9.291052 4.682231 17.016159
vn 0.073035 0.279838 0.957265
v 8.818924 6.015189 16.662516
vn 0.073035 0.279838 0.957265
v 8.614220 5.624297 16.792404
vn 0.003372 0.193594 0.981076
v 8.299336 5.056697 16.945675
vn 0.003372 0.193594 0.981076
v 0.278339 4.231770 17.136024
vn 0.003372 0.193594 0.981076
v 9.291052 4.682231 17.016159
vn 0.010800 0.049664 0.998708
v 9.291052 4.682231 17.016159
vn 0.010800 0.049664 0.998708
v 0.278339 4.231770 17.136024
vn 0.010800 0.049664 0.998708
v 0.254422 3.206207 17.187283
vn 0.004503 0.087916 0.996118
v 9.291052 4.682231 17.016159
vn 0.004503 0.087916 0.996118
v 0.254422 3.206207 17.187283
vn 0.004503 0.087916 0.996118
v 9.251859 2.995044 17.165245
vn 0.877631 0.479330 0.002524
v 31.376291 7.088786 -15.390867
vn 0.877631 0.479330 0.002524
v 31.517017 6.834055 -15.947987
vn 0.877631 0.479330 0.002524
v 31.255362 7.311706 -15.676137
vn 0.877333 0.479877 0.002172
v 31.589867 6.566629 16.137739
vn 0.877333 0.479877 0.002172
v 31.394760 6.927157 15.291978
vn 0.877333 0.479877 0.002172
v 31.324644 7.052720 15.872853
vn 0.877531 0.479515 0.002274
v 31.324644 7.052720 15.872853
vn 0.877531 0.479515 0.002274
v 31.394760 6.927157 15.291978
vn 0.877531 0.479515 0.002274
v 30.780651 8.051473 15.192618
vn 0.877556 0.479471 0.001613
v 30.780651 8.051473 15.192618
vn 0.877556 0.479471 0.001613
v 31.394760 6.927157 15.291978
vn 0.877556 0.479471 0.001613
v 30.292782 8.947119 14.384465
vn 0.877472 0.479624 0.002055
v 30.292782 8.947119 14.384465
vn 0.877472 0.479624 0.002055
v 31.394760 6.927157 15.291978
vn 0.877472 0.479624 0.002055
v 31.323460 7.061646 14.348808
vn 0.877472 0.479624 0.002034
v 30.292782 8.947119 14.384465
vn 0.877472 0.479624 0.002034
v 31.323460 7.061646 14.348808
vn 0.877472 0.479624 0.002034
v 29.870935 9.722792 13.463477
vn 0.877835 0.478959 0.002148
v 31.376291 7.088786 -15.390867
vn 0.877835 0.478959 0.002148
v 31.255362 7.311706 -15.676137
vn 0.877835 0.478959 0.002148
v 31.258539 7.299038 -14.149969
vn 0.877565 0.479452 0.002152
v 31.258539 7.299038 -14.149969
vn 0.877565 0.479452 0.002152
v 31.255362 7.311706 -15.676137
vn 0.877565 0.479452 0.002152
v 30.712097 8.302917 -14.974555
vn 0.877573 0.479438 0.002129
v 31.258539 7.299038 -14.149969
vn 0.877573 0.479438 0.002129
v 30.712097 8.302917 -14.974555
vn 0.877573 0.479438 0.002129
v 30.228233 9.184931 -14.149383
vn 0.877573 0.479438 0.002116
v 30.228233 9.184931 -14.149383
vn 0.877573 0.479438 0.002116
v 29.810537 9.945361 -13.213699
vn 0.877573 0.479438 0.002116
v 31.258539 7.299038 -14.149969
vn 0.877622 0.479347 0.002449
v 31.258539 7.299038 -14.149969
vn 0.877622 0.479347 0.002449
v 29.810537 9.945361 -13.213699
vn 0.877622 0.479347 0.002449
v 29.466608 10.569793 -12.184962
vn 0.877520 0.479535 0.002042
v 31.258539 7.299038 -14.149969
vn 0.877520 0.479535 0.002042
v 29.466608 10.569793 -12.184962
vn 0.877520 0.479535 0.002042
v 29.203171 11.047173 -11.082137
vn 0.877375 0.479802 0.001619
v 29.203171 11.047173 -11.082137
vn 0.877375 0.479802 0.001619
v 29.025242 11.368635 -9.925844
vn 0.877375 0.479802 0.001619
v 31.258539 7.299038 -14.149969
vn 0.877694 0.479216 0.002352
v 31.258539 7.299038 -14.149969
vn 0.877694 0.479216 0.002352
v 29.025242 11.368635 -9.925844
vn 0.877694 0.479216 0.002352
v 28.895086 11.601054 -8.710770
vn 0.877505 0.479563 0.001996
v 31.258539 7.299038 -14.149969
vn 0.877505 0.479563 0.001996
v 28.895086 11.601054 -8.710770
vn 0.877505 0.479563 0.001996
v 31.323460 7.061646 14.348808
vn 0.877531 0.479515 0.001984
v 31.323460 7.061646 14.348808
vn 0.877531 0.479515 0.001984
v 28.895086 11.601054 -8.710770
vn 0.877531 0.479515 0.001984
v 28.935551 11.453765 8.992849
vn 0.877446 0.479670 0.002148
v 31.323460 7.061646 14.348808
vn 0.877446 0.479670 0.002148
v 28.935551 11.453765 8.992849
vn 0.877446 0.479670 0.002148
v 29.070972 11.200620 10.203334
vn 0.877576 0.479434 0.001842
v 29.070972 11.200620 10.203334
vn 0.877576 0.479434 0.001842
v 29.254396 10.860455 11.353126
vn 0.877576 0.479434 0.001842
v 31.323460 7.061646 14.348808
vn 0.877470 0.479627 0.002161
v 31.323460 7.061646 14.348808
vn 0.877470 0.479627 0.002161
v 29.254396 10.860455 11.353126
vn 0.877470 0.479627 0.002161
v 29.522762 10.364560 12.446588
vn 0.877432 0.479696 0.002317
v 31.323460 7.061646 14.348808
vn 0.877432 0.479696 0.002317
v 29.522762 10.364560 12.446588
vn 0.877432 0.479696 0.002317
v 29.870935 9.722792 13.463477
vn 0.002247 -0.008336 0.999963
v 30.461773 -7.644748 17.028172
vn 0.002247 -0.008336 0.999963
v 39.865601 1.321874 17.081791
vn 0.002247 -0.008336 0.999963
v 39.078388 1.861294 17.088057
vn 0.002296 -0.008333 0.999963
v 28.746433 2.537797 17.117155
vn 0.002296 -0.008333 0.999963
v 28.508408 -7.598940 17.033226
vn 0.002296 -0.008333 0.999963
v 37.244045 2.338447 17.095987
vn 0.002390 -0.008417 0.999962
v 37.244045 2.338447 17.095987
vn 0.002390 -0.008417 0.999962
v 28.508408 -7.598940 17.033226
vn 0.002390 -0.008417 0.999962
v 30.461773 -7.644748 17.028172
vn 0.002312 -0.008363 0.999962
v 37.244045 2.338447 17.095987
vn 0.002312 -0.008363 0.999962
v 30.461773 -7.644748 17.028172
vn 0.002312 -0.008363 0.999962
v 38.188789 2.206300 17.092697
vn 0.002051 -0.008159 0.999965
v 38.188789 2.206300 17.092697
vn 0.002051 -0.008159 0.999965
v 30.461773 -7.644748 17.028172
vn 0.002051 -0.008159 0.999965
v 39.078388 1.861294 17.088057
vn 0.002280 -0.008267 0.999963
v 30.367672 -11.643585 16.995325
vn 0.002280 -0.008267 0.999963
v 36.912163 -11.797122 16.979137
vn 0.002280 -0.008267 0.999963
v 30.461773 -7.644748 17.028172
vn 0.002238 -0.008331 0.999963
v 30.461773 -7.644748 17.028172
vn 0.002238 -0.008331 0.999963
v 36.912163 -11.797122 16.979137
vn 0.002238 -0.008331 0.999963
v 36.963367 -9.615688 16.997198
vn 0.002328 -0.008036 0.999965
v 30.461773 -7.644748 17.028172
vn 0.002328 -0.008036 0.999965
v 36.963367 -9.615688 16.997198
vn 0.002328 -0.008036 0.999965
v 37.060902 -8.923853 17.002531
vn 0.002728 -0.008602 0.999959
v 39.406258 -5.269064 17.027901
vn 0.002728 -0.008602 0.999959
v 40.140423 -4.659746 17.031141
vn 0.002728 -0.008602 0.999959
v 41.276604 -2.087976 17.050165
vn 0.001668 -0.008134 0.999965
v 41.276604 -2.087976 17.050165
vn 0.001668 -0.008134 0.999965
v 40.140423 -4.659746 17.031141
vn 0.001668 -0.008134 0.999965
v 40.715389 -3.898420 17.036375
vn 0.002456 -0.008379 0.999962
v 41.276604 -2.087976 17.050165
vn 0.002456 -0.008379 0.999962
v 40.715389 -3.898420 17.036375
vn 0.002456 -0.008379 0.999962
v 41.101006 -3.025768 17.042740
vn 0.002300 -0.008351 0.999963
v 39.406258 -5.269064 17.027901
vn 0.002300 -0.008351 0.999963
v 41.276604 -2.087976 17.050165
vn 0.002300 -0.008351 0.999963
v 38.551800 -5.694193 17.026316
vn 0.002251 -0.008314 0.999963
v 38.551800 -5.694193 17.026316
vn 0.002251 -0.008314 0.999963
v 41.276604 -2.087976 17.050165
vn 0.002251 -0.008314 0.999963
v 41.233036 -1.134865 17.058187
vn 0.001965 -0.008146 0.999965
v 38.551800 -5.694193 17.026316
vn 0.001965 -0.008146 0.999965
v 41.233036 -1.134865 17.058187
vn 0.001965 -0.008146 0.999965
v 40.972210 -0.217101 17.066177
vn 0.002208 -0.008656 0.999960
v 37.060902 -8.923853 17.002531
vn 0.002208 -0.008656 0.999960
v 37.112247 -8.726350 17.004128
vn 0.002208 -0.008656 0.999960
v 30.461773 -7.644748 17.028172
vn 0.002233 -0.008500 0.999961
v 30.461773 -7.644748 17.028172
vn 0.002233 -0.008500 0.999961
v 37.112247 -8.726350 17.004128
vn 0.002233 -0.008500 0.999961
v 37.227146 -8.346022 17.007103
vn 0.002265 -0.008191 0.999964
v 30.461773 -7.644748 17.028172
vn 0.002265 -0.008191 0.999964
v 37.227146 -8.346022 17.007103
vn 0.002265 -0.008191 0.999964
v 37.345264 -7.963607 17.009968
vn 0.002262 -0.008260 0.999963
v 37.345264 -7.963607 17.009968
vn 0.002262 -0.008260 0.999963
v 37.653671 -6.984641 17.017357
vn 0.002262 -0.008260 0.999963
v 30.461773 -7.644748 17.028172
vn 0.002504 -0.010895 0.999937
v 30.461773 -7.644748 17.028172
vn 0.002504 -0.010895 0.999937
v 37.653671 -6.984641 17.017357
vn 0.002504 -0.010895 0.999937
v 37.682442 -6.899559 17.018211
vn 0.002240 -0.008342 0.999963
v 30.461773 -7.644748 17.028172
vn 0.002240 -0.008342 0.999963
v 37.682442 -6.899559 17.018211
vn 0.002240 -0.008342 0.999963
v 38.004787 -5.973921 17.025211
vn 0.002261 -0.008438 0.999962
v 38.004787 -5.973921 17.025211
vn 0.002261 -0.008438 0.999962
v 38.045628 -5.858123 17.026096
vn 0.002261 -0.008438 0.999962
v 30.461773 -7.644748 17.028172
vn 0.001716 -0.006122 0.999980
v 30.461773 -7.644748 17.028172
vn 0.001716 -0.006122 0.999980
v 38.045628 -5.858123 17.026096
vn 0.001716 -0.006122 0.999980
v 38.052330 -5.839815 17.026197
vn 0.002241 -0.008330 0.999963
v 30.461773 -7.644748 17.028172
vn 0.002241 -0.008330 0.999963
v 38.052330 -5.839815 17.026197
vn 0.002241 -0.008330 0.999963
v 39.865601 1.321874 17.081791
vn 0.002186 -0.008316 0.999963
v 39.865601 1.321874 17.081791
vn 0.002186 -0.008316 0.999963
v 38.052330 -5.839815 17.026197
vn 0.002186 -0.008316 0.999963
v 38.551800 -5.694193 17.026316
vn 0.002600 -0.008393 0.999961
v 39.865601 1.321874 17.081791
vn 0.002600 -0.008393 0.999961
v 38.551800 -5.694193 17.026316
vn 0.002600 -0.008393 0.999961
v 40.507919 0.616581 17.074202
vn 0.002350 -0.008316 0.999963
v 40.507919 0.616581 17.074202
vn 0.002350 -0.008316 0.999963
v 38.551800 -5.694193 17.026316
vn 0.002350 -0.008316 0.999963
v 40.972210 -0.217101 17.066177
vn -0.002267 0.008323 -0.999963
v 30.405420 -6.453415 -17.062487
vn -0.002267 0.008323 -0.999963
v 28.452293 -6.407471 -17.057676
vn -0.002267 0.008323 -0.999963
v 28.668766 2.821925 -16.981352
vn -0.002261 0.008324 -0.999963
v 28.668766 2.821925 -16.981352
vn -0.002261 0.008324 -0.999963
v 37.166580 2.622553 -17.002224
vn -0.002261 0.008324 -0.999963
v 30.405420 -6.453415 -17.062487
vn -0.002265 0.008327 -0.999963
v 30.405420 -6.453415 -17.062487
vn -0.002265 0.008327 -0.999963
v 37.166580 2.622553 -17.002224
vn -0.002265 0.008327 -0.999963
v 38.111565 2.490402 -17.005466
vn -0.002471 0.008504 -0.999961
v 30.405420 -6.453415 -17.062487
vn -0.002471 0.008504 -0.999961
v 38.111565 2.490402 -17.005466
vn -0.002471 0.008504 -0.999961
v 39.001144 2.145430 -17.010597
vn -0.002179 0.008303 -0.999963
v 40.430698 0.900744 -17.024019
vn -0.002179 0.008303 -0.999963
v 40.894497 0.067065 -17.031952
vn -0.002179 0.008303 -0.999963
v 38.474556 -5.410069 -17.072159
vn -0.002307 0.008202 -0.999964
v 37.717243 -6.288879 -17.078005
vn -0.002307 0.008202 -0.999964
v 37.577148 -6.697061 -17.081030
vn -0.002307 0.008202 -0.999964
v 30.405420 -6.453415 -17.062487
vn -0.002239 0.008313 -0.999963
v 36.834686 -11.512938 -17.119318
vn -0.002239 0.008313 -0.999963
v 30.290482 -11.359385 -17.103388
vn -0.002239 0.008313 -0.999963
v 36.885700 -9.331316 -17.101295
vn -0.002263 0.008389 -0.999962
v 36.885700 -9.331316 -17.101295
vn -0.002263 0.008389 -0.999962
v 30.290482 -11.359385 -17.103388
vn -0.002263 0.008389 -0.999962
v 30.405420 -6.453415 -17.062487
vn -0.002237 0.008447 -0.999962
v 36.885700 -9.331316 -17.101295
vn -0.002237 0.008447 -0.999962
v 30.405420 -6.453415 -17.062487
vn -0.002237 0.008447 -0.999962
v 36.961723 -8.735023 -17.096428
vn -0.001558 0.008108 -0.999966
v 40.062756 -4.375618 -17.067369
vn -0.001558 0.008108 -0.999966
v 41.199368 -1.803641 -17.048285
vn -0.001558 0.008108 -0.999966
v 40.638206 -3.614298 -17.062092
vn -0.004098 0.008895 -0.999952
v 40.638206 -3.614298 -17.062092
vn -0.004098 0.008895 -0.999952
v 41.199368 -1.803641 -17.048285
vn -0.004098 0.008895 -0.999952
v 41.023819 -2.741513 -17.055908
vn -0.002721 0.008542 -0.999960
v 40.894497 0.067065 -17.031952
vn -0.002721 0.008542 -0.999960
v 41.155590 -0.850564 -17.040503
vn -0.002721 0.008542 -0.999960
v 38.474556 -5.410069 -17.072159
vn -0.001928 0.008076 -0.999965
v 38.474556 -5.410069 -17.072159
vn -0.001928 0.008076 -0.999965
v 41.155590 -0.850564 -17.040503
vn -0.001928 0.008076 -0.999965
v 41.199368 -1.803641 -17.048285
vn -0.002230 0.008304 -0.999963
v 38.474556 -5.410069 -17.072159
vn -0.002230 0.008304 -0.999963
v 41.199368 -1.803641 -17.048285
vn -0.002230 0.008304 -0.999963
v 39.328533 -4.984942 -17.070532
vn -0.002922 0.008711 -0.999958
v 39.328533 -4.984942 -17.070532
vn -0.002922 0.008711 -0.999958
v 41.199368 -1.803641 -17.048285
vn -0.002922 0.008711 -0.999958
v 40.062756 -4.375618 -17.067369
vn -0.002318 0.008694 -0.999960
v 37.717243 -6.288879 -17.078005
vn -0.002318 0.008694 -0.999960
v 30.405420 -6.453415 -17.062487
vn -0.002318 0.008694 -0.999960
v 37.968395 -5.573881 -17.072371
vn -0.002301 0.008377 -0.999962
v 37.577148 -6.697061 -17.081030
vn -0.002301 0.008377 -0.999962
v 37.267769 -7.679420 -17.088547
vn -0.002301 0.008377 -0.999962
v 30.405420 -6.453415 -17.062487
vn -0.002310 0.008323 -0.999963
v 30.405420 -6.453415 -17.062487
vn -0.002310 0.008323 -0.999963
v 37.267769 -7.679420 -17.088547
vn -0.002310 0.008323 -0.999963
v 37.149414 -8.061830 -17.091457
vn -0.002376 0.008047 -0.999965
v 30.405420 -6.453415 -17.062487
vn -0.002376 0.008047 -0.999965
v 37.149414 -8.061830 -17.091457
vn -0.002376 0.008047 -0.999965
v 36.961723 -8.735023 -17.096428
vn -0.000905 -0.003454 -0.999994
v 37.968395 -5.573881 -17.072371
vn -0.000905 -0.003454 -0.999994
v 30.405420 -6.453415 -17.062487
vn -0.000905 -0.003454 -0.999994
v 37.974842 -5.555620 -17.072439
vn -0.002304 0.008337 -0.999963
v 37.974842 -5.555620 -17.072439
vn -0.002304 0.008337 -0.999963
v 30.405420 -6.453415 -17.062487
vn -0.002304 0.008337 -0.999963
v 39.001144 2.145430 -17.010597
vn -0.001848 0.008276 -0.999964
v 37.974842 -5.555620 -17.072439
vn -0.001848 0.008276 -0.999964
v 39.001144 2.145430 -17.010597
vn -0.001848 0.008276 -0.999964
v 38.474556 -5.410069 -17.072159
vn -0.002159 0.008298 -0.999963
v 38.474556 -5.410069 -17.072159
vn -0.002159 0.008298 -0.999963
v 39.001144 2.145430 -17.010597
vn -0.002159 0.008298 -0.999963
v 39.787872 1.606050 -17.016771
vn -0.002168 0.008300 -0.999963
v 38.474556 -5.410069 -17.072159
vn -0.002168 0.008300 -0.999963
v 39.787872 1.606050 -17.016771
vn -0.002168 0.008300 -0.999963
v 40.430698 0.900744 -17.024019
vn 0.000472 0.124709 -0.992193
v 33.670845 4.739920 -16.737898
vn 0.000472 0.124709 -0.992193
v 37.214935 4.656809 -16.746658
vn 0.000472 0.124709 -0.992193
v 28.668766 2.821925 -16.981352
vn -0.012233 0.182720 -0.983089
v 28.668766 2.821925 -16.981352
vn -0.012233 0.182720 -0.983089
v 37.214935 4.656809 -16.746658
vn -0.012233 0.182720 -0.983089
v 37.190571 3.647186 -16.934008
vn -0.000892 0.066451 -0.997789
v 28.668766 2.821925 -16.981352
vn -0.000892 0.066451 -0.997789
v 37.190571 3.647186 -16.934008
vn -0.000892 0.066451 -0.997789
v 37.166580 2.622553 -17.002224
vn -0.007548 0.378349 -0.925632
v 31.884283 6.297079 -16.209274
vn -0.007548 0.378349 -0.925632
v 32.247242 5.900568 -16.374308
vn -0.007548 0.378349 -0.925632
v 28.725311 5.187889 -16.636892
vn 0.000467 0.343698 -0.939080
v 28.725311 5.187889 -16.636892
vn 0.000467 0.343698 -0.939080
v 32.247242 5.900568 -16.374308
vn 0.000467 0.343698 -0.939080
v 32.620373 5.557238 -16.499779
vn 0.003434 0.315999 -0.948753
v 28.725311 5.187889 -16.636892
vn 0.003434 0.315999 -0.948753
v 32.620373 5.557238 -16.499779
vn 0.003434 0.315999 -0.948753
v 32.848713 5.366276 -16.562555
vn 0.004179 0.300819 -0.953672
v 32.848713 5.366276 -16.562555
vn 0.004179 0.300819 -0.953672
v 33.010540 5.236934 -16.602644
vn 0.004179 0.300819 -0.953672
v 28.725311 5.187889 -16.636892
vn 0.004389 0.285678 -0.958315
v 28.725311 5.187889 -16.636892
vn 0.004389 0.285678 -0.958315
v 33.010540 5.236934 -16.602644
vn 0.004389 0.285678 -0.958315
v 33.214283 5.079501 -16.648643
vn 0.000888 0.144050 -0.989570
v 28.725311 5.187889 -16.636892
vn 0.000888 0.144050 -0.989570
v 33.214283 5.079501 -16.648643
vn 0.000888 0.144050 -0.989570
v 28.668766 2.821925 -16.981352
vn -0.033535 0.211477 -0.976807
v 28.668766 2.821925 -16.981352
vn -0.033535 0.211477 -0.976807
v 33.214283 5.079501 -16.648643
vn -0.033535 0.211477 -0.976807
v 33.658989 4.748650 -16.735538
vn -0.035284 0.215876 -0.975783
v 28.668766 2.821925 -16.981352
vn -0.035284 0.215876 -0.975783
v 33.658989 4.748650 -16.735538
vn -0.035284 0.215876 -0.975783
v 33.670845 4.739920 -16.737898
vn 0.013014 0.636275 -0.771352
v 28.779026 7.373685 -15.667898
vn 0.013014 0.636275 -0.771352
v 28.825771 9.217859 -14.145883
vn 0.013014 0.636275 -0.771352
v 30.228233 9.184931 -14.149383
vn -0.053583 0.666371 -0.743693
v 30.228233 9.184931 -14.149383
vn -0.053583 0.666371 -0.743693
v 30.712097 8.302917 -14.974555
vn -0.053583 0.666371 -0.743693
v 28.779026 7.373685 -15.667898
vn 0.011862 0.582011 -0.813094
v 28.779026 7.373685 -15.667898
vn 0.011862 0.582011 -0.813094
v 30.712097 8.302917 -14.974555
vn 0.011862 0.582011 -0.813094
v 31.255362 7.311706 -15.676137
vn 0.007098 0.405119 -0.914236
v 28.779026 7.373685 -15.667898
vn 0.007098 0.405119 -0.914236
v 31.255362 7.311706 -15.676137
vn 0.007098 0.405119 -0.914236
v 28.725311 5.187889 -16.636892
vn -0.059164 0.469094 -0.881164
v 28.725311 5.187889 -16.636892
vn -0.059164 0.469094 -0.881164
v 31.255362 7.311706 -15.676137
vn -0.059164 0.469094 -0.881164
v 31.517017 6.834055 -15.947987
vn -0.025919 0.423006 -0.905756
v 28.725311 5.187889 -16.636892
vn -0.025919 0.423006 -0.905756
v 31.517017 6.834055 -15.947987
vn -0.025919 0.423006 -0.905756
v 31.884283 6.297079 -16.209274
vn 0.021328 0.943915 -0.329498
v 28.862671 10.584227 -12.183469
vn 0.021328 0.943915 -0.329498
v 28.886965 11.371886 -9.925481
vn 0.021328 0.943915 -0.329498
v 29.025242 11.368635 -9.925844
vn -0.280574 0.912749 -0.296929
v 29.025242 11.368635 -9.925844
vn -0.280574 0.912749 -0.296929
v 29.203171 11.047173 -11.082137
vn -0.280574 0.912749 -0.296929
v 28.862671 10.584227 -12.183469
vn 0.020999 0.919327 -0.392932
v 28.862671 10.584227 -12.183469
vn 0.020999 0.919327 -0.392932
v 29.203171 11.047173 -11.082137
vn 0.020999 0.919327 -0.392932
v 29.466608 10.569793 -12.184962
vn 0.018193 0.820372 -0.571541
v 28.862671 10.584227 -12.183469
vn 0.018193 0.820372 -0.571541
v 29.466608 10.569793 -12.184962
vn 0.018193 0.820372 -0.571541
v 28.825771 9.217859 -14.145883
vn -0.104058 0.834394 -0.541257
v 28.825771 9.217859 -14.145883
vn -0.104058 0.834394 -0.541257
v 29.466608 10.569793 -12.184962
vn -0.104058 0.834394 -0.541257
v 29.810537 9.945361 -13.213699
vn 0.016741 0.779574 -0.626087
v 28.825771 9.217859 -14.145883
vn 0.016741 0.779574 -0.626087
v 29.810537 9.945361 -13.213699
vn 0.016741 0.779574 -0.626087
v 30.228233 9.184931 -14.149383
vn 0.023382 0.979078 0.202136
v 28.935551 11.453765 8.992849
vn 0.023382 0.979078 0.202136
v 28.932688 11.203883 10.203524
vn 0.023382 0.979078 0.202136
v 29.070972 11.200620 10.203334
vn 0.023031 0.959654 0.280239
v 29.070972 11.200620 10.203334
vn 0.023031 0.959654 0.280239
v 28.932688 11.203883 10.203524
vn 0.023031 0.959654 0.280239
v 29.254396 10.860455 11.353126
vn -0.220256 0.916009 0.335284
v 29.254396 10.860455 11.353126
vn -0.220256 0.916009 0.335284
v 28.932688 11.203883 10.203524
vn -0.220256 0.916009 0.335284
v 28.918890 10.378978 12.448135
vn -0.063711 0.809872 0.583137
v 28.890871 8.980049 14.387934
vn -0.063711 0.809872 0.583137
v 29.870935 9.722792 13.463477
vn -0.063711 0.809872 0.583137
v 28.918890 10.378978 12.448135
vn 0.021620 0.848795 0.528280
v 28.918890 10.378978 12.448135
vn 0.021620 0.848795 0.528280
v 29.870935 9.722792 13.463477
vn 0.021620 0.848795 0.528280
v 29.522762 10.364560 12.446588
vn 0.022835 0.912581 0.408258
v 28.918890 10.378978 12.448135
vn 0.022835 0.912581 0.408258
v 29.522762 10.364560 12.446588
vn 0.022835 0.912581 0.408258
v 29.254396 10.860455 11.353126
vn -0.026153 0.623741 0.781194
v 28.850700 7.110764 15.879111
vn -0.026153 0.623741 0.781194
v 30.780651 8.051473 15.192618
vn -0.026153 0.623741 0.781194
v 28.890871 8.980049 14.387934
vn 0.017682 0.675100 0.737514
v 28.890871 8.980049 14.387934
vn 0.017682 0.675100 0.737514
v 30.780651 8.051473 15.192618
vn 0.017682 0.675100 0.737514
v 30.292782 8.947119 14.384465
vn 0.019647 0.769137 0.638782
v 28.890871 8.980049 14.387934
vn 0.019647 0.769137 0.638782
v 30.292782 8.947119 14.384465
vn 0.019647 0.769137 0.638782
v 29.870935 9.722792 13.463477
vn 0.008828 0.276706 0.960914
v 33.294445 4.797653 16.802401
vn 0.008828 0.276706 0.960914
v 32.921455 5.091291 16.721272
vn 0.008828 0.276706 0.960914
v 28.801313 4.909166 16.811569
vn 0.007620 0.300494 0.953753
v 28.801313 4.909166 16.811569
vn 0.007620 0.300494 0.953753
v 32.921455 5.091291 16.721272
vn 0.007620 0.300494 0.953753
v 32.737465 5.244967 16.674322
vn 0.006653 0.310519 0.950544
v 32.737465 5.244967 16.674322
vn 0.006653 0.310519 0.950544
v 32.684502 5.290542 16.659805
vn 0.006653 0.310519 0.950544
v 28.801313 4.909166 16.811569
vn 0.004696 0.328095 0.944633
v 28.801313 4.909166 16.811569
vn 0.004696 0.328095 0.944633
v 32.684502 5.290542 16.659805
vn 0.004696 0.328095 0.944633
v 32.321754 5.626218 16.545019
vn -0.004567 0.368056 0.929793
v 28.801313 4.909166 16.811569
vn -0.004567 0.368056 0.929793
v 32.321754 5.626218 16.545019
vn -0.004567 0.368056 0.929793
v 31.876623 6.128946 16.343830
vn -0.016847 0.394739 0.918639
v 31.876623 6.128946 16.343830
vn -0.016847 0.394739 0.918639
v 31.810186 6.218151 16.304281
vn -0.016847 0.394739 0.918639
v 28.801313 4.909166 16.811569
vn -0.028016 0.416553 0.908680
v 28.801313 4.909166 16.811569
vn -0.028016 0.416553 0.908680
v 31.810186 6.218151 16.304281
vn -0.028016 0.416553 0.908680
v 31.589867 6.566629 16.137739
vn -0.009426 0.390162 0.920698
v 28.801313 4.909166 16.811569
vn -0.009426 0.390162 0.920698
v 31.589867 6.566629 16.137739
vn -0.009426 0.390162 0.920698
v 28.850700 7.110764 15.879111
vn 0.013572 0.484155 0.874877
v 28.850700 7.110764 15.879111
vn 0.013572 0.484155 0.874877
v 31.589867 6.566629 16.137739
vn 0.013572 0.484155 0.874877
v 31.324644 7.052720 15.872853
vn 0.015421 0.568579 0.822484
v 28.850700 7.110764 15.879111
vn 0.015421 0.568579 0.822484
v 31.324644 7.052720 15.872853
vn 0.015421 0.568579 0.822484
v 30.780651 8.051473 15.192618
vn 0.006372 0.166155 0.986079
v 37.267960 3.364008 17.044739
vn 0.006372 0.166155 0.986079
v 37.291313 4.376584 16.873966
vn 0.006372 0.166155 0.986079
v 33.747116 4.459747 16.882856
vn 0.003657 0.049824 0.998751
v 37.244045 2.338447 17.095987
vn 0.003657 0.049824 0.998751
v 37.267960 3.364008 17.044739
vn 0.003657 0.049824 0.998751
v 28.746433 2.537797 17.117155
vn -0.004403 0.132290 0.991201
v 28.746433 2.537797 17.117155
vn -0.004403 0.132290 0.991201
v 37.267960 3.364008 17.044739
vn -0.004403 0.132290 0.991201
v 33.747116 4.459747 16.882856
vn -0.002676 0.127868 0.991788
v 28.746433 2.537797 17.117155
vn -0.002676 0.127868 0.991788
v 33.747116 4.459747 16.882856
vn -0.002676 0.127868 0.991788
v 28.801313 4.909166 16.811569
vn 0.006073 0.221510 0.975139
v 28.801313 4.909166 16.811569
vn 0.006073 0.221510 0.975139
v 33.747116 4.459747 16.882856
vn 0.006073 0.221510 0.975139
v 33.735115 4.468415 16.880962
vn 0.007991 0.242202 0.970193
v 28.801313 4.909166 16.811569
vn 0.007991 0.242202 0.970193
v 33.735115 4.468415 16.880962
vn 0.007991 0.242202 0.970193
v 33.294445 4.797653 16.802401
vn 0.999704 -0.024320 -0.000992
v 36.899899 -12.295599 16.841051
vn 0.999704 -0.024320 -0.000992
v 36.890705 -12.658481 16.472042
vn 0.999704 -0.024320 -0.000992
v 36.912163 -11.797122 16.979137
vn 0.999728 -0.023142 -0.002994
v 36.912163 -11.797122 16.979137
vn 0.999728 -0.023142 -0.002994
v 36.890705 -12.658481 16.472042
vn 0.999728 -0.023142 -0.002994
v 36.886200 -12.788216 15.970923
vn 0.999716 -0.023700 -0.002445
v 36.912163 -11.797122 16.979137
vn 0.999716 -0.023700 -0.002445
v 36.886200 -12.788216 15.970923
vn 0.999716 -0.023700 -0.002445
v 36.866219 -12.714438 7.085439
vn 0.999724 -0.023358 -0.002527
v 36.928295 -10.871387 14.805069
vn 0.999724 -0.023358 -0.002527
v 36.933167 -10.725658 15.384389
vn 0.999724 -0.023358 -0.002527
v 36.912163 -11.797122 16.979137
vn 0.999716 -0.023657 -0.002728
v 36.912163 -11.797122 16.979137
vn 0.999716 -0.023657 -0.002728
v 36.933167 -10.725658 15.384389
vn 0.999716 -0.023657 -0.002728
v 36.940647 -10.475102 15.952874
vn 0.999738 -0.022747 -0.002467
v 36.861240 -12.842203 6.377306
vn 0.999738 -0.022747 -0.002467
v 36.851723 -13.204044 5.856397
vn 0.999738 -0.022747 -0.002467
v 36.824665 -13.105073 -6.021952
vn 0.999720 -0.023547 -0.002473
v 36.824665 -13.105073 -6.021952
vn 0.999720 -0.023547 -0.002473
v 36.851723 -13.204044 5.856397
vn 0.999720 -0.023547 -0.002473
v 36.845718 -13.443974 5.713352
vn 0.999744 -0.022512 -0.002166
v 36.928295 -10.871387 14.805069
vn 0.999744 -0.022512 -0.002166
v 36.912163 -11.797122 16.979137
vn 0.999744 -0.022512 -0.002166
v 36.925873 -10.919549 14.186351
vn 0.999722 -0.023467 -0.002467
v 36.925873 -10.919549 14.186351
vn 0.999722 -0.023467 -0.002467
v 36.912163 -11.797122 16.979137
vn 0.999722 -0.023467 -0.002467
v 36.866219 -12.714438 7.085439
vn 0.999722 -0.023466 -0.002467
v 36.925873 -10.919549 14.186351
vn 0.999722 -0.023466 -0.002467
v 36.866219 -12.714438 7.085439
vn 0.999722 -0.023466 -0.002467
v 36.861130 -10.681790 -14.312412
vn 0.999693 -0.024648 -0.002579
v 36.861130 -10.681790 -14.312412
vn 0.999693 -0.024648 -0.002579
v 36.866219 -12.714438 7.085439
vn 0.999693 -0.024648 -0.002579
v 36.861240 -12.842203 6.377306
vn 0.999591 -0.028432 -0.002974
v 36.861130 -10.681790 -14.312412
vn 0.999591 -0.028432 -0.002974
v 36.861240 -12.842203 6.377306
vn 0.999591 -0.028432 -0.002974
v 36.860950 -10.623430 -14.930397
vn 0.999722 -0.023463 -0.002478
v 36.940647 -10.475102 15.952874
vn 0.999722 -0.023463 -0.002478
v 36.949593 -10.146432 16.450773
vn 0.999722 -0.023463 -0.002478
v 36.912163 -11.797122 16.979137
vn 0.999722 -0.023464 -0.002479
v 36.912163 -11.797122 16.979137
vn 0.999722 -0.023464 -0.002479
v 36.949593 -10.146432 16.450773
vn 0.999722 -0.023464 -0.002479
v 36.960705 -9.721031 16.905819
vn 0.999723 -0.023449 -0.002068
v 36.912163 -11.797122 16.979137
vn 0.999723 -0.023449 -0.002068
v 36.960705 -9.721031 16.905819
vn 0.999723 -0.023449 -0.002068
v 36.963367 -9.615688 16.997198
vn 0.999720 -0.023346 -0.003746
v 36.885700 -9.331316 -17.101295
vn 0.999720 -0.023346 -0.003746
v 36.883537 -9.438357 -17.011805
vn 0.999720 -0.023346 -0.003746
v 36.834686 -11.512938 -17.119318
vn 0.999723 -0.023405 -0.002608
v 36.834686 -11.512938 -17.119318
vn 0.999723 -0.023405 -0.002608
v 36.883537 -9.438357 -17.011805
vn 0.999723 -0.023405 -0.002608
v 36.874569 -9.871282 -16.563887
vn 0.999717 -0.023729 -0.001650
v 36.834686 -11.512938 -17.119318
vn 0.999717 -0.023729 -0.001650
v 36.874569 -9.871282 -16.563887
vn 0.999717 -0.023729 -0.001650
v 36.823017 -12.013675 -16.989662
vn 0.999719 -0.023547 -0.002566
v 36.823017 -12.013675 -16.989662
vn 0.999719 -0.023547 -0.002566
v 36.874569 -9.871282 -16.563887
vn 0.999719 -0.023547 -0.002566
v 36.867897 -10.208197 -16.071495
vn 0.999719 -0.023557 -0.002546
v 36.823017 -12.013675 -16.989662
vn 0.999719 -0.023557 -0.002546
v 36.867897 -10.208197 -16.071495
vn 0.999719 -0.023557 -0.002546
v 36.815243 -12.382845 -16.626665
vn 0.999719 -0.023571 -0.002493
v 36.815243 -12.382845 -16.626665
vn 0.999719 -0.023571 -0.002493
v 36.867897 -10.208197 -16.071495
vn 0.999719 -0.023571 -0.002493
v 36.863174 -10.468216 -15.507264
vn 0.999724 -0.023284 -0.002983
v 36.815243 -12.382845 -16.626665
vn 0.999724 -0.023284 -0.002983
v 36.863174 -10.468216 -15.507264
vn 0.999724 -0.023284 -0.002983
v 36.813511 -12.520968 -16.127831
vn 0.999722 -0.023444 -0.002454
v 36.813511 -12.520968 -16.127831
vn 0.999722 -0.023444 -0.002454
v 36.863174 -10.468216 -15.507264
vn 0.999722 -0.023444 -0.002454
v 36.860950 -10.623430 -14.930397
vn 0.999722 -0.023455 -0.002437
v 36.813511 -12.520968 -16.127831
vn 0.999722 -0.023455 -0.002437
v 36.860950 -10.623430 -14.930397
vn 0.999722 -0.023455 -0.002437
v 36.833431 -12.594983 -7.242392
vn 0.999719 -0.023583 -0.002469
v 36.833431 -12.594983 -7.242392
vn 0.999719 -0.023583 -0.002469
v 36.860950 -10.623430 -14.930397
vn 0.999719 -0.023583 -0.002469
v 36.861240 -12.842203 6.377306
vn 0.999763 -0.021647 -0.002434
v 36.833431 -12.594983 -7.242392
vn 0.999763 -0.021647 -0.002434
v 36.861240 -12.842203 6.377306
vn 0.999763 -0.021647 -0.002434
v 36.832127 -12.734592 -6.536419
vn 0.999720 -0.023537 -0.002450
v 36.832127 -12.734592 -6.536419
vn 0.999720 -0.023537 -0.002450
v 36.861240 -12.842203 6.377306
vn 0.999720 -0.023537 -0.002450
v 36.824665 -13.105073 -6.021952
vn 0.999719 -0.023562 -0.002445
v 36.792358 -15.701583 5.646512
vn 0.999719 -0.023562 -0.002445
v 36.766491 -15.605865 -5.853100
vn 0.999719 -0.023562 -0.002445
v 36.839527 -13.702069 5.662969
vn 0.999723 -0.023420 -0.002468
v 36.839527 -13.702069 5.662969
vn 0.999723 -0.023420 -0.002468
v 36.766491 -15.605865 -5.853100
vn 0.999723 -0.023420 -0.002468
v 36.813370 -13.606484 -5.836576
vn 0.999721 -0.023500 -0.002469
v 36.839527 -13.702069 5.662969
vn 0.999721 -0.023500 -0.002469
v 36.813370 -13.606484 -5.836576
vn 0.999721 -0.023500 -0.002469
v 36.845718 -13.443974 5.713352
vn 0.999717 -0.023661 -0.002467
v 36.845718 -13.443974 5.713352
vn 0.999717 -0.023661 -0.002467
v 36.813370 -13.606484 -5.836576
vn 0.999717 -0.023661 -0.002467
v 36.819389 -13.347320 -5.882661
vn 0.999728 -0.023186 -0.002463
v 36.845718 -13.443974 5.713352
vn 0.999728 -0.023186 -0.002463
v 36.819389 -13.347320 -5.882661
vn 0.999728 -0.023186 -0.002463
v 36.824665 -13.105073 -6.021952
vn -0.999722 0.023462 0.002444
v -0.122398 -9.372465 -15.922724
vn -0.999722 0.023462 0.002444
v -0.115604 -9.028994 -16.440643
vn -0.999722 0.023462 0.002444
v -0.154970 -10.645179 -17.028019
vn -0.999722 0.023445 0.002490
v -0.154970 -10.645179 -17.028019
vn -0.999722 0.023445 0.002490
v -0.115604 -9.028994 -16.440643
vn -0.999722 0.023445 0.002490
v -0.106846 -8.608094 -16.887476
vn -0.999722 0.023454 0.002366
v -0.154970 -10.645179 -17.028019
vn -0.999722 0.023454 0.002366
v -0.106846 -8.608094 -16.887476
vn -0.999722 0.023454 0.002366
v -0.103749 -8.463744 -17.009972
vn -0.999721 0.023479 0.002425
v -0.154970 -10.645179 -17.028019
vn -0.999721 0.023479 0.002425
v -0.166414 -11.145856 -16.898380
vn -0.999721 0.023479 0.002425
v -0.122398 -9.372465 -15.922724
vn -0.999722 0.023437 0.002500
v -0.122398 -9.372465 -15.922724
vn -0.999722 0.023437 0.002500
v -0.166414 -11.145856 -16.898380
vn -0.999722 0.023437 0.002500
v -0.174162 -11.515100 -16.535206
vn -0.999722 0.023441 0.002488
v -0.122398 -9.372465 -15.922724
vn -0.999722 0.023441 0.002488
v -0.174162 -11.515100 -16.535206
vn -0.999722 0.023441 0.002488
v -0.126755 -9.617104 -15.368331
vn -0.999722 0.023454 0.002467
v -0.126755 -9.617104 -15.368331
vn -0.999722 0.023454 0.002467
v -0.174162 -11.515100 -16.535206
vn -0.999722 0.023454 0.002467
v -0.176168 -11.653106 -16.036287
vn -0.999722 0.023454 0.002466
v -0.126755 -9.617104 -15.368331
vn -0.999722 0.023454 0.002466
v -0.176168 -11.653106 -16.036287
vn -0.999722 0.023454 0.002466
v -0.128814 -9.768136 -14.766637
vn -0.999720 0.023469 0.003074
v -0.026195 -8.747928 17.088478
vn -0.999720 0.023469 0.003074
v -0.029919 -8.890153 16.963146
vn -0.999720 0.023469 0.003074
v -0.077460 -10.929303 17.070429
vn -0.999722 0.023439 0.002491
v -0.077460 -10.929303 17.070429
vn -0.999722 0.023439 0.002491
v -0.029919 -8.890153 16.963146
vn -0.999722 0.023439 0.002491
v -0.040742 -9.303610 16.509886
vn -0.999722 0.023431 0.002467
v -0.077460 -10.929303 17.070429
vn -0.999722 0.023431 0.002467
v -0.040742 -9.303610 16.509886
vn -0.999722 0.023431 0.002467
v -0.089491 -11.428085 16.932304
vn -0.999724 0.023398 0.002305
v -0.089491 -11.428085 16.932304
vn -0.999724 0.023398 0.002305
v -0.040742 -9.303610 16.509886
vn -0.999724 0.023398 0.002305
v -0.049786 -9.638421 15.986122
vn -0.999721 0.023489 0.002478
v -0.089491 -11.428085 16.932304
vn -0.999721 0.023489 0.002478
v -0.049786 -9.638421 15.986122
vn -0.999721 0.023489 0.002478
v -0.098925 -11.790657 16.563272
vn -0.999720 0.023512 0.002562
v -0.098925 -11.790657 16.563272
vn -0.999720 0.023512 0.002562
v -0.049786 -9.638421 15.986122
vn -0.999720 0.023512 0.002562
v -0.056751 -9.873752 15.428012
vn -0.999723 0.023426 0.002417
v -0.098925 -11.790657 16.563272
vn -0.999723 0.023426 0.002417
v -0.056751 -9.873752 15.428012
vn -0.999723 0.023426 0.002417
v -0.103177 -11.920457 16.062193
vn -0.999723 0.023428 0.002424
v -0.056751 -9.873752 15.428012
vn -0.999723 0.023428 0.002424
v -0.061522 -10.014810 14.823757
vn -0.999723 0.023428 0.002424
v -0.103177 -11.920457 16.062193
vn -0.999719 0.023547 0.002606
v -0.103177 -11.920457 16.062193
vn -0.999719 0.023547 0.002606
v -0.061522 -10.014810 14.823757
vn -0.999719 0.023547 0.002606
v -0.063815 -10.051725 14.277583
vn -0.999723 0.023415 0.002468
v -0.103177 -11.920457 16.062193
vn -0.999723 0.023415 0.002468
v -0.063815 -10.051725 14.277583
vn -0.999723 0.023415 0.002468
v -0.176168 -11.653106 -16.036287
vn -0.999722 0.023444 0.002467
v -0.176168 -11.653106 -16.036287
vn -0.999722 0.023444 0.002467
v -0.063815 -10.051725 14.277583
vn -0.999722 0.023444 0.002467
v -0.128562 -9.814023 -14.221242
vn -0.999721 0.023474 0.002437
v -0.176168 -11.653106 -16.036287
vn -0.999721 0.023474 0.002437
v -0.128562 -9.814023 -14.221242
vn -0.999721 0.023474 0.002437
v -0.128814 -9.768136 -14.766637
vn -0.999716 0.023755 0.002066
v 8.940899 -6.635375 -17.289431
vn -0.999716 0.023755 0.002066
v 8.948826 -6.319652 -17.083654
vn -0.999716 0.023755 0.002066
v 8.935101 -6.852639 -17.597075
vn -0.999719 0.023612 0.002215
v 8.935101 -6.852639 -17.597075
vn -0.999719 0.023612 0.002215
v 8.948826 -6.319652 -17.083654
vn -0.999719 0.023612 0.002215
v 8.957716 -5.950223 -17.009598
vn -0.999722 0.023449 0.002466
v 8.935101 -6.852639 -17.597075
vn -0.999722 0.023449 0.002466
v 8.957716 -5.950223 -17.009598
vn -0.999722 0.023449 0.002466
v 9.173067 3.284098 -17.513142
vn -0.999722 0.023447 0.002439
v 9.173067 3.284098 -17.513142
vn -0.999722 0.023447 0.002439
v 8.957716 -5.950223 -17.009598
vn -0.999722 0.023447 0.002439
v 9.174369 3.279299 -16.933386
vn -0.999722 0.023432 0.002439
v 9.173067 3.284098 -17.513142
vn -0.999722 0.023432 0.002439
v 9.174369 3.279299 -16.933386
vn -0.999722 0.023432 0.002439
v 9.223154 5.394085 -17.254656
vn -0.999721 0.023458 0.002606
v 9.223154 5.394085 -17.254656
vn -0.999721 0.023458 0.002606
v 9.174369 3.279299 -16.933386
vn -0.999721 0.023458 0.002606
v 9.214354 4.963660 -16.756104
vn -0.999722 0.023439 0.002590
v 9.223154 5.394085 -17.254656
vn -0.999722 0.023439 0.002590
v 9.214354 4.963660 -16.756104
vn -0.999722 0.023439 0.002590
v 9.271870 7.391538 -16.527454
vn -0.999722 0.023455 0.002427
v 9.271870 7.391538 -16.527454
vn -0.999722 0.023455 0.002427
v 9.214354 4.963660 -16.756104
vn -0.999722 0.023455 0.002427
v 9.253547 6.582858 -16.259798
vn -0.999722 0.023466 0.002461
v 9.271870 7.391538 -16.527454
vn -0.999722 0.023466 0.002461
v 9.253547 6.582858 -16.259798
vn -0.999722 0.023466 0.002461
v 9.316561 9.174050 -15.369167
vn -0.999722 0.023460 0.002468
v 9.013776 -7.141575 17.081329
vn -0.999722 0.023460 0.002468
v 9.015092 -7.146511 17.661327
vn -0.999722 0.023460 0.002468
v 9.251859 2.995044 17.165245
vn -0.999722 0.023460 0.002466
v 9.251859 2.995044 17.165245
vn -0.999722 0.023460 0.002466
v 9.015092 -7.146511 17.661327
vn -0.999722 0.023460 0.002466
v 9.253177 2.990227 17.745253
vn -0.999722 0.023441 0.002466
v 9.251859 2.995044 17.165245
vn -0.999722 0.023441 0.002466
v 9.253177 2.990227 17.745253
vn -0.999722 0.023441 0.002466
v 9.291052 4.682231 17.016159
vn -0.999722 0.023450 0.002486
v 9.291052 4.682231 17.016159
vn -0.999722 0.023450 0.002486
v 9.253177 2.990227 17.745253
vn -0.999722 0.023450 0.002486
v 9.302207 5.104226 17.521721
vn -0.999722 0.023458 0.002479
v 9.291052 4.682231 17.016159
vn -0.999722 0.023458 0.002479
v 9.302207 5.104226 17.521721
vn -0.999722 0.023458 0.002479
v 9.328070 6.309471 16.546457
vn -0.999721 0.023475 0.002500
v 9.328070 6.309471 16.546457
vn -0.999721 0.023475 0.002500
v 9.302207 5.104226 17.521721
vn -0.999721 0.023475 0.002500
v 9.347657 7.113656 16.827639
vn -0.999721 0.023478 0.002491
v 9.328070 6.309471 16.546457
vn -0.999721 0.023478 0.002491
v 9.347657 7.113656 16.827639
vn -0.999721 0.023478 0.002491
v 9.360980 7.791063 15.789884
vn -0.999722 0.023455 0.002475
v 9.360980 7.791063 15.789884
vn -0.999722 0.023455 0.002475
v 9.347657 7.113656 16.827639
vn -0.999722 0.023455 0.002475
v 9.387122 8.914922 15.698867
vn -0.999722 0.023454 0.002465
v 9.360980 7.791063 15.789884
vn -0.999722 0.023454 0.002465
v 9.387122 8.914922 15.698867
vn -0.999722 0.023454 0.002465
v 9.363991 7.980403 15.209373
vn -0.999722 0.023449 0.002474
v 9.299513 8.314415 -14.091574
vn -0.999722 0.023449 0.002474
v 9.435642 13.150647 -4.921107
vn -0.999722 0.023449 0.002474
v 9.405426 12.397439 -9.992281
vn -0.999722 0.023420 0.002594
v 9.253547 6.582858 -16.259798
vn -0.999722 0.023420 0.002594
v 9.289984 8.051684 -15.478552
vn -0.999722 0.023420 0.002594
v 9.316561 9.174050 -15.369167
vn -0.999722 0.023432 0.002470
v 9.316561 9.174050 -15.369167
vn -0.999722 0.023432 0.002470
v 9.289984 8.051684 -15.478552
vn -0.999722 0.023432 0.002470
v 9.295635 8.231294 -14.895060
vn -0.999722 0.023430 0.002466
v 9.316561 9.174050 -15.369167
vn -0.999722 0.023430 0.002466
v 9.295635 8.231294 -14.895060
vn -0.999722 0.023430 0.002466
v 9.354923 10.649798 -13.838805
vn -0.999722 0.023460 0.002398
v 9.354923 10.649798 -13.838805
vn -0.999722 0.023460 0.002398
v 9.295635 8.231294 -14.895060
vn -0.999722 0.023460 0.002398
v 9.299513 8.314415 -14.091574
vn -0.999722 0.023449 0.002501
v 9.354923 10.649798 -13.838805
vn -0.999722 0.023449 0.002501
v 9.299513 8.314415 -14.091574
vn -0.999722 0.023449 0.002501
v 9.385122 11.742785 -12.015278
vn -0.999721 0.023491 0.002432
v 9.385122 11.742785 -12.015278
vn -0.999721 0.023491 0.002432
v 9.299513 8.314415 -14.091574
vn -0.999721 0.023491 0.002432
v 9.405426 12.397439 -9.992281
vn -0.999722 0.023442 0.002488
v 9.363991 7.980403 15.209373
vn -0.999722 0.023442 0.002488
v 9.387122 8.914922 15.698867
vn -0.999722 0.023442 0.002488
v 9.364258 8.076898 14.407262
vn -0.999722 0.023464 0.002474
v 9.364258 8.076898 14.407262
vn -0.999722 0.023464 0.002474
v 9.387122 8.914922 15.698867
vn -0.999722 0.023464 0.002474
v 9.418631 10.416145 14.192968
vn -0.999722 0.023462 0.002455
v 9.364258 8.076898 14.407262
vn -0.999722 0.023462 0.002455
v 9.418631 10.416145 14.192968
vn -0.999722 0.023462 0.002455
v 9.440562 11.539504 12.387969
vn -0.999721 0.023492 0.002505
v 9.440562 11.539504 12.387969
vn -0.999721 0.023492 0.002505
v 9.451695 12.227839 10.376143
vn -0.999721 0.023492 0.002505
v 9.364258 8.076898 14.407262
vn -0.999722 0.023447 0.002459
v 9.364258 8.076898 14.407262
vn -0.999722 0.023447 0.002459
v 9.451695 12.227839 10.376143
vn -0.999722 0.023447 0.002459
v 9.458890 13.065119 5.318151
vn -0.999722 0.023461 0.002467
v 9.364258 8.076898 14.407262
vn -0.999722 0.023461 0.002467
v 9.458890 13.065119 5.318151
vn -0.999722 0.023461 0.002467
v 9.299513 8.314415 -14.091574
vn -0.999722 0.023447 0.002470
v 9.299513 8.314415 -14.091574
vn -0.999722 0.023447 0.002470
v 9.458890 13.065119 5.318151
vn -0.999722 0.023447 0.002470
v 9.453489 13.373924 0.200676
vn -0.999721 0.023475 0.002460
v 9.299513 8.314415 -14.091574
vn -0.999721 0.023475 0.002460
v 9.453489 13.373924 0.200676
vn -0.999721 0.023475 0.002460
v 9.435642 13.150647 -4.921107
vn -0.007612 0.066769 -0.997739
v 0.201134 4.514890 -16.842798
vn -0.007612 0.066769 -0.997739
v 0.176931 3.490271 -16.911180
vn -0.007612 0.066769 -0.997739
v -0.773182 3.402693 -16.909794
vn -0.019041 -0.059974 -0.998018
v -1.013969 -4.775155 -16.976152
vn -0.019041 -0.059974 -0.998018
v -1.017433 -5.781676 -16.915600
vn -0.019041 -0.059974 -0.998018
v -1.899359 -5.419724 -16.920527
vn -0.063028 -0.166960 -0.983947
v -1.899359 -5.419724 -16.920527
vn -0.063028 -0.166960 -0.983947
v -1.017433 -5.781676 -16.915600
vn -0.063028 -0.166960 -0.983947
v -1.026533 -6.726888 -16.754631
vn -0.004826 0.001031 -0.999988
v -1.506601 -4.472158 -16.973461
vn -0.004826 0.001031 -0.999988
v -1.014258 -4.640964 -16.976011
vn -0.004826 0.001031 -0.999988
v -1.013969 -4.775155 -16.976152
vn -0.007911 0.067030 -0.997720
v 0.201134 4.514890 -16.842798
vn -0.007911 0.067030 -0.997720
v -0.773182 3.402693 -16.909794
vn -0.007911 0.067030 -0.997720
v -0.984285 4.405565 -16.840742
vn -0.021053 0.064263 -0.997711
v -0.984285 4.405565 -16.840742
vn -0.021053 0.064263 -0.997711
v -0.773182 3.402693 -16.909794
vn -0.021053 0.064263 -0.997711
v -1.677984 3.099767 -16.910212
vn -0.020710 0.064082 -0.997730
v -0.984285 4.405565 -16.840742
vn -0.020710 0.064082 -0.997730
v -1.677984 3.099767 -16.910212
vn -0.020710 0.064082 -0.997730
v -2.113091 4.027623 -16.841587
vn -0.060540 0.000009 -0.998166
v -3.927667 -1.686989 -16.944845
vn -0.060540 0.000009 -0.998166
v -5.084137 -0.765660 -16.874695
vn -0.060540 0.000009 -0.998166
v -4.059032 -0.741976 -16.936869
vn -0.060851 0.013800 -0.998051
v -4.059032 -0.741976 -16.936869
vn -0.060851 0.013800 -0.998051
v -5.084137 -0.765660 -16.874695
vn -0.060851 0.013800 -0.998051
v -4.973729 0.419567 -16.865040
vn -0.060777 0.013858 -0.998055
v -4.059032 -0.741976 -16.936869
vn -0.060777 0.013858 -0.998055
v -4.973729 0.419567 -16.865040
vn -0.060777 0.013858 -0.998055
v -3.970653 0.207987 -16.929060
vn -0.057972 0.027126 -0.997950
v -3.970653 0.207987 -16.929060
vn -0.057972 0.027126 -0.997950
v -4.973729 0.419567 -16.865040
vn -0.057972 0.027126 -0.997950
v -4.594897 1.548116 -16.856371
vn -0.058032 0.027098 -0.997947
v -3.970653 0.207987 -16.929060
vn -0.058032 0.027098 -0.997947
v -4.594897 1.548116 -16.856371
vn -0.058032 0.027098 -0.997947
v -3.666933 1.112508 -16.922161
vn -0.052281 0.039334 -0.997857
v -3.666933 1.112508 -16.922161
vn -0.052281 0.039334 -0.997857
v -4.594897 1.548116 -16.856371
vn -0.052281 0.039334 -0.997857
v -3.967748 2.559834 -16.849348
vn -0.052503 0.039288 -0.997848
v -3.666933 1.112508 -16.922161
vn -0.052503 0.039288 -0.997848
v -3.967748 2.559834 -16.849348
vn -0.052503 0.039288 -0.997848
v -3.164386 1.923509 -16.916672
vn -0.044095 0.049895 -0.997781
v -3.164386 1.923509 -16.916672
vn -0.044095 0.049895 -0.997781
v -3.967748 2.559834 -16.849348
vn -0.044095 0.049895 -0.997781
v -3.125574 3.401365 -16.844484
vn -0.043777 0.049888 -0.997795
v -3.164386 1.923509 -16.916672
vn -0.043777 0.049888 -0.997795
v -3.125574 3.401365 -16.844484
vn -0.043777 0.049888 -0.997795
v -2.489403 2.597849 -16.912571
vn -0.031686 -0.042653 -0.998587
v -1.013969 -4.775155 -16.976152
vn -0.031686 -0.042653 -0.998587
v -1.899359 -5.419724 -16.920527
vn -0.031686 -0.042653 -0.998587
v -1.506601 -4.472158 -16.973461
vn -0.030679 -0.043071 -0.998601
v -1.506601 -4.472158 -16.973461
vn -0.030679 -0.043071 -0.998601
v -1.899359 -5.419724 -16.920527
vn -0.030679 -0.043071 -0.998601
v -2.939009 -4.839896 -16.913595
vn -0.030667 -0.043116 -0.998599
v -1.506601 -4.472158 -16.973461
vn -0.030667 -0.043116 -0.998599
v -2.939009 -4.839896 -16.913595
vn -0.030667 -0.043116 -0.998599
v -2.339798 -4.007357 -16.967943
vn -0.042039 -0.034925 -0.998505
v -2.339798 -4.007357 -16.967943
vn -0.042039 -0.034925 -0.998505
v -2.939009 -4.839896 -16.913595
vn -0.042039 -0.034925 -0.998505
v -3.818436 -4.037489 -16.904634
vn -0.042039 -0.034927 -0.998505
v -2.339798 -4.007357 -16.967943
vn -0.042039 -0.034927 -0.998505
v -3.818436 -4.037489 -16.904634
vn -0.042039 -0.034927 -0.998505
v -3.044605 -3.364207 -16.960766
vn -0.050624 -0.025051 -0.998403
v -3.044605 -3.364207 -16.960766
vn -0.050624 -0.025051 -0.998403
v -3.818436 -4.037489 -16.904634
vn -0.050624 -0.025051 -0.998403
v -4.490738 -3.055016 -16.895197
vn -0.050557 -0.024731 -0.998415
v -3.044605 -3.364207 -16.960766
vn -0.050557 -0.024731 -0.998415
v -4.490738 -3.055016 -16.895197
vn -0.050557 -0.024731 -0.998415
v -3.583484 -2.576854 -16.952982
vn -0.056849 -0.012778 -0.998301
v -3.583484 -2.576854 -16.952982
vn -0.056849 -0.012778 -0.998301
v -4.490738 -3.055016 -16.895197
vn -0.056849 -0.012778 -0.998301
v -4.920127 -1.944754 -16.884956
vn -0.056896 -0.012877 -0.998297
v -3.583484 -2.576854 -16.952982
vn -0.056896 -0.012877 -0.998297
v -4.920127 -1.944754 -16.884956
vn -0.056896 -0.012877 -0.998297
v -3.927667 -1.686989 -16.944845
vn -0.014799 0.182834 -0.983032
v 0.225284 5.524569 -16.655371
vn -0.014799 0.182834 -0.983032
v 0.201134 4.514890 -16.842798
vn -0.014799 0.182834 -0.983032
v -0.947683 5.440114 -16.653419
vn -0.018191 0.178763 -0.983724
v -0.947683 5.440114 -16.653419
vn -0.018191 0.178763 -0.983724
v 0.201134 4.514890 -16.842798
vn -0.018191 0.178763 -0.983724
v -0.984285 4.405565 -16.840742
vn -0.048285 0.179616 -0.982551
v -0.947683 5.440114 -16.653419
vn -0.048285 0.179616 -0.982551
v -0.984285 4.405565 -16.840742
vn -0.048285 0.179616 -0.982551
v -2.083309 5.134858 -16.653416
vn -0.055762 0.168742 -0.984082
v -2.083309 5.134858 -16.653416
vn -0.055762 0.168742 -0.984082
v -0.984285 4.405565 -16.840742
vn -0.055762 0.168742 -0.984082
v -2.113091 4.027623 -16.841587
vn -0.069901 0.168963 -0.983141
v -2.083309 5.134858 -16.653416
vn -0.069901 0.168963 -0.983141
v -2.113091 4.027623 -16.841587
vn -0.069901 0.168963 -0.983141
v -2.542200 4.941889 -16.653952
vn -0.084917 0.161916 -0.983144
v -2.542200 4.941889 -16.653952
vn -0.084917 0.161916 -0.983144
v -2.113091 4.027623 -16.841587
vn -0.084917 0.161916 -0.983144
v -3.140577 4.619915 -16.655294
vn -0.109579 0.151179 -0.982414
v -4.081152 3.913998 -16.659012
vn -0.109579 0.151179 -0.982414
v -3.140577 4.619915 -16.655294
vn -0.109579 0.151179 -0.982414
v -3.125574 3.401365 -16.844484
vn -0.091008 0.151690 -0.984229
v -3.125574 3.401365 -16.844484
vn -0.091008 0.151690 -0.984229
v -3.140577 4.619915 -16.655294
vn -0.091008 0.151690 -0.984229
v -2.113091 4.027623 -16.841587
vn -0.033186 0.058269 -0.997749
v -3.125574 3.401365 -16.844484
vn -0.033186 0.058269 -0.997749
v -2.113091 4.027623 -16.841587
vn -0.033186 0.058269 -0.997749
v -2.489403 2.597849 -16.912571
vn -0.033136 0.058256 -0.997752
v -2.489403 2.597849 -16.912571
vn -0.033136 0.058256 -0.997752
v -2.113091 4.027623 -16.841587
vn -0.033136 0.058256 -0.997752
v -1.677984 3.099767 -16.910212
vn -0.126375 0.120668 -0.984616
v -4.081152 3.913998 -16.659012
vn -0.126375 0.120668 -0.984616
v -3.125574 3.401365 -16.844484
vn -0.126375 0.120668 -0.984616
v -4.870812 3.042410 -16.664474
vn -0.129064 0.134840 -0.982426
v -4.870812 3.042410 -16.664474
vn -0.129064 0.134840 -0.982426
v -3.125574 3.401365 -16.844484
vn -0.129064 0.134840 -0.982426
v -3.967748 2.559834 -16.849348
vn -0.149432 0.097317 -0.983971
v -4.870812 3.042410 -16.664474
vn -0.149432 0.097317 -0.983971
v -3.967748 2.559834 -16.849348
vn -0.149432 0.097317 -0.983971
v -5.480927 2.037143 -16.671242
vn -0.150313 0.100004 -0.983568
v -5.480927 2.037143 -16.671242
vn -0.150313 0.100004 -0.983568
v -3.967748 2.559834 -16.849348
vn -0.150313 0.100004 -0.983568
v -4.594897 1.548116 -16.856371
vn -0.167222 0.069333 -0.983478
v -5.480927 2.037143 -16.671242
vn -0.167222 0.069333 -0.983478
v -4.594897 1.548116 -16.856371
vn -0.167222 0.069333 -0.983478
v -5.889531 0.934576 -16.679495
vn -0.164200 0.062680 -0.984434
v -5.889531 0.934576 -16.679495
vn -0.164200 0.062680 -0.984434
v -4.594897 1.548116 -16.856371
vn -0.164200 0.062680 -0.984434
v -4.973729 0.419567 -16.865040
vn -0.178103 0.037547 -0.983295
v -5.889531 0.934576 -16.679495
vn -0.178103 0.037547 -0.983295
v -4.973729 0.419567 -16.865040
vn -0.178103 0.037547 -0.983295
v -6.081799 -0.225439 -16.688965
vn -0.170444 0.023903 -0.985077
v -6.081799 -0.225439 -16.688965
vn -0.170444 0.023903 -0.985077
v -4.973729 0.419567 -16.865040
vn -0.170444 0.023903 -0.985077
v -5.084137 -0.765660 -16.874695
vn -0.176799 0.011857 -0.984176
v -6.081799 -0.225439 -16.688965
vn -0.176799 0.011857 -0.984176
v -5.084137 -0.765660 -16.874695
vn -0.176799 0.011857 -0.984176
v -6.094851 -0.790011 -16.693422
vn -0.060310 0.000298 -0.998180
v -3.927667 -1.686989 -16.944845
vn -0.060310 0.000298 -0.998180
v -4.920127 -1.944754 -16.884956
vn -0.060310 0.000298 -0.998180
v -5.084137 -0.765660 -16.874695
vn -0.169681 -0.015027 -0.985384
v -5.084137 -0.765660 -16.874695
vn -0.169681 -0.015027 -0.985384
v -4.920127 -1.944754 -16.884956
vn -0.169681 -0.015027 -0.985384
v -6.050618 -1.401024 -16.698580
vn -0.176428 -0.004463 -0.984303
v -5.084137 -0.765660 -16.874695
vn -0.176428 -0.004463 -0.984303
v -6.050618 -1.401024 -16.698580
vn -0.176428 -0.004463 -0.984303
v -6.094851 -0.790011 -16.693422
vn -0.117107 -0.117337 -0.986163
v -2.939009 -4.839896 -16.913595
vn -0.117107 -0.117337 -0.986163
v -3.833403 -5.428735 -16.737324
vn -0.117107 -0.117337 -0.986163
v -3.818436 -4.037489 -16.904634
vn -0.126733 -0.117094 -0.985002
v -3.818436 -4.037489 -16.904634
vn -0.126733 -0.117094 -0.985002
v -3.833403 -5.428735 -16.737324
vn -0.126733 -0.117094 -0.985002
v -4.668164 -4.600466 -16.728382
vn -0.144944 -0.089719 -0.985364
v -3.818436 -4.037489 -16.904634
vn -0.144944 -0.089719 -0.985364
v -4.668164 -4.600466 -16.728382
vn -0.144944 -0.089719 -0.985364
v -4.490738 -3.055016 -16.895197
vn -0.145368 -0.089664 -0.985306
v -4.490738 -3.055016 -16.895197
vn -0.145368 -0.089664 -0.985306
v -4.668164 -4.600466 -16.728382
vn -0.145368 -0.089664 -0.985306
v -5.330798 -3.628843 -16.719040
vn -0.168155 -0.055956 -0.984171
v -4.490738 -3.055016 -16.895197
vn -0.168155 -0.055956 -0.984171
v -5.330798 -3.628843 -16.719040
vn -0.168155 -0.055956 -0.984171
v -4.920127 -1.944754 -16.884956
vn -0.157262 -0.058773 -0.985806
v -4.920127 -1.944754 -16.884956
vn -0.157262 -0.058773 -0.985806
v -5.330798 -3.628843 -16.719040
vn -0.157262 -0.058773 -0.985806
v -5.797223 -2.549360 -16.708990
vn -0.176654 -0.030062 -0.983814
v -4.920127 -1.944754 -16.884956
vn -0.176654 -0.030062 -0.983814
v -5.797223 -2.549360 -16.708990
vn -0.176654 -0.030062 -0.983814
v -6.050618 -1.401024 -16.698580
vn -0.042275 -0.153520 -0.987241
v -1.026533 -6.726888 -16.754631
vn -0.042275 -0.153520 -0.987241
v -1.773785 -6.541924 -16.751396
vn -0.042275 -0.153520 -0.987241
v -1.899359 -5.419724 -16.920527
vn -0.072114 -0.156527 -0.985037
v -1.899359 -5.419724 -16.920527
vn -0.072114 -0.156527 -0.985037
v -1.773785 -6.541924 -16.751396
vn -0.072114 -0.156527 -0.985037
v -2.856792 -6.083892 -16.744892
vn -0.084308 -0.139374 -0.986644
v -1.899359 -5.419724 -16.920527
vn -0.084308 -0.139374 -0.986644
v -2.856792 -6.083892 -16.744892
vn -0.084308 -0.139374 -0.986644
v -2.939009 -4.839896 -16.913595
vn -0.094754 -0.139925 -0.985618
v -2.939009 -4.839896 -16.913595
vn -0.094754 -0.139925 -0.985618
v -2.856792 -6.083892 -16.744892
vn -0.094754 -0.139925 -0.985618
v -3.529677 -5.662028 -16.740095
vn -0.108741 -0.129861 -0.985551
v -2.939009 -4.839896 -16.913595
vn -0.108741 -0.129861 -0.985551
v -3.529677 -5.662028 -16.740095
vn -0.108741 -0.129861 -0.985551
v -3.833403 -5.428735 -16.737324
vn -0.622153 -0.763911 -0.171363
v -5.094047 -7.027910 -14.186759
vn -0.622153 -0.763911 -0.171363
v -5.109563 -7.015307 -14.186604
vn -0.622153 -0.763911 -0.171363
v -5.019194 -6.895365 -15.049383
vn -0.837218 -0.520232 -0.168599
v -6.628694 -5.377836 -14.169267
vn -0.837218 -0.520232 -0.168599
v -7.097376 -4.625941 -14.161972
vn -0.837218 -0.520232 -0.168599
v -6.971647 -4.548395 -15.025592
vn -0.934982 -0.312957 -0.166931
v -7.656261 -3.372305 -14.150297
vn -0.934982 -0.312957 -0.166931
v -7.716607 -3.192777 -14.148872
vn -0.934982 -0.312957 -0.166931
v -7.579826 -3.140794 -15.012438
vn -0.986470 0.005776 -0.163839
v -8.099117 -1.162690 -14.130809
vn -0.986470 0.005776 -0.163839
v -8.094400 -0.107814 -14.122025
vn -0.986470 0.005776 -0.163839
v -7.950860 -0.110622 -14.986376
vn -0.958738 0.233456 -0.162235
v -7.923687 1.083863 -14.112502
vn -0.958738 0.233456 -0.162235
v -7.839268 1.432361 -14.109893
vn -0.958738 0.233456 -0.162235
v -7.700334 1.402173 -14.974373
vn -0.832625 0.530314 -0.159696
v -7.143199 3.197885 -14.096901
vn -0.832625 0.530314 -0.159696
v -6.486664 4.230832 -14.089767
vn -0.832625 0.530314 -0.159696
v -6.371858 4.150747 -14.954289
vn -0.043897 0.591470 -0.805131
v 0.250986 6.564559 -16.133558
vn -0.043897 0.591470 -0.805131
v 0.244997 6.328066 -16.306965
vn -0.043897 0.591470 -0.805131
v -1.081142 6.232598 -16.304794
vn -0.209323 -0.323380 -0.922827
v -3.529677 -5.662028 -16.740095
vn -0.209323 -0.323380 -0.922827
v -2.856792 -6.083892 -16.744892
vn -0.209323 -0.323380 -0.922827
v -3.239477 -6.796273 -16.408455
vn -0.391273 -0.020559 -0.920045
v -6.094851 -0.790011 -16.693422
vn -0.391273 -0.020559 -0.920045
v -6.050618 -1.401024 -16.698580
vn -0.391273 -0.020559 -0.920045
v -6.850471 -1.501933 -16.356167
vn -0.030200 0.398264 -0.916773
v 0.244997 6.328066 -16.306965
vn -0.030200 0.398264 -0.916773
v 0.225284 5.524569 -16.655371
vn -0.030200 0.398264 -0.916773
v -0.947683 5.440114 -16.653419
vn -0.216466 -0.972857 -0.081800
v -0.997227 -8.766082 -14.606271
vn -0.216466 -0.972857 -0.081800
v -0.996285 -8.799541 -14.210835
vn -0.216466 -0.972857 -0.081800
v -2.375169 -8.493206 -14.205186
vn -0.199970 -0.896030 -0.396411
v -0.998424 -8.656234 -15.042318
vn -0.199970 -0.896030 -0.396411
v -2.333400 -8.347016 -15.067829
vn -0.199970 -0.896030 -0.396411
v -0.999850 -8.478363 -15.443649
vn -0.220439 -0.845247 -0.486791
v -0.999850 -8.478363 -15.443649
vn -0.220439 -0.845247 -0.486791
v -2.333400 -8.347016 -15.067829
vn -0.220439 -0.845247 -0.486791
v -2.208746 -7.938938 -15.832850
vn -0.190127 -0.817900 -0.543040
v -0.999850 -8.478363 -15.443649
vn -0.190127 -0.817900 -0.543040
v -2.208746 -7.938938 -15.832850
vn -0.190127 -0.817900 -0.543040
v -1.001904 -8.228425 -15.819374
vn -0.164432 -0.717034 -0.677366
v -1.001904 -8.228425 -15.819374
vn -0.164432 -0.717034 -0.677366
v -2.208746 -7.938938 -15.832850
vn -0.164432 -0.717034 -0.677366
v -1.004894 -7.922010 -16.143007
vn -0.183343 -0.639580 -0.746541
v -1.004894 -7.922010 -16.143007
vn -0.183343 -0.639580 -0.746541
v -2.208746 -7.938938 -15.832850
vn -0.183343 -0.639580 -0.746541
v -2.015078 -7.314256 -16.415594
vn -0.143455 -0.593609 -0.791864
v -1.004894 -7.922010 -16.143007
vn -0.143455 -0.593609 -0.791864
v -2.015078 -7.314256 -16.415594
vn -0.143455 -0.593609 -0.791864
v -1.009492 -7.558826 -16.414431
vn -0.109652 -0.455060 -0.883684
v -1.009492 -7.558826 -16.414431
vn -0.109652 -0.455060 -0.883684
v -2.015078 -7.314256 -16.415594
vn -0.109652 -0.455060 -0.883684
v -1.016283 -7.163625 -16.617100
vn -0.131972 -0.360280 -0.923462
v -1.016283 -7.163625 -16.617100
vn -0.131972 -0.360280 -0.923462
v -2.015078 -7.314256 -16.415594
vn -0.131972 -0.360280 -0.923462
v -1.773785 -6.541924 -16.751396
vn -0.078648 -0.301115 -0.950339
v -1.016283 -7.163625 -16.617100
vn -0.078648 -0.301115 -0.950339
v -1.773785 -6.541924 -16.751396
vn -0.078648 -0.301115 -0.950339
v -1.026533 -6.726888 -16.754631
vn -0.030169 0.398229 -0.916790
v 0.244997 6.328066 -16.306965
vn -0.030169 0.398229 -0.916790
v -0.947683 5.440114 -16.653419
vn -0.030169 0.398229 -0.916790
v -1.081142 6.232598 -16.304794
vn -0.103712 0.385817 -0.916728
v -1.081142 6.232598 -16.304794
vn -0.103712 0.385817 -0.916728
v -0.947683 5.440114 -16.653419
vn -0.103712 0.385817 -0.916728
v -2.083309 5.134858 -16.653416
vn -0.103762 0.385855 -0.916706
v -1.081142 6.232598 -16.304794
vn -0.103762 0.385855 -0.916706
v -2.083309 5.134858 -16.653416
vn -0.103762 0.385855 -0.916706
v -2.365101 5.887461 -16.304737
vn -0.153468 0.367506 -0.917271
v -2.365101 5.887461 -16.304737
vn -0.153468 0.367506 -0.917271
v -2.083309 5.134858 -16.653416
vn -0.153468 0.367506 -0.917271
v -2.542200 4.941889 -16.653952
vn -0.178822 0.370158 -0.911595
v -2.365101 5.887461 -16.304737
vn -0.178822 0.370158 -0.911595
v -2.542200 4.941889 -16.653952
vn -0.178822 0.370158 -0.911595
v -3.560435 5.305294 -16.306648
vn -0.187255 0.351832 -0.917142
v -2.542200 4.941889 -16.653952
vn -0.187255 0.351832 -0.917142
v -3.140577 4.619915 -16.655294
vn -0.187255 0.351832 -0.917142
v -3.560435 5.305294 -16.306648
vn -0.237309 0.321024 -0.916858
v -3.560435 5.305294 -16.306648
vn -0.237309 0.321024 -0.916858
v -3.140577 4.619915 -16.655294
vn -0.237309 0.321024 -0.916858
v -4.081152 3.913998 -16.659012
vn -0.237310 0.321024 -0.916857
v -3.560435 5.305294 -16.306648
vn -0.237310 0.321024 -0.916857
v -4.081152 3.913998 -16.659012
vn -0.237310 0.321024 -0.916857
v -4.623758 4.507145 -16.310888
vn -0.062277 0.852055 -0.519734
v 0.269979 7.278053 -15.214705
vn -0.062277 0.852055 -0.519734
v 0.261580 6.972737 -15.714237
vn -0.062277 0.852055 -0.519734
v -1.187953 6.868277 -15.711800
vn -0.052785 0.716230 -0.695865
v -1.187953 6.868277 -15.711800
vn -0.052785 0.716230 -0.695865
v 0.261580 6.972737 -15.714237
vn -0.052785 0.716230 -0.695865
v 0.250986 6.564559 -16.133558
vn -0.073349 0.673676 -0.735378
v 0.250986 6.564559 -16.133558
vn -0.073349 0.673676 -0.735378
v -1.081142 6.232598 -16.304794
vn -0.073349 0.673676 -0.735378
v -1.187953 6.868277 -15.711800
vn -0.176225 0.655460 -0.734382
v -1.187953 6.868277 -15.711800
vn -0.176225 0.655460 -0.734382
v -1.081142 6.232598 -16.304794
vn -0.176225 0.655460 -0.734382
v -2.365101 5.887461 -16.304737
vn -0.176181 0.655430 -0.734420
v -1.187953 6.868277 -15.711800
vn -0.176181 0.655430 -0.734420
v -2.365101 5.887461 -16.304737
vn -0.176181 0.655430 -0.734420
v -2.591342 6.491143 -15.711710
vn -0.296183 0.610548 -0.734512
v -2.591342 6.491143 -15.711710
vn -0.296183 0.610548 -0.734512
v -2.365101 5.887461 -16.304737
vn -0.296183 0.610548 -0.734512
v -3.560435 5.305294 -16.306648
vn -0.295942 0.610443 -0.734696
v -2.591342 6.491143 -15.711710
vn -0.295942 0.610443 -0.734696
v -3.560435 5.305294 -16.306648
vn -0.295942 0.610443 -0.734696
v -3.897894 5.854870 -15.714085
vn -0.405177 0.543697 -0.735000
v -3.897894 5.854870 -15.714085
vn -0.405177 0.543697 -0.735000
v -3.560435 5.305294 -16.306648
vn -0.405177 0.543697 -0.735000
v -4.623758 4.507145 -16.310888
vn -0.405157 0.543692 -0.735015
v -3.897894 5.854870 -15.714085
vn -0.405157 0.543692 -0.735015
v -4.623758 4.507145 -16.310888
vn -0.405157 0.543692 -0.735015
v -5.060251 4.982425 -15.718718
vn -0.085498 0.877235 -0.472385
v 0.269979 7.278053 -15.214705
vn -0.085498 0.877235 -0.472385
v -1.187953 6.868277 -15.711800
vn -0.085498 0.877235 -0.472385
v -1.256288 7.277173 -14.940098
vn -0.228890 0.851634 -0.471518
v -1.256288 7.277173 -14.940098
vn -0.228890 0.851634 -0.471518
v -1.187953 6.868277 -15.711800
vn -0.228890 0.851634 -0.471518
v -2.591342 6.491143 -15.711710
vn -0.228984 0.851675 -0.471398
v -1.256288 7.277173 -14.940098
vn -0.228984 0.851675 -0.471398
v -2.591342 6.491143 -15.711710
vn -0.228984 0.851675 -0.471398
v -2.737131 6.879202 -14.939785
vn -0.385406 0.793172 -0.471530
v -2.737131 6.879202 -14.939785
vn -0.385406 0.793172 -0.471530
v -2.591342 6.491143 -15.711710
vn -0.385406 0.793172 -0.471530
v -3.897894 5.854870 -15.714085
vn -0.385546 0.793203 -0.471363
v -2.737131 6.879202 -14.939785
vn -0.385546 0.793203 -0.471363
v -3.897894 5.854870 -15.714085
vn -0.385546 0.793203 -0.471363
v -4.115767 6.207634 -14.942253
vn -0.528090 0.706077 -0.471780
v -4.115767 6.207634 -14.942253
vn -0.528090 0.706077 -0.471780
v -3.897894 5.854870 -15.714085
vn -0.528090 0.706077 -0.471780
v -5.060251 4.982425 -15.718718
vn -0.528039 0.706076 -0.471838
v -4.115767 6.207634 -14.942253
vn -0.528039 0.706076 -0.471838
v -5.060251 4.982425 -15.718718
vn -0.528039 0.706076 -0.471838
v -5.342109 5.287097 -14.947364
vn -0.154717 -0.352724 -0.922848
v -2.856792 -6.083892 -16.744892
vn -0.154717 -0.352724 -0.922848
v -1.773785 -6.541924 -16.751396
vn -0.154717 -0.352724 -0.922848
v -3.239477 -6.796273 -16.408455
vn -0.154673 -0.352895 -0.922790
v -3.239477 -6.796273 -16.408455
vn -0.154673 -0.352895 -0.922790
v -1.773785 -6.541924 -16.751396
vn -0.154673 -0.352895 -0.922790
v -2.015078 -7.314256 -16.415594
vn -0.263666 -0.612983 -0.744803
v -3.239477 -6.796273 -16.408455
vn -0.263666 -0.612983 -0.744803
v -2.015078 -7.314256 -16.415594
vn -0.263666 -0.612983 -0.744803
v -3.547163 -7.372772 -15.825065
vn -0.263651 -0.613030 -0.744770
v -3.547163 -7.372772 -15.825065
vn -0.263651 -0.613030 -0.744770
v -2.015078 -7.314256 -16.415594
vn -0.263651 -0.613030 -0.744770
v -2.208746 -7.938938 -15.832850
vn -0.343103 -0.804427 -0.484951
v -3.547163 -7.372772 -15.825065
vn -0.343103 -0.804427 -0.484951
v -2.208746 -7.938938 -15.832850
vn -0.343103 -0.804427 -0.484951
v -3.745596 -7.749619 -15.059568
vn -0.343119 -0.804397 -0.484990
v -3.745596 -7.749619 -15.059568
vn -0.343119 -0.804397 -0.484990
v -2.208746 -7.938938 -15.832850
vn -0.343119 -0.804397 -0.484990
v -2.333400 -8.347016 -15.067829
vn -0.071198 0.984981 -0.157302
v -1.278577 7.413709 -14.075060
vn -0.071198 0.984981 -0.157302
v 0.278595 7.525848 -14.077681
vn -0.071198 0.984981 -0.157302
v -1.256288 7.277173 -14.940098
vn -0.071198 0.984981 -0.157302
v 0.273213 7.387331 -14.942599
vn -0.067309 0.926136 -0.371135
v -1.256288 7.277173 -14.940098
vn -0.067309 0.926136 -0.371135
v 0.273213 7.387331 -14.942599
vn -0.067309 0.926136 -0.371135
v 0.269979 7.278053 -15.214705
vn -0.687882 0.708193 -0.159002
v -5.816761 5.019731 -14.084753
vn -0.687882 0.708193 -0.159002
v -5.438444 5.387695 -14.082534
vn -0.687882 0.708193 -0.159002
v -5.342109 5.287097 -14.947364
vn -0.592330 0.790075 -0.157883
v -5.342109 5.287097 -14.947364
vn -0.592330 0.790075 -0.157883
v -5.438444 5.387695 -14.082534
vn -0.592330 0.790075 -0.157883
v -4.189717 6.324876 -14.077564
vn -0.592385 0.790053 -0.157785
v -5.342109 5.287097 -14.947364
vn -0.592385 0.790053 -0.157785
v -4.189717 6.324876 -14.077564
vn -0.592385 0.790053 -0.157785
v -4.115767 6.207634 -14.942253
vn -0.505343 0.848286 -0.158236
v -4.115767 6.207634 -14.942253
vn -0.505343 0.848286 -0.158236
v -4.189717 6.324876 -14.077564
vn -0.505343 0.848286 -0.158236
v -4.044506 6.411504 -14.076903
vn -0.431066 0.885554 -0.173133
v -4.115767 6.207634 -14.942253
vn -0.431066 0.885554 -0.173133
v -4.044506 6.411504 -14.076903
vn -0.431066 0.885554 -0.173133
v -2.737131 6.879202 -14.939785
vn -0.423104 0.892303 -0.157411
v -2.737131 6.879202 -14.939785
vn -0.423104 0.892303 -0.157411
v -4.044506 6.411504 -14.076903
vn -0.423104 0.892303 -0.157411
v -2.786237 7.008466 -14.075052
vn -0.256344 0.953730 -0.157124
v -2.737131 6.879202 -14.939785
vn -0.256344 0.953730 -0.157124
v -2.786237 7.008466 -14.075052
vn -0.256344 0.953730 -0.157124
v -1.256288 7.277173 -14.940098
vn -0.292252 0.928662 -0.228419
v -1.256288 7.277173 -14.940098
vn -0.292252 0.928662 -0.228419
v -2.786237 7.008466 -14.075052
vn -0.292252 0.928662 -0.228419
v -1.960150 7.268577 -14.074484
vn -0.205787 0.965800 -0.157743
v -1.256288 7.277173 -14.940098
vn -0.205787 0.965800 -0.157743
v -1.960150 7.268577 -14.074484
vn -0.205787 0.965800 -0.157743
v -1.278577 7.413709 -14.075060
vn -0.752043 0.639619 -0.159120
v -6.486664 4.230832 -14.089767
vn -0.752043 0.639619 -0.159120
v -5.816761 5.019731 -14.084753
vn -0.752043 0.639619 -0.159120
v -6.371858 4.150747 -14.954289
vn -0.726157 0.659225 -0.195240
v -6.371858 4.150747 -14.954289
vn -0.726157 0.659225 -0.195240
v -5.816761 5.019731 -14.084753
vn -0.726157 0.659225 -0.195240
v -5.342109 5.287097 -14.947364
vn -0.651657 0.593404 -0.472457
v -6.371858 4.150747 -14.954289
vn -0.651657 0.593404 -0.472457
v -5.342109 5.287097 -14.947364
vn -0.651657 0.593404 -0.472457
v -6.036128 3.905407 -15.725505
vn -0.651624 0.593409 -0.472495
v -6.036128 3.905407 -15.725505
vn -0.651624 0.593409 -0.472495
v -5.342109 5.287097 -14.947364
vn -0.651624 0.593409 -0.472495
v -5.060251 4.982425 -15.718718
vn -0.499875 0.457567 -0.735362
v -6.036128 3.905407 -15.725505
vn -0.499875 0.457567 -0.735362
v -5.060251 4.982425 -15.718718
vn -0.499875 0.457567 -0.735362
v -5.516490 3.521944 -16.317341
vn -0.499638 0.457560 -0.735527
v -5.516490 3.521944 -16.317341
vn -0.499638 0.457560 -0.735527
v -5.060251 4.982425 -15.718718
vn -0.499638 0.457560 -0.735527
v -4.623758 4.507145 -16.310888
vn -0.292108 0.270700 -0.917275
v -5.516490 3.521944 -16.317341
vn -0.292108 0.270700 -0.917275
v -4.623758 4.507145 -16.310888
vn -0.292108 0.270700 -0.917275
v -4.870812 3.042410 -16.664474
vn -0.292475 0.270732 -0.917149
v -4.870812 3.042410 -16.664474
vn -0.292475 0.270732 -0.917149
v -4.623758 4.507145 -16.310888
vn -0.292475 0.270732 -0.917149
v -4.081152 3.913998 -16.659012
vn -0.879086 0.448787 -0.160618
v -7.296802 2.896235 -14.099058
vn -0.879086 0.448787 -0.160618
v -7.143199 3.197885 -14.096901
vn -0.879086 0.448787 -0.160618
v -7.167548 2.839994 -14.963636
vn -0.839101 0.510710 -0.187310
v -7.167548 2.839994 -14.963636
vn -0.839101 0.510710 -0.187310
v -7.143199 3.197885 -14.096901
vn -0.839101 0.510710 -0.187310
v -6.371858 4.150747 -14.954289
vn -0.751330 0.459471 -0.473699
v -7.167548 2.839994 -14.963636
vn -0.751330 0.459471 -0.473699
v -6.371858 4.150747 -14.954289
vn -0.751330 0.459471 -0.473699
v -6.790075 2.663177 -15.733848
vn -0.751625 0.459363 -0.473335
v -6.790075 2.663177 -15.733848
vn -0.751625 0.459363 -0.473335
v -6.371858 4.150747 -14.954289
vn -0.751625 0.459363 -0.473335
v -6.036128 3.905407 -15.725505
vn -0.576507 0.354843 -0.736021
v -6.790075 2.663177 -15.733848
vn -0.576507 0.354843 -0.736021
v -6.036128 3.905407 -15.725505
vn -0.576507 0.354843 -0.736021
v -6.206436 2.385327 -16.324953
vn -0.576461 0.354850 -0.736053
v -6.206436 2.385327 -16.324953
vn -0.576461 0.354850 -0.736053
v -6.036128 3.905407 -15.725505
vn -0.576461 0.354850 -0.736053
v -5.516490 3.521944 -16.317341
vn -0.336911 0.210656 -0.917668
v -6.206436 2.385327 -16.324953
vn -0.336911 0.210656 -0.917668
v -5.516490 3.521944 -16.317341
vn -0.336911 0.210656 -0.917668
v -5.480927 2.037143 -16.671242
vn -0.336913 0.210656 -0.917668
v -5.480927 2.037143 -16.671242
vn -0.336913 0.210656 -0.917668
v -5.516490 3.521944 -16.317341
vn -0.336913 0.210656 -0.917668
v -4.870812 3.042410 -16.664474
vn -0.369263 0.143719 -0.918145
v -5.480927 2.037143 -16.671242
vn -0.369263 0.143719 -0.918145
v -5.889531 0.934576 -16.679495
vn -0.369263 0.143719 -0.918145
v -6.206436 2.385327 -16.324953
vn -0.369304 0.143707 -0.918130
v -6.206436 2.385327 -16.324953
vn -0.369304 0.143707 -0.918130
v -5.889531 0.934576 -16.679495
vn -0.369304 0.143707 -0.918130
v -6.668314 1.138682 -16.334295
vn -0.632139 0.239727 -0.736839
v -6.206436 2.385327 -16.324953
vn -0.632139 0.239727 -0.736839
v -6.668314 1.138682 -16.334295
vn -0.632139 0.239727 -0.736839
v -6.790075 2.663177 -15.733848
vn -0.632086 0.239747 -0.736878
v -6.790075 2.663177 -15.733848
vn -0.632086 0.239747 -0.736878
v -6.668314 1.138682 -16.334295
vn -0.632086 0.239747 -0.736878
v -7.295002 1.300515 -15.744075
vn -0.824093 0.308927 -0.474799
v -6.790075 2.663177 -15.733848
vn -0.824093 0.308927 -0.474799
v -7.295002 1.300515 -15.744075
vn -0.824093 0.308927 -0.474799
v -7.167548 2.839994 -14.963636
vn -0.824106 0.308919 -0.474782
v -7.167548 2.839994 -14.963636
vn -0.824106 0.308919 -0.474782
v -7.295002 1.300515 -15.744075
vn -0.824106 0.308919 -0.474782
v -7.700334 1.402173 -14.974373
vn -0.925117 0.344004 -0.160683
v -7.167548 2.839994 -14.963636
vn -0.925117 0.344004 -0.160683
v -7.700334 1.402173 -14.974373
vn -0.925117 0.344004 -0.160683
v -7.296802 2.896235 -14.099058
vn -0.925115 0.344008 -0.160691
v -7.296802 2.896235 -14.099058
vn -0.925115 0.344008 -0.160691
v -7.700334 1.402173 -14.974373
vn -0.925115 0.344008 -0.160691
v -7.839268 1.432361 -14.109893
vn -0.976533 0.141192 -0.162629
v -8.094400 -0.107814 -14.122025
vn -0.976533 0.141192 -0.162629
v -7.923687 1.083863 -14.112502
vn -0.976533 0.141192 -0.162629
v -7.950860 -0.110622 -14.986376
vn -0.968133 0.161843 -0.191118
v -7.950860 -0.110622 -14.986376
vn -0.968133 0.161843 -0.191118
v -7.923687 1.083863 -14.112502
vn -0.968133 0.161843 -0.191118
v -7.700334 1.402173 -14.974373
vn -0.867049 0.147363 -0.475931
v -7.950860 -0.110622 -14.986376
vn -0.867049 0.147363 -0.475931
v -7.700334 1.402173 -14.974373
vn -0.867049 0.147363 -0.475931
v -7.532533 -0.133187 -15.755469
vn -0.866984 0.147422 -0.476032
v -7.532533 -0.133187 -15.755469
vn -0.866984 0.147422 -0.476032
v -7.700334 1.402173 -14.974373
vn -0.866984 0.147422 -0.476032
v -7.295002 1.300515 -15.744075
vn -0.665023 0.116042 -0.737752
v -7.532533 -0.133187 -15.755469
vn -0.665023 0.116042 -0.737752
v -7.295002 1.300515 -15.744075
vn -0.665023 0.116042 -0.737752
v -6.885723 -0.172897 -16.344761
vn -0.664918 0.116106 -0.737837
v -6.885723 -0.172897 -16.344761
vn -0.664918 0.116106 -0.737837
v -7.295002 1.300515 -15.744075
vn -0.664918 0.116106 -0.737837
v -6.668314 1.138682 -16.334295
vn -0.388615 0.071748 -0.918603
v -6.885723 -0.172897 -16.344761
vn -0.388615 0.071748 -0.918603
v -6.668314 1.138682 -16.334295
vn -0.388615 0.071748 -0.918603
v -6.081799 -0.225439 -16.688965
vn -0.388380 0.071872 -0.918692
v -6.081799 -0.225439 -16.688965
vn -0.388380 0.071872 -0.918692
v -6.668314 1.138682 -16.334295
vn -0.388380 0.071872 -0.918692
v -5.889531 0.934576 -16.679495
vn -0.982378 -0.088028 -0.164880
v -8.053055 -1.668235 -14.135347
vn -0.982378 -0.088028 -0.164880
v -8.099117 -1.162690 -14.130809
vn -0.982378 -0.088028 -0.164880
v -7.910269 -1.643437 -14.999327
vn -0.979583 -0.024254 -0.199572
v -7.910269 -1.643437 -14.999327
vn -0.979583 -0.024254 -0.199572
v -8.099117 -1.162690 -14.130809
vn -0.979583 -0.024254 -0.199572
v -7.950860 -0.110622 -14.986376
vn -0.878517 -0.019231 -0.477323
v -7.910269 -1.643437 -14.999327
vn -0.878517 -0.019231 -0.477323
v -7.950860 -0.110622 -14.986376
vn -0.878517 -0.019231 -0.477323
v -7.494048 -1.585908 -15.767703
vn -0.878535 -0.019254 -0.477289
v -7.494048 -1.585908 -15.767703
vn -0.878535 -0.019254 -0.477289
v -7.950860 -0.110622 -14.986376
vn -0.878535 -0.019254 -0.477289
v -7.532533 -0.133187 -15.755469
vn -0.673928 -0.011633 -0.738706
v -7.494048 -1.585908 -15.767703
vn -0.673928 -0.011633 -0.738706
v -7.532533 -0.133187 -15.755469
vn -0.673928 -0.011633 -0.738706
v -6.850471 -1.501933 -16.356167
vn -0.673817 -0.011533 -0.738808
v -6.850471 -1.501933 -16.356167
vn -0.673817 -0.011533 -0.738808
v -7.532533 -0.133187 -15.755469
vn -0.673817 -0.011533 -0.738808
v -6.885723 -0.172897 -16.344761
vn -0.405290 -0.002905 -0.914183
v -6.850471 -1.501933 -16.356167
vn -0.405290 -0.002905 -0.914183
v -6.885723 -0.172897 -16.344761
vn -0.405290 -0.002905 -0.914183
v -6.094851 -0.790011 -16.693422
vn -0.392640 0.016337 -0.919547
v -6.094851 -0.790011 -16.693422
vn -0.392640 0.016337 -0.919547
v -6.885723 -0.172897 -16.344761
vn -0.392640 0.016337 -0.919547
v -6.081799 -0.225439 -16.688965
vn -0.384232 -0.076445 -0.920066
v -6.050618 -1.401024 -16.698580
vn -0.384232 -0.076445 -0.920066
v -5.797223 -2.549360 -16.708990
vn -0.384232 -0.076445 -0.920066
v -6.850471 -1.501933 -16.356167
vn -0.384471 -0.076726 -0.919943
v -6.850471 -1.501933 -16.356167
vn -0.384471 -0.076726 -0.919943
v -5.797223 -2.549360 -16.708990
vn -0.384471 -0.076726 -0.919943
v -6.563997 -2.800251 -16.367609
vn -0.658353 -0.138746 -0.739811
v -6.850471 -1.501933 -16.356167
vn -0.658353 -0.138746 -0.739811
v -6.563997 -2.800251 -16.367609
vn -0.658353 -0.138746 -0.739811
v -7.494048 -1.585908 -15.767703
vn -0.658371 -0.138770 -0.739791
v -7.494048 -1.585908 -15.767703
vn -0.658371 -0.138770 -0.739791
v -6.563997 -2.800251 -16.367609
vn -0.658371 -0.138770 -0.739791
v -7.180943 -3.004843 -15.780185
vn -0.858207 -0.185162 -0.478744
v -7.494048 -1.585908 -15.767703
vn -0.858207 -0.185162 -0.478744
v -7.180943 -3.004843 -15.780185
vn -0.858207 -0.185162 -0.478744
v -7.910269 -1.643437 -14.999327
vn -0.858229 -0.185206 -0.478688
v -7.910269 -1.643437 -14.999327
vn -0.858229 -0.185206 -0.478688
v -7.180943 -3.004843 -15.780185
vn -0.858229 -0.185206 -0.478688
v -7.579826 -3.140794 -15.012438
vn -0.963378 -0.211155 -0.165274
v -7.910269 -1.643437 -14.999327
vn -0.963378 -0.211155 -0.165274
v -7.579826 -3.140794 -15.012438
vn -0.963378 -0.211155 -0.165274
v -8.053055 -1.668235 -14.135347
vn -0.963377 -0.211140 -0.165299
v -8.053055 -1.668235 -14.135347
vn -0.963377 -0.211140 -0.165299
v -7.579826 -3.140794 -15.012438
vn -0.963377 -0.211140 -0.165299
v -7.716607 -3.192777 -14.148872
vn -0.901082 -0.400156 -0.167114
v -7.097376 -4.625941 -14.161972
vn -0.901082 -0.400156 -0.167114
v -7.656261 -3.372305 -14.150297
vn -0.901082 -0.400156 -0.167114
v -6.971647 -4.548395 -15.025592
vn -0.902873 -0.388380 -0.184337
v -6.971647 -4.548395 -15.025592
vn -0.902873 -0.388380 -0.184337
v -7.656261 -3.372305 -14.150297
vn -0.902873 -0.388380 -0.184337
v -7.579826 -3.140794 -15.012438
vn -0.806876 -0.344139 -0.480124
v -6.971647 -4.548395 -15.025592
vn -0.806876 -0.344139 -0.480124
v -7.579826 -3.140794 -15.012438
vn -0.806876 -0.344139 -0.480124
v -6.604387 -4.338965 -15.792905
vn -0.806871 -0.344121 -0.480146
v -6.604387 -4.338965 -15.792905
vn -0.806871 -0.344121 -0.480146
v -7.579826 -3.140794 -15.012438
vn -0.806871 -0.344121 -0.480146
v -7.180943 -3.004843 -15.780185
vn -0.618782 -0.260347 -0.741167
v -6.604387 -4.338965 -15.792905
vn -0.618782 -0.260347 -0.741167
v -7.180943 -3.004843 -15.780185
vn -0.618782 -0.260347 -0.741167
v -6.036551 -4.020748 -16.378757
vn -0.618967 -0.260724 -0.740880
v -6.036551 -4.020748 -16.378757
vn -0.618967 -0.260724 -0.740880
v -7.180943 -3.004843 -15.780185
vn -0.618967 -0.260724 -0.740880
v -6.563997 -2.800251 -16.367609
vn -0.361692 -0.147900 -0.920492
v -6.036551 -4.020748 -16.378757
vn -0.361692 -0.147900 -0.920492
v -6.563997 -2.800251 -16.367609
vn -0.361692 -0.147900 -0.920492
v -5.330798 -3.628843 -16.719040
vn -0.361551 -0.147650 -0.920587
v -5.330798 -3.628843 -16.719040
vn -0.361551 -0.147650 -0.920587
v -6.563997 -2.800251 -16.367609
vn -0.361551 -0.147650 -0.920587
v -5.797223 -2.549360 -16.708990
vn -0.783883 -0.597384 -0.169292
v -6.217704 -5.915586 -14.174731
vn -0.783883 -0.597384 -0.169292
v -6.628694 -5.377836 -14.169267
vn -0.783883 -0.597384 -0.169292
v -6.107669 -5.815279 -15.038185
vn -0.808995 -0.549639 -0.208386
v -6.107669 -5.815279 -15.038185
vn -0.808995 -0.549639 -0.208386
v -6.628694 -5.377836 -14.169267
vn -0.808995 -0.549639 -0.208386
v -6.971647 -4.548395 -15.025592
vn -0.726307 -0.490533 -0.481513
v -6.107669 -5.815279 -15.038185
vn -0.726307 -0.490533 -0.481513
v -6.971647 -4.548395 -15.025592
vn -0.726307 -0.490533 -0.481513
v -5.785688 -5.539566 -15.804734
vn -0.726307 -0.490530 -0.481517
v -5.785688 -5.539566 -15.804734
vn -0.726307 -0.490530 -0.481517
v -6.971647 -4.548395 -15.025592
vn -0.726307 -0.490530 -0.481517
v -6.604387 -4.338965 -15.792905
vn -0.557106 -0.372582 -0.742169
v -5.785688 -5.539566 -15.804734
vn -0.557106 -0.372582 -0.742169
v -6.604387 -4.338965 -15.792905
vn -0.557106 -0.372582 -0.742169
v -5.287433 -5.119112 -16.389822
vn -0.557073 -0.372463 -0.742254
v -5.287433 -5.119112 -16.389822
vn -0.557073 -0.372463 -0.742254
v -6.604387 -4.338965 -15.792905
vn -0.557073 -0.372463 -0.742254
v -6.036551 -4.020748 -16.378757
vn -0.325516 -0.212730 -0.921295
v -5.287433 -5.119112 -16.389822
vn -0.325516 -0.212730 -0.921295
v -6.036551 -4.020748 -16.378757
vn -0.325516 -0.212730 -0.921295
v -4.668164 -4.600466 -16.728382
vn -0.325694 -0.213262 -0.921110
v -4.668164 -4.600466 -16.728382
vn -0.325694 -0.213262 -0.921110
v -6.036551 -4.020748 -16.378757
vn -0.325694 -0.213262 -0.921110
v -5.330798 -3.628843 -16.719040
vn -0.277830 -0.270056 -0.921890
v -4.668164 -4.600466 -16.728382
vn -0.277830 -0.270056 -0.921890
v -3.833403 -5.428735 -16.737324
vn -0.277830 -0.270056 -0.921890
v -5.287433 -5.119112 -16.389822
vn -0.277851 -0.270219 -0.921835
v -5.287433 -5.119112 -16.389822
vn -0.277851 -0.270219 -0.921835
v -3.833403 -5.428735 -16.737324
vn -0.277851 -0.270219 -0.921835
v -4.343692 -6.055565 -16.399773
vn -0.475219 -0.471020 -0.743174
v -5.287433 -5.119112 -16.389822
vn -0.475219 -0.471020 -0.743174
v -4.343692 -6.055565 -16.399773
vn -0.475219 -0.471020 -0.743174
v -5.785688 -5.539566 -15.804734
vn -0.475217 -0.470996 -0.743190
v -5.785688 -5.539566 -15.804734
vn -0.475217 -0.470996 -0.743190
v -4.343692 -6.055565 -16.399773
vn -0.475217 -0.470996 -0.743190
v -4.754103 -6.563205 -15.815629
vn -0.619388 -0.619058 -0.482831
v -5.785688 -5.539566 -15.804734
vn -0.619388 -0.619058 -0.482831
v -4.754103 -6.563205 -15.815629
vn -0.619388 -0.619058 -0.482831
v -6.107669 -5.815279 -15.038185
vn -0.619375 -0.619182 -0.482689
v -6.107669 -5.815279 -15.038185
vn -0.619375 -0.619182 -0.482689
v -4.754103 -6.563205 -15.815629
vn -0.619375 -0.619182 -0.482689
v -5.019194 -6.895365 -15.049383
vn -0.695025 -0.698664 -0.169734
v -6.107669 -5.815279 -15.038185
vn -0.695025 -0.698664 -0.169734
v -5.019194 -6.895365 -15.049383
vn -0.695025 -0.698664 -0.169734
v -6.217704 -5.915586 -14.174731
vn -0.695079 -0.698565 -0.169918
v -6.217704 -5.915586 -14.174731
vn -0.695079 -0.698565 -0.169918
v -5.019194 -6.895365 -15.049383
vn -0.695079 -0.698565 -0.169918
v -5.109563 -7.015307 -14.186604
vn -0.548813 -0.818198 -0.171338
v -3.813096 -7.885013 -14.196808
vn -0.548813 -0.818198 -0.171338
v -5.094047 -7.027910 -14.186759
vn -0.548813 -0.818198 -0.171338
v -3.745596 -7.749619 -15.059568
vn -0.549570 -0.817283 -0.173266
v -3.745596 -7.749619 -15.059568
vn -0.549570 -0.817283 -0.173266
v -5.094047 -7.027910 -14.186759
vn -0.549570 -0.817283 -0.173266
v -5.019194 -6.895365 -15.049383
vn -0.490131 -0.724962 -0.483944
v -3.745596 -7.749619 -15.059568
vn -0.490131 -0.724962 -0.483944
v -5.019194 -6.895365 -15.049383
vn -0.490131 -0.724962 -0.483944
v -3.547163 -7.372772 -15.825065
vn -0.490109 -0.725037 -0.483855
v -3.547163 -7.372772 -15.825065
vn -0.490109 -0.725037 -0.483855
v -5.019194 -6.895365 -15.049383
vn -0.490109 -0.725037 -0.483855
v -4.754103 -6.563205 -15.815629
vn -0.376185 -0.552162 -0.744044
v -3.547163 -7.372772 -15.825065
vn -0.376185 -0.552162 -0.744044
v -4.754103 -6.563205 -15.815629
vn -0.376185 -0.552162 -0.744044
v -3.239477 -6.796273 -16.408455
vn -0.376193 -0.552092 -0.744092
v -3.239477 -6.796273 -16.408455
vn -0.376193 -0.552092 -0.744092
v -4.754103 -6.563205 -15.815629
vn -0.376193 -0.552092 -0.744092
v -4.343692 -6.055565 -16.399773
vn -0.226037 -0.326209 -0.917875
v -3.239477 -6.796273 -16.408455
vn -0.226037 -0.326209 -0.917875
v -4.343692 -6.055565 -16.399773
vn -0.226037 -0.326209 -0.917875
v -3.529677 -5.662028 -16.740095
vn -0.240016 -0.301515 -0.922757
v -3.529677 -5.662028 -16.740095
vn -0.240016 -0.301515 -0.922757
v -4.343692 -6.055565 -16.399773
vn -0.240016 -0.301515 -0.922757
v -3.833403 -5.428735 -16.737324
vn -0.214848 -0.947197 -0.238028
v -0.998424 -8.656234 -15.042318
vn -0.214848 -0.947197 -0.238028
v -0.997227 -8.766082 -14.606271
vn -0.214848 -0.947197 -0.238028
v -2.333400 -8.347016 -15.067829
vn -0.239663 -0.955230 -0.173485
v -2.333400 -8.347016 -15.067829
vn -0.239663 -0.955230 -0.173485
v -0.997227 -8.766082 -14.606271
vn -0.239663 -0.955230 -0.173485
v -2.375169 -8.493206 -14.205186
vn -0.384629 -0.906847 -0.172304
v -2.333400 -8.347016 -15.067829
vn -0.384629 -0.906847 -0.172304
v -2.375169 -8.493206 -14.205186
vn -0.384629 -0.906847 -0.172304
v -3.745596 -7.749619 -15.059568
vn -0.339374 -0.907954 -0.245856
v -3.745596 -7.749619 -15.059568
vn -0.339374 -0.907954 -0.245856
v -2.375169 -8.493206 -14.205186
vn -0.339374 -0.907954 -0.245856
v -3.168055 -8.198003 -14.200900
vn -0.430874 -0.885731 -0.172709
v -3.745596 -7.749619 -15.059568
vn -0.430874 -0.885731 -0.172709
v -3.168055 -8.198003 -14.200900
vn -0.430874 -0.885731 -0.172709
v -3.813096 -7.885013 -14.196808
vn -0.071814 0.997382 0.008476
v 0.343346 7.288327 14.421217
vn -0.071814 0.997382 0.008476
v 0.278595 7.525848 -14.077681
vn -0.071814 0.997382 0.008476
v -1.213723 7.176192 14.423769
vn -0.071812 0.997382 0.008476
v -1.213723 7.176192 14.423769
vn -0.071812 0.997382 0.008476
v 0.278595 7.525848 -14.077681
vn -0.071812 0.997382 0.008476
v -1.278577 7.413709 -14.075060
vn -0.208153 0.978058 0.008625
v -1.213723 7.176192 14.423769
vn -0.208153 0.978058 0.008625
v -1.278577 7.413709 -14.075060
vn -0.208153 0.978058 0.008625
v -1.895495 7.031095 14.423869
vn -0.208252 0.978037 0.008623
v -1.895495 7.031095 14.423869
vn -0.208252 0.978037 0.008623
v -1.278577 7.413709 -14.075060
vn -0.208252 0.978037 0.008623
v -1.960150 7.268577 -14.074484
vn -0.300354 0.953789 0.008630
v -1.895495 7.031095 14.423869
vn -0.300354 0.953789 0.008630
v -1.960150 7.268577 -14.074484
vn -0.300354 0.953789 0.008630
v -2.721428 6.771003 14.423847
vn -0.300329 0.953797 0.008630
v -2.721428 6.771003 14.423847
vn -0.300329 0.953797 0.008630
v -1.960150 7.268577 -14.074484
vn -0.300329 0.953797 0.008630
v -2.786237 7.008466 -14.075052
vn -0.428606 0.903452 0.008503
v -2.721428 6.771003 14.423847
vn -0.428606 0.903452 0.008503
v -2.786237 7.008466 -14.075052
vn -0.428606 0.903452 0.008503
v -3.979728 6.174077 14.421517
vn -0.428632 0.903439 0.008501
v -3.979728 6.174077 14.421517
vn -0.428632 0.903439 0.008501
v -2.786237 7.008466 -14.075052
vn -0.428632 0.903439 0.008501
v -4.044506 6.411504 -14.076903
vn -0.512311 0.858760 0.008319
v -3.979728 6.174077 14.421517
vn -0.512311 0.858760 0.008319
v -4.044506 6.411504 -14.076903
vn -0.512311 0.858760 0.008319
v -4.125091 6.087359 14.421279
vn -0.512339 0.858743 0.008319
v -4.125091 6.087359 14.421279
vn -0.512339 0.858743 0.008319
v -4.044506 6.411504 -14.076903
vn -0.512339 0.858743 0.008319
v -4.189717 6.324876 -14.077564
vn -0.600362 0.799688 0.008026
v -4.125091 6.087359 14.421279
vn -0.600362 0.799688 0.008026
v -4.189717 6.324876 -14.077564
vn -0.600362 0.799688 0.008026
v -5.373576 5.150115 14.416352
vn -0.600262 0.799763 0.008033
v -5.373576 5.150115 14.416352
vn -0.600262 0.799763 0.008033
v -4.189717 6.324876 -14.077564
vn -0.600262 0.799763 0.008033
v -5.438444 5.387695 -14.082534
vn -0.697007 0.717025 0.007564
v -5.373576 5.150115 14.416352
vn -0.697007 0.717025 0.007564
v -5.438444 5.387695 -14.082534
vn -0.697007 0.717025 0.007564
v -5.752072 4.782210 14.414150
vn -0.697234 0.716804 0.007557
v -5.752072 4.782210 14.414150
vn -0.697234 0.716804 0.007557
v -5.438444 5.387695 -14.082534
vn -0.697234 0.716804 0.007557
v -5.816761 5.019731 -14.084753
vn -0.762299 0.647186 0.007124
v -5.752072 4.782210 14.414150
vn -0.762299 0.647186 0.007124
v -5.816761 5.019731 -14.084753
vn -0.762299 0.647186 0.007124
v -6.421982 3.993201 14.409006
vn -0.762257 0.647235 0.007127
v -6.421982 3.993201 14.409006
vn -0.762257 0.647235 0.007127
v -5.816761 5.019731 -14.084753
vn -0.762257 0.647235 0.007127
v -6.486664 4.230832 -14.089767
vn -0.843935 0.536408 0.006388
v -6.421982 3.993201 14.409006
vn -0.843935 0.536408 0.006388
v -6.486664 4.230832 -14.089767
vn -0.843935 0.536408 0.006388
v -7.078510 2.960364 14.402000
vn -0.843958 0.536371 0.006386
v -7.078510 2.960364 14.402000
vn -0.843958 0.536371 0.006386
v -6.486664 4.230832 -14.089767
vn -0.843958 0.536371 0.006386
v -7.143199 3.197885 -14.096901
vn -0.891266 0.453444 0.005802
v -7.078510 2.960364 14.402000
vn -0.891266 0.453444 0.005802
v -7.143199 3.197885 -14.096901
vn -0.891266 0.453444 0.005802
v -7.232053 2.658596 14.399832
vn -0.891122 0.453726 0.005808
v -7.232053 2.658596 14.399832
vn -0.891122 0.453726 0.005808
v -7.143199 3.197885 -14.096901
vn -0.891122 0.453726 0.005808
v -7.296802 2.896235 -14.099058
vn -0.937679 0.347465 0.005028
v -7.232053 2.658596 14.399832
vn -0.937679 0.347465 0.005028
v -7.296802 2.896235 -14.099058
vn -0.937679 0.347465 0.005028
v -7.774530 1.194813 14.388822
vn -0.937688 0.347441 0.005026
v -7.774530 1.194813 14.388822
vn -0.937688 0.347441 0.005026
v -7.296802 2.896235 -14.099058
vn -0.937688 0.347441 0.005026
v -7.839268 1.432361 -14.109893
vn -0.971882 0.235433 0.004170
v -7.774530 1.194813 14.388822
vn -0.971882 0.235433 0.004170
v -7.839268 1.432361 -14.109893
vn -0.971882 0.235433 0.004170
v -7.858953 0.846359 14.386157
vn -0.971891 0.235396 0.004169
v -7.858953 0.846359 14.386157
vn -0.971891 0.235396 0.004169
v -7.839268 1.432361 -14.109893
vn -0.971891 0.235396 0.004169
v -7.923687 1.083863 -14.112502
vn -0.989890 0.141798 0.003430
v -7.858953 0.846359 14.386157
vn -0.989890 0.141798 0.003430
v -7.923687 1.083863 -14.112502
vn -0.989890 0.141798 0.003430
v -8.029685 -0.345289 14.376328
vn -0.989892 0.141779 0.003429
v -8.029685 -0.345289 14.376328
vn -0.989892 0.141779 0.003429
v -7.923687 1.083863 -14.112502
vn -0.989892 0.141779 0.003429
v -8.094400 -0.107814 -14.122025
vn -0.999987 0.004449 0.002308
v -8.029685 -0.345289 14.376328
vn -0.999987 0.004449 0.002308
v -8.094400 -0.107814 -14.122025
vn -0.999987 0.004449 0.002308
v -8.034399 -1.400276 14.367592
vn -0.999987 0.004452 0.002308
v -8.034399 -1.400276 14.367592
vn -0.999987 0.004452 0.002308
v -8.094400 -0.107814 -14.122025
vn -0.999987 0.004452 0.002308
v -8.099117 -1.162690 -14.130809
vn -0.995870 -0.090783 0.001505
v -8.034399 -1.400276 14.367592
vn -0.995870 -0.090783 0.001505
v -8.099117 -1.162690 -14.130809
vn -0.995870 -0.090783 0.001505
v -7.988311 -1.905910 14.363477
vn -0.995872 -0.090751 0.001506
v -7.988311 -1.905910 14.363477
vn -0.995872 -0.090751 0.001506
v -8.099117 -1.162690 -14.130809
vn -0.995872 -0.090751 0.001506
v -8.053055 -1.668235 -14.135347
vn -0.976499 -0.215523 0.000421
v -7.988311 -1.905910 14.363477
vn -0.976499 -0.215523 0.000421
v -8.053055 -1.668235 -14.135347
vn -0.976499 -0.215523 0.000421
v -7.651857 -3.430356 14.350019
vn -0.976502 -0.215506 0.000422
v -7.651857 -3.430356 14.350019
vn -0.976502 -0.215506 0.000422
v -8.053055 -1.668235 -14.135347
vn -0.976502 -0.215506 0.000422
v -7.716607 -3.192777 -14.148872
vn -0.947928 -0.318486 -0.000501
v -7.651857 -3.430356 14.350019
vn -0.947928 -0.318486 -0.000501
v -7.716607 -3.192777 -14.148872
vn -0.947928 -0.318486 -0.000501
v -7.591583 -3.609753 14.348427
vn -0.947884 -0.318615 -0.000503
v -7.591583 -3.609753 14.348427
vn -0.947884 -0.318615 -0.000503
v -7.716607 -3.192777 -14.148872
vn -0.947884 -0.318615 -0.000503
v -7.656261 -3.372305 -14.150297
vn -0.913345 -0.407184 -0.001320
v -7.591583 -3.609753 14.348427
vn -0.913345 -0.407184 -0.001320
v -7.656261 -3.372305 -14.150297
vn -0.913345 -0.407184 -0.001320
v -7.032657 -4.863427 14.336437
vn -0.913352 -0.407170 -0.001319
v -7.032657 -4.863427 14.336437
vn -0.913352 -0.407170 -0.001319
v -7.656261 -3.372305 -14.150297
vn -0.913352 -0.407170 -0.001319
v -7.097376 -4.625941 -14.161972
vn -0.848672 -0.528914 -0.002480
v -7.032657 -4.863427 14.336437
vn -0.848672 -0.528914 -0.002480
v -7.097376 -4.625941 -14.161972
vn -0.848672 -0.528914 -0.002480
v -6.564038 -5.615318 14.329087
vn -0.848641 -0.528964 -0.002483
v -6.564038 -5.615318 14.329087
vn -0.848641 -0.528964 -0.002483
v -7.097376 -4.625941 -14.161972
vn -0.848641 -0.528964 -0.002483
v -6.628694 -5.377836 -14.169267
vn -0.794481 -0.607281 -0.003258
v -6.564038 -5.615318 14.329087
vn -0.794481 -0.607281 -0.003258
v -6.628694 -5.377836 -14.169267
vn -0.794481 -0.607281 -0.003258
v -6.152921 -6.153136 14.323739
vn -0.794534 -0.607211 -0.003255
v -6.152921 -6.153136 14.323739
vn -0.794534 -0.607211 -0.003255
v -6.628694 -5.377836 -14.169267
vn -0.794534 -0.607211 -0.003255
v -6.217704 -5.915586 -14.174731
vn -0.704422 -0.709768 -0.004315
v -6.152921 -6.153136 14.323739
vn -0.704422 -0.709768 -0.004315
v -6.217704 -5.915586 -14.174731
vn -0.704422 -0.709768 -0.004315
v -5.044826 -7.252815 14.312119
vn -0.704422 -0.709768 -0.004315
v -5.109563 -7.015307 -14.186604
vn -0.630783 -0.775943 -0.005034
v -5.044826 -7.252815 14.312119
vn -0.630783 -0.775943 -0.005034
v -5.109563 -7.015307 -14.186604
vn -0.630783 -0.775943 -0.005034
v -5.029253 -7.265472 14.311888
vn -0.630473 -0.776195 -0.005037
v -5.029253 -7.265472 14.311888
vn -0.630473 -0.776195 -0.005037
v -5.109563 -7.015307 -14.186604
vn -0.630473 -0.776195 -0.005037
v -5.094047 -7.027910 -14.186759
vn -0.556105 -0.831093 -0.005664
v -5.029253 -7.265472 14.311888
vn -0.556105 -0.831093 -0.005664
v -5.094047 -7.027910 -14.186759
vn -0.556105 -0.831093 -0.005664
v -3.748292 -8.122529 14.302027
vn -0.556130 -0.831076 -0.005662
v -3.748292 -8.122529 14.302027
vn -0.556130 -0.831076 -0.005662
v -5.094047 -7.027910 -14.186759
vn -0.556130 -0.831076 -0.005662
v -3.813096 -7.885013 -14.196808
vn -0.436506 -0.899678 -0.006506
v -3.748292 -8.122529 14.302027
vn -0.436506 -0.899678 -0.006506
v -3.813096 -7.885013 -14.196808
vn -0.436506 -0.899678 -0.006506
v -3.103246 -8.435464 14.297999
vn -0.436571 -0.899646 -0.006503
v -3.103246 -8.435464 14.297999
vn -0.436571 -0.899646 -0.006503
v -3.813096 -7.885013 -14.196808
vn -0.436571 -0.899646 -0.006503
v -3.168055 -8.198003 -14.200900
vn -0.348943 -0.937118 -0.007015
v -3.103246 -8.435464 14.297999
vn -0.348943 -0.937118 -0.007015
v -3.168055 -8.198003 -14.200900
vn -0.348943 -0.937118 -0.007015
v -2.310360 -8.730669 14.293712
vn -0.348942 -0.937118 -0.007015
v -2.310360 -8.730669 14.293712
vn -0.348942 -0.937118 -0.007015
v -3.168055 -8.198003 -14.200900
vn -0.348942 -0.937118 -0.007015
v -2.375169 -8.493206 -14.205186
vn -0.216942 -0.976155 -0.007640
v -2.310360 -8.730669 14.293712
vn -0.216942 -0.976155 -0.007640
v -2.375169 -8.493206 -14.205186
vn -0.216942 -0.976155 -0.007640
v -0.931505 -9.037063 14.288062
vn -0.216897 -0.976165 -0.007643
v -0.931505 -9.037063 14.288062
vn -0.216897 -0.976165 -0.007643
v -2.375169 -8.493206 -14.205186
vn -0.216897 -0.976165 -0.007643
v -0.996285 -8.799541 -14.210835
vn 0.023474 0.999690 0.008278
v 8.276341 7.338210 -14.097385
vn 0.023474 0.999690 0.008278
v 0.278595 7.525848 -14.077681
vn 0.023474 0.999690 0.008278
v 8.341087 7.100693 14.401453
vn 0.023474 0.999690 0.008278
v 0.343346 7.288327 14.421217
vn 0.005809 0.346121 -0.938172
v 8.223007 5.336930 -16.675074
vn 0.005809 0.346121 -0.938172
v 0.225284 5.524569 -16.655371
vn 0.005809 0.346121 -0.938172
v 8.236420 5.886110 -16.472380
vn 0.003006 0.397758 -0.917485
v 8.236420 5.886110 -16.472380
vn 0.003006 0.397758 -0.917485
v 0.225284 5.524569 -16.655371
vn 0.003006 0.397758 -0.917485
v 0.244997 6.328066 -16.306965
vn 0.012753 0.544498 -0.838665
v 8.236420 5.886110 -16.472380
vn 0.012753 0.544498 -0.838665
v 0.244997 6.328066 -16.306965
vn 0.012753 0.544498 -0.838665
v 8.248694 6.376880 -16.153564
vn 0.011853 0.591081 -0.806525
v 8.248694 6.376880 -16.153564
vn 0.011853 0.591081 -0.806525
v 0.244997 6.328066 -16.306965
vn 0.011853 0.591081 -0.806525
v 0.250986 6.564559 -16.133558
vn 0.015069 0.716508 -0.697416
v 8.248694 6.376880 -16.153564
vn 0.015069 0.716508 -0.697416
v 0.250986 6.564559 -16.133558
vn 0.015069 0.716508 -0.697416
v 8.259312 6.785098 -15.733942
vn 0.015086 0.716291 -0.697639
v 8.259312 6.785098 -15.733942
vn 0.015086 0.716291 -0.697639
v 0.250986 6.564559 -16.133558
vn 0.015086 0.716291 -0.697639
v 0.261580 6.972737 -15.714237
vn 0.018723 0.852840 -0.521837
v 8.259312 6.785098 -15.733942
vn 0.018723 0.852840 -0.521837
v 0.261580 6.972737 -15.714237
vn 0.018723 0.852840 -0.521837
v 8.267705 7.090537 -15.234461
vn 0.018710 0.852957 -0.521646
v 0.261580 6.972737 -15.714237
vn 0.018710 0.852957 -0.521646
v 0.269979 7.278053 -15.214705
vn 0.018710 0.852957 -0.521646
v 8.267705 7.090537 -15.234461
vn 0.020830 0.927677 -0.372802
v 8.267705 7.090537 -15.234461
vn 0.020830 0.927677 -0.372802
v 0.269979 7.278053 -15.214705
vn 0.020830 0.927677 -0.372802
v 0.273213 7.387331 -14.942599
vn 0.023471 0.947070 -0.320168
v 8.267705 7.090537 -15.234461
vn 0.023471 0.947070 -0.320168
v 0.273213 7.387331 -14.942599
vn 0.023471 0.947070 -0.320168
v 8.273502 7.277896 -14.679821
vn 0.018701 0.987227 -0.158221
v 8.273502 7.277896 -14.679821
vn 0.018701 0.987227 -0.158221
v 0.273213 7.387331 -14.942599
vn 0.018701 0.987227 -0.158221
v 0.278595 7.525848 -14.077681
vn 0.023076 0.994404 -0.103088
v 8.273502 7.277896 -14.679821
vn 0.023076 0.994404 -0.103088
v 0.278595 7.525848 -14.077681
vn 0.023076 0.994404 -0.103088
v 8.276341 7.338210 -14.097385
vn -0.026002 -0.059512 0.997889
v -1.822167 -5.702824 17.057999
vn -0.026002 -0.059512 0.997889
v -1.429158 -4.756260 17.124691
vn -0.026002 -0.059512 0.997889
v -2.262367 -4.291611 17.130690
vn -0.000160 -0.015262 0.999883
v -0.936420 -5.059307 17.120144
vn -0.000160 -0.015262 0.999883
v -0.936713 -4.925070 17.122192
vn -0.000160 -0.015262 0.999883
v -1.429158 -4.756260 17.124691
vn -0.049366 -0.183271 0.981822
v -2.210046 -6.635592 16.872107
vn -0.049366 -0.183271 0.981822
v -0.950106 -7.007061 16.866116
vn -0.049366 -0.183271 0.981822
v -0.940273 -6.064725 17.042511
vn -0.026373 -0.059627 0.997872
v -1.822167 -5.702824 17.057999
vn -0.026373 -0.059627 0.997872
v -2.262367 -4.291611 17.130690
vn -0.026373 -0.059627 0.997872
v -2.861802 -5.123072 17.065165
vn -0.037526 -0.051594 0.997963
v -2.861802 -5.123072 17.065165
vn -0.037526 -0.051594 0.997963
v -2.262367 -4.291611 17.130690
vn -0.037526 -0.051594 0.997963
v -2.967200 -3.648432 17.137438
vn -0.037155 -0.051568 0.997978
v -2.861802 -5.123072 17.065165
vn -0.037155 -0.051568 0.997978
v -2.967200 -3.648432 17.137438
vn -0.037155 -0.051568 0.997978
v -3.741244 -4.320589 17.073889
vn -0.046018 -0.041371 0.998083
v -3.741244 -4.320589 17.073889
vn -0.046018 -0.041371 0.998083
v -2.967200 -3.648432 17.137438
vn -0.046018 -0.041371 0.998083
v -3.506078 -2.860960 17.145233
vn -0.046008 -0.041373 0.998084
v -3.741244 -4.320589 17.073889
vn -0.046008 -0.041373 0.998084
v -3.506078 -2.860960 17.145233
vn -0.046008 -0.041373 0.998084
v -4.413529 -3.338197 17.083620
vn -0.052180 -0.029651 0.998197
v -4.413529 -3.338197 17.083620
vn -0.052180 -0.029651 0.998197
v -3.506078 -2.860960 17.145233
vn -0.052180 -0.029651 0.998197
v -3.850243 -1.971227 17.153671
vn -0.052572 -0.029489 0.998182
v -4.413529 -3.338197 17.083620
vn -0.052572 -0.029489 0.998182
v -3.850243 -1.971227 17.153671
vn -0.052572 -0.029489 0.998182
v -4.842982 -2.228008 17.093800
vn -0.055966 -0.016395 0.998298
v -4.842982 -2.228008 17.093800
vn -0.055966 -0.016395 0.998298
v -3.850243 -1.971227 17.153671
vn -0.055966 -0.016395 0.998298
v -3.981597 -1.026197 17.161827
vn -0.056176 -0.016244 0.998289
v -4.842982 -2.228008 17.093800
vn -0.056176 -0.016244 0.998289
v -3.981597 -1.026197 17.161827
vn -0.056176 -0.016244 0.998289
v -5.006949 -1.048898 17.103760
vn -0.056478 -0.002871 0.998400
v -5.006949 -1.048898 17.103760
vn -0.056478 -0.002871 0.998400
v -3.981597 -1.026197 17.161827
vn -0.056478 -0.002871 0.998400
v -3.893102 -0.076289 17.169565
vn -0.056475 -0.002875 0.998400
v -5.006949 -1.048898 17.103760
vn -0.056475 -0.002875 0.998400
v -3.893102 -0.076289 17.169565
vn -0.056475 -0.002875 0.998400
v -4.896541 0.136379 17.113417
vn -0.053656 0.010453 0.998505
v -4.896541 0.136379 17.113417
vn -0.053656 0.010453 0.998505
v -3.893102 -0.076289 17.169565
vn -0.053656 0.010453 0.998505
v -3.589506 0.828228 17.176411
vn -0.053584 0.010315 0.998510
v -4.896541 0.136379 17.113417
vn -0.053584 0.010315 0.998510
v -3.589506 0.828228 17.176411
vn -0.053584 0.010315 0.998510
v -4.517710 1.264930 17.122087
vn -0.047709 0.022813 0.998601
v -4.517710 1.264930 17.122087
vn -0.047709 0.022813 0.998601
v -3.589506 0.828228 17.176411
vn -0.047709 0.022813 0.998601
v -3.086839 1.639259 17.181898
vn -0.047712 0.022824 0.998600
v -4.517710 1.264930 17.122087
vn -0.047712 0.022824 0.998600
v -3.086839 1.639259 17.181898
vn -0.047712 0.022824 0.998600
v -3.890571 2.276751 17.128925
vn -0.039422 0.033281 0.998668
v -3.890571 2.276751 17.128925
vn -0.039422 0.033281 0.998668
v -3.086839 1.639259 17.181898
vn -0.039422 0.033281 0.998668
v -2.411853 2.313713 17.186066
vn -0.039418 0.033105 0.998674
v -3.890571 2.276751 17.128925
vn -0.039418 0.033105 0.998674
v -2.411853 2.313713 17.186066
vn -0.039418 0.033105 0.998674
v -3.048368 3.118188 17.134275
vn -0.028652 0.041626 0.998722
v -3.048368 3.118188 17.134275
vn -0.028652 0.041626 0.998722
v -2.411853 2.313713 17.186066
vn -0.028652 0.041626 0.998722
v -1.600466 2.815631 17.188425
vn -0.028659 0.041593 0.998724
v -3.048368 3.118188 17.134275
vn -0.028659 0.041593 0.998724
v -1.600466 2.815631 17.188425
vn -0.028659 0.041593 0.998724
v -2.036000 3.744502 17.137243
vn -0.016379 0.047352 0.998744
v -2.036000 3.744502 17.137243
vn -0.016379 0.047352 0.998744
v -1.600466 2.815631 17.188425
vn -0.016379 0.047352 0.998744
v -0.695680 3.118493 17.188904
vn -0.016347 0.047420 0.998741
v -2.036000 3.744502 17.137243
vn -0.016347 0.047420 0.998741
v -0.695680 3.118493 17.188904
vn -0.016347 0.047420 0.998741
v -0.907096 4.122406 17.137777
vn -0.002935 0.050244 0.998733
v -0.907096 4.122406 17.137777
vn -0.002935 0.050244 0.998733
v -0.695680 3.118493 17.188904
vn -0.002935 0.050244 0.998733
v 0.254422 3.206207 17.187283
vn -0.003135 0.049991 0.998745
v -0.907096 4.122406 17.137777
vn -0.003135 0.049991 0.998745
v 0.254422 3.206207 17.187283
vn -0.003135 0.049991 0.998745
v 0.278339 4.231770 17.136024
vn -0.038031 -0.076785 0.996322
v -0.936420 -5.059307 17.120144
vn -0.038031 -0.076785 0.996322
v -1.429158 -4.756260 17.124691
vn -0.038031 -0.076785 0.996322
v -0.940273 -6.064725 17.042511
vn -0.009677 -0.066281 0.997754
v -0.940273 -6.064725 17.042511
vn -0.009677 -0.066281 0.997754
v -1.429158 -4.756260 17.124691
vn -0.009677 -0.066281 0.997754
v -1.822167 -5.702824 17.057999
vn -0.053946 -0.173540 0.983348
v -0.940273 -6.064725 17.042511
vn -0.053946 -0.173540 0.983348
v -1.822167 -5.702824 17.057999
vn -0.053946 -0.173540 0.983348
v -2.210046 -6.635592 16.872107
vn -0.083213 -0.161375 0.983379
v -2.210046 -6.635592 16.872107
vn -0.083213 -0.161375 0.983379
v -1.822167 -5.702824 17.057999
vn -0.083213 -0.161375 0.983379
v -2.861802 -5.123072 17.065165
vn -0.083233 -0.161384 0.983376
v -2.210046 -6.635592 16.872107
vn -0.083233 -0.161384 0.983376
v -2.861802 -5.123072 17.065165
vn -0.083233 -0.161384 0.983376
v -3.453408 -5.942200 16.880661
vn -0.115978 -0.137795 0.983647
v -3.453408 -5.942200 16.880661
vn -0.115978 -0.137795 0.983647
v -2.861802 -5.123072 17.065165
vn -0.115978 -0.137795 0.983647
v -3.741244 -4.320589 17.073889
vn -0.116044 -0.137806 0.983638
v -3.453408 -5.942200 16.880661
vn -0.116044 -0.137806 0.983638
v -3.741244 -4.320589 17.073889
vn -0.116044 -0.137806 0.983638
v -4.504910 -4.982731 16.891031
vn -0.142562 -0.107308 0.983952
v -4.504910 -4.982731 16.891031
vn -0.142562 -0.107308 0.983952
v -3.741244 -4.320589 17.073889
vn -0.142562 -0.107308 0.983952
v -4.413529 -3.338197 17.083620
vn -0.142518 -0.107311 0.983958
v -4.504910 -4.982731 16.891031
vn -0.142518 -0.107311 0.983958
v -4.413529 -3.338197 17.083620
vn -0.142518 -0.107311 0.983958
v -5.308808 -3.807936 16.902718
vn -0.161398 -0.071459 0.984299
v -5.308808 -3.807936 16.902718
vn -0.161398 -0.071459 0.984299
v -4.413529 -3.338197 17.083620
vn -0.161398 -0.071459 0.984299
v -4.842982 -2.228008 17.093800
vn -0.161387 -0.071462 0.984300
v -5.308808 -3.807936 16.902718
vn -0.161387 -0.071462 0.984300
v -4.842982 -2.228008 17.093800
vn -0.161387 -0.071462 0.984300
v -5.822398 -2.480258 16.914900
vn -0.171568 -0.032175 0.984647
v -5.822398 -2.480258 16.914900
vn -0.171568 -0.032175 0.984647
v -4.842982 -2.228008 17.093800
vn -0.171568 -0.032175 0.984647
v -5.006949 -1.048898 17.103760
vn -0.171251 -0.032362 0.984696
v -5.822398 -2.480258 16.914900
vn -0.171251 -0.032362 0.984696
v -5.006949 -1.048898 17.103760
vn -0.171251 -0.032362 0.984696
v -6.018474 -1.070328 16.927137
vn -0.172166 0.008011 0.985035
v -6.018474 -1.070328 16.927137
vn -0.172166 0.008011 0.985035
v -5.006949 -1.048898 17.103760
vn -0.172166 0.008011 0.985035
v -4.896541 0.136379 17.113417
vn -0.172215 0.008058 0.985026
v -6.018474 -1.070328 16.927137
vn -0.172215 0.008058 0.985026
v -4.896541 0.136379 17.113417
vn -0.172215 0.008058 0.985026
v -5.886455 0.346993 16.938625
vn -0.163890 0.047444 0.985337
v -5.886455 0.346993 16.938625
vn -0.163890 0.047444 0.985337
v -4.896541 0.136379 17.113417
vn -0.163890 0.047444 0.985337
v -4.517710 1.264930 17.122087
vn -0.163987 0.047594 0.985314
v -5.886455 0.346993 16.938625
vn -0.163987 0.047594 0.985314
v -4.517710 1.264930 17.122087
vn -0.163987 0.047594 0.985314
v -5.433482 1.696494 16.948828
vn -0.146743 0.084292 0.985577
v -5.433482 1.696494 16.948828
vn -0.146743 0.084292 0.985577
v -4.517710 1.264930 17.122087
vn -0.146743 0.084292 0.985577
v -3.890571 2.276751 17.128925
vn -0.146668 0.084084 0.985606
v -5.433482 1.696494 16.948828
vn -0.146668 0.084084 0.985606
v -3.890571 2.276751 17.128925
vn -0.146668 0.084084 0.985606
v -4.683474 2.906593 16.957201
vn -0.121713 0.115556 0.985816
v -4.683474 2.906593 16.957201
vn -0.121713 0.115556 0.985816
v -3.890571 2.276751 17.128925
vn -0.121713 0.115556 0.985816
v -3.048368 3.118188 17.134275
vn -0.121745 0.115833 0.985779
v -4.683474 2.906593 16.957201
vn -0.121745 0.115833 0.985779
v -3.048368 3.118188 17.134275
vn -0.121745 0.115833 0.985779
v -3.676406 3.912779 16.963345
vn -0.090062 0.140905 0.985918
v -3.676406 3.912779 16.963345
vn -0.090062 0.140905 0.985918
v -3.048368 3.118188 17.134275
vn -0.090062 0.140905 0.985918
v -2.036000 3.744502 17.137243
vn -0.090017 0.141296 0.985866
v -3.676406 3.912779 16.963345
vn -0.090017 0.141296 0.985866
v -2.036000 3.744502 17.137243
vn -0.090017 0.141296 0.985866
v -2.465766 4.661673 16.966551
vn -0.053498 0.158418 0.985922
v -2.465766 4.661673 16.966551
vn -0.053498 0.158418 0.985922
v -2.036000 3.744502 17.137243
vn -0.053498 0.158418 0.985922
v -0.907096 4.122406 17.137777
vn -0.053531 0.158326 0.985935
v -2.465766 4.661673 16.966551
vn -0.053531 0.158326 0.985935
v -0.907096 4.122406 17.137777
vn -0.053531 0.158326 0.985935
v -1.115840 5.113486 16.967291
vn -0.013918 0.166666 0.985915
v -1.115840 5.113486 16.967291
vn -0.013918 0.166666 0.985915
v -0.907096 4.122406 17.137777
vn -0.013918 0.166666 0.985915
v 0.278339 4.231770 17.136024
vn -0.013999 0.166542 0.985935
v -1.115840 5.113486 16.967291
vn -0.013999 0.166542 0.985935
v 0.278339 4.231770 17.136024
vn -0.013999 0.166542 0.985935
v 0.301667 5.244341 16.965315
vn -0.295752 0.939160 0.174668
v -1.895495 7.031095 14.423869
vn -0.295752 0.939160 0.174668
v -2.721428 6.771003 14.423847
vn -0.295752 0.939160 0.174668
v -2.668513 6.627306 15.286084
vn -0.975799 0.138411 0.169287
v -7.858953 0.846359 14.386157
vn -0.975799 0.138411 0.169287
v -8.029685 -0.345289 14.376328
vn -0.975799 0.138411 0.169287
v -7.882350 -0.362510 15.239671
vn -0.783051 -0.600198 0.163076
v -6.564038 -5.615318 14.329087
vn -0.783051 -0.600198 0.163076
v -6.152921 -6.153136 14.323739
vn -0.783051 -0.600198 0.163076
v -6.038839 -6.067094 15.188210
vn -0.496561 0.445274 0.745089
v -5.963816 3.640829 16.036978
vn -0.496561 0.445274 0.745089
v -5.441646 3.247406 16.620090
vn -0.496561 0.445274 0.745089
v -4.548932 4.232628 16.626255
vn -0.615526 -0.272866 0.739372
v -6.532255 -4.603543 15.969587
vn -0.615526 -0.272866 0.739372
v -5.961724 -4.295086 16.558390
vn -0.615526 -0.272866 0.739372
v -6.489038 -3.074785 16.569756
vn -0.034070 0.383012 0.923115
v -1.115840 5.113486 16.967291
vn -0.034070 0.383012 0.923115
v 0.301667 5.244341 16.965315
vn -0.034070 0.383012 0.923115
v 0.319819 6.053545 16.630236
vn -0.127581 0.379686 0.916276
v -2.465766 4.661673 16.966551
vn -0.127581 0.379686 0.916276
v -1.115840 5.113486 16.967291
vn -0.127581 0.379686 0.916276
v -1.006251 5.958065 16.632574
vn -0.368771 -0.059335 0.927625
v -5.822398 -2.480258 16.914900
vn -0.368771 -0.059335 0.927625
v -6.018474 -1.070328 16.927137
vn -0.368771 -0.059335 0.927625
v -6.775646 -1.776495 16.580959
vn -0.088949 -0.316924 0.944271
v -0.940396 -7.441471 16.721230
vn -0.088949 -0.316924 0.944271
v -0.950106 -7.007061 16.866116
vn -0.088949 -0.316924 0.944271
v -2.210046 -6.635592 16.872107
vn -0.140523 -0.607463 0.781820
v -0.934603 -7.833155 16.512297
vn -0.140523 -0.607463 0.781820
v -1.940133 -7.588655 16.521538
vn -0.140523 -0.607463 0.781820
v -0.931244 -8.191744 16.234282
vn -0.179793 -0.651728 0.736834
v -0.931244 -8.191744 16.234282
vn -0.179793 -0.651728 0.736834
v -1.940133 -7.588655 16.521538
vn -0.179793 -0.651728 0.736834
v -2.136610 -8.203580 15.929695
vn -0.213814 -0.951050 0.223131
v -0.930587 -9.010138 14.683845
vn -0.213814 -0.951050 0.223131
v -0.929781 -8.907582 15.121739
vn -0.213814 -0.951050 0.223131
v -2.264752 -8.598827 15.158515
vn -0.198226 -0.902593 0.382142
v -2.264752 -8.598827 15.158515
vn -0.198226 -0.902593 0.382142
v -0.929781 -8.907582 15.121739
vn -0.198226 -0.902593 0.382142
v -0.929346 -8.736428 15.526220
vn -0.218323 -0.853256 0.473591
v -2.264752 -8.598827 15.158515
vn -0.218323 -0.853256 0.473591
v -0.929346 -8.736428 15.526220
vn -0.218323 -0.853256 0.473591
v -2.136610 -8.203580 15.929695
vn -0.187421 -0.826535 0.530766
v -2.136610 -8.203580 15.929695
vn -0.187421 -0.826535 0.530766
v -0.929346 -8.736428 15.526220
vn -0.187421 -0.826535 0.530766
v -0.929730 -8.492716 15.905605
vn -0.161170 -0.728235 0.666107
v -2.136610 -8.203580 15.929695
vn -0.161170 -0.728235 0.666107
v -0.929730 -8.492716 15.905605
vn -0.161170 -0.728235 0.666107
v -0.931244 -8.191744 16.234282
vn -0.350583 -0.144109 0.925378
v -5.822398 -2.480258 16.914900
vn -0.350583 -0.144109 0.925378
v -6.489038 -3.074785 16.569756
vn -0.350583 -0.144109 0.925378
v -5.308808 -3.807936 16.902718
vn -0.361204 -0.164632 0.917839
v -5.308808 -3.807936 16.902718
vn -0.361204 -0.164632 0.917839
v -6.489038 -3.074785 16.569756
vn -0.361204 -0.164632 0.917839
v -5.961724 -4.295086 16.558390
vn -0.317038 -0.226108 0.921066
v -5.308808 -3.807936 16.902718
vn -0.317038 -0.226108 0.921066
v -5.961724 -4.295086 16.558390
vn -0.317038 -0.226108 0.921066
v -4.504910 -4.982731 16.891031
vn -0.267766 -0.303333 0.914489
v -3.453408 -5.942200 16.880661
vn -0.267766 -0.303333 0.914489
v -4.504910 -4.982731 16.891031
vn -0.267766 -0.303333 0.914489
v -5.212592 -5.393527 16.547560
vn -0.316618 -0.225018 0.921477
v -5.212592 -5.393527 16.547560
vn -0.316618 -0.225018 0.921477
v -4.504910 -4.982731 16.891031
vn -0.316618 -0.225018 0.921477
v -5.961724 -4.295086 16.558390
vn -0.553756 -0.384940 0.738360
v -5.212592 -5.393527 16.547560
vn -0.553756 -0.384940 0.738360
v -5.961724 -4.295086 16.558390
vn -0.553756 -0.384940 0.738360
v -5.713433 -5.804268 15.957801
vn -0.553837 -0.384931 0.738304
v -5.713433 -5.804268 15.957801
vn -0.553837 -0.384931 0.738304
v -5.961724 -4.295086 16.558390
vn -0.553837 -0.384931 0.738304
v -6.532255 -4.603543 15.969587
vn -0.724188 -0.498530 0.476465
v -5.713433 -5.804268 15.957801
vn -0.724188 -0.498530 0.476465
v -6.532255 -4.603543 15.969587
vn -0.724188 -0.498530 0.476465
v -6.038839 -6.067094 15.188210
vn -0.572983 0.342579 0.744533
v -6.131492 2.110810 16.612171
vn -0.572983 0.342579 0.744533
v -5.441646 3.247406 16.620090
vn -0.572983 0.342579 0.744533
v -6.718014 2.398434 16.028446
vn -0.573042 0.342754 0.744407
v -6.718014 2.398434 16.028446
vn -0.573042 0.342754 0.744407
v -5.441646 3.247406 16.620090
vn -0.573042 0.342754 0.744407
v -5.963816 3.640829 16.036978
vn -0.749249 0.451506 0.484529
v -6.718014 2.398434 16.028446
vn -0.749249 0.451506 0.484529
v -5.963816 3.640829 16.036978
vn -0.749249 0.451506 0.484529
v -7.098900 2.588123 15.262704
vn -0.025086 0.371129 0.928242
v -1.115840 5.113486 16.967291
vn -0.025086 0.371129 0.928242
v 0.319819 6.053545 16.630236
vn -0.025086 0.371129 0.928242
v -1.006251 5.958065 16.632574
vn -0.040119 0.577157 0.815647
v -1.006251 5.958065 16.632574
vn -0.040119 0.577157 0.815647
v 0.319819 6.053545 16.630236
vn -0.040119 0.577157 0.815647
v 0.325025 6.292915 16.461111
vn -0.070114 0.661215 0.746913
v -1.006251 5.958065 16.632574
vn -0.070114 0.661215 0.746913
v 0.325025 6.292915 16.461111
vn -0.070114 0.661215 0.746913
v -1.115706 6.603694 16.050747
vn -0.260003 -0.625192 0.735890
v -1.940133 -7.588655 16.521538
vn -0.260003 -0.625192 0.735890
v -3.164696 -7.070688 16.528929
vn -0.260003 -0.625192 0.735890
v -2.136610 -8.203580 15.929695
vn -0.260256 -0.625318 0.735693
v -2.136610 -8.203580 15.929695
vn -0.260256 -0.625318 0.735693
v -3.164696 -7.070688 16.528929
vn -0.260256 -0.625318 0.735693
v -3.475089 -7.637411 15.937428
vn -0.340915 -0.812416 0.473030
v -2.136610 -8.203580 15.929695
vn -0.340915 -0.812416 0.473030
v -3.475089 -7.637411 15.937428
vn -0.340915 -0.812416 0.473030
v -2.264752 -8.598827 15.158515
vn -0.340994 -0.812438 0.472935
v -2.264752 -8.598827 15.158515
vn -0.340994 -0.812438 0.472935
v -3.475089 -7.637411 15.937428
vn -0.340994 -0.812438 0.472935
v -3.677086 -8.001410 15.166484
vn -0.856013 -0.193215 0.479489
v -7.422001 -1.850590 15.994357
vn -0.856013 -0.193215 0.479489
v -7.841677 -1.895396 15.227072
vn -0.856013 -0.193215 0.479489
v -7.511257 -3.392703 15.213603
vn -0.649317 0.585357 0.485534
v -4.988008 4.717677 16.043636
vn -0.649317 0.585357 0.485534
v -5.273520 5.035227 15.278978
vn -0.649317 0.585357 0.485534
v -6.303224 3.898953 15.271814
vn -0.401991 0.531599 0.745524
v -4.548932 4.232628 16.626255
vn -0.401991 0.531599 0.745524
v -3.485608 5.030777 16.630484
vn -0.401991 0.531599 0.745524
v -4.988008 4.717677 16.043636
vn -0.402005 0.531361 0.745686
v -4.988008 4.717677 16.043636
vn -0.402005 0.531361 0.745686
v -3.485608 5.030777 16.630484
vn -0.402005 0.531361 0.745686
v -3.825818 5.590169 16.048462
vn -0.525930 0.697868 0.486187
v -4.988008 4.717677 16.043636
vn -0.525930 0.697868 0.486187
v -3.825818 5.590169 16.048462
vn -0.525930 0.697868 0.486187
v -5.273520 5.035227 15.278978
vn -0.525883 0.698061 0.485961
v -5.273520 5.035227 15.278978
vn -0.525883 0.698061 0.485961
v -3.825818 5.590169 16.048462
vn -0.525883 0.698061 0.485961
v -4.047074 5.955780 15.283845
vn -0.216173 -0.974069 0.066766
v -0.931505 -9.037063 14.288062
vn -0.216173 -0.974069 0.066766
v -0.930587 -9.010138 14.683845
vn -0.216173 -0.974069 0.066766
v -2.310360 -8.730669 14.293712
vn -0.238898 -0.957997 0.158647
v -2.310360 -8.730669 14.293712
vn -0.238898 -0.957997 0.158647
v -0.930587 -9.010138 14.683845
vn -0.238898 -0.957997 0.158647
v -2.264752 -8.598827 15.158515
vn -0.343711 -0.925480 0.159218
v -2.310360 -8.730669 14.293712
vn -0.343711 -0.925480 0.159218
v -2.264752 -8.598827 15.158515
vn -0.343711 -0.925480 0.159218
v -3.103246 -8.435464 14.297999
vn -0.380783 -0.902857 0.199636
v -3.103246 -8.435464 14.297999
vn -0.380783 -0.902857 0.199636
v -2.264752 -8.598827 15.158515
vn -0.380783 -0.902857 0.199636
v -3.677086 -8.001410 15.166484
vn -0.430057 -0.888526 0.159916
v -3.103246 -8.435464 14.297999
vn -0.430057 -0.888526 0.159916
v -3.677086 -8.001410 15.166484
vn -0.430057 -0.888526 0.159916
v -3.748292 -8.122529 14.302027
vn -0.548053 -0.820965 0.160169
v -3.748292 -8.122529 14.302027
vn -0.548053 -0.820965 0.160169
v -3.677086 -8.001410 15.166484
vn -0.548053 -0.820965 0.160169
v -5.029253 -7.265472 14.311888
vn -0.621037 -0.766989 0.161375
v -5.044826 -7.252815 14.312119
vn -0.621037 -0.766989 0.161375
v -5.029253 -7.265472 14.311888
vn -0.621037 -0.766989 0.161375
v -4.950502 -7.147278 15.176712
vn -0.548779 -0.820110 0.162055
v -4.950502 -7.147278 15.176712
vn -0.548779 -0.820110 0.162055
v -5.029253 -7.265472 14.311888
vn -0.548779 -0.820110 0.162055
v -3.677086 -8.001410 15.166484
vn -0.487834 -0.732984 0.474080
v -4.950502 -7.147278 15.176712
vn -0.487834 -0.732984 0.474080
v -3.677086 -8.001410 15.166484
vn -0.487834 -0.732984 0.474080
v -4.681967 -6.827847 15.946918
vn -0.487960 -0.732995 0.473933
v -4.681967 -6.827847 15.946918
vn -0.487960 -0.732995 0.473933
v -3.677086 -8.001410 15.166484
vn -0.487960 -0.732995 0.473933
v -3.475089 -7.637411 15.937428
vn -0.372857 -0.564479 0.736438
v -4.681967 -6.827847 15.946918
vn -0.372857 -0.564479 0.736438
v -3.475089 -7.637411 15.937428
vn -0.372857 -0.564479 0.736438
v -4.268853 -6.330099 16.537600
vn -0.372822 -0.564469 0.736463
v -4.268853 -6.330099 16.537600
vn -0.372822 -0.564469 0.736463
v -3.475089 -7.637411 15.937428
vn -0.372822 -0.564469 0.736463
v -3.164696 -7.070688 16.528929
vn -0.196562 -0.303971 0.932183
v -4.268853 -6.330099 16.537600
vn -0.196562 -0.303971 0.932183
v -3.164696 -7.070688 16.528929
vn -0.196562 -0.303971 0.932183
v -2.210046 -6.635592 16.872107
vn -0.154979 -0.379412 0.912156
v -2.210046 -6.635592 16.872107
vn -0.154979 -0.379412 0.912156
v -3.164696 -7.070688 16.528929
vn -0.154979 -0.379412 0.912156
v -1.940133 -7.588655 16.521538
vn -0.128363 -0.374182 0.918428
v -2.210046 -6.635592 16.872107
vn -0.128363 -0.374182 0.918428
v -1.940133 -7.588655 16.521538
vn -0.128363 -0.374182 0.918428
v -0.940396 -7.441471 16.721230
vn -0.106036 -0.469216 0.876694
v -0.940396 -7.441471 16.721230
vn -0.106036 -0.469216 0.876694
v -1.940133 -7.588655 16.521538
vn -0.106036 -0.469216 0.876694
v -0.934603 -7.833155 16.512297
vn -0.202576 -0.374414 0.904863
v -2.210046 -6.635592 16.872107
vn -0.202576 -0.374414 0.904863
v -3.453408 -5.942200 16.880661
vn -0.202576 -0.374414 0.904863
v -4.268853 -6.330099 16.537600
vn -0.260287 -0.272130 0.926389
v -4.268853 -6.330099 16.537600
vn -0.260287 -0.272130 0.926389
v -3.453408 -5.942200 16.880661
vn -0.260287 -0.272130 0.926389
v -5.212592 -5.393527 16.547560
vn -0.471901 -0.483353 0.737346
v -4.268853 -6.330099 16.537600
vn -0.471901 -0.483353 0.737346
v -5.212592 -5.393527 16.547560
vn -0.471901 -0.483353 0.737346
v -4.681967 -6.827847 15.946918
vn -0.471875 -0.483351 0.737364
v -4.681967 -6.827847 15.946918
vn -0.471875 -0.483351 0.737364
v -5.212592 -5.393527 16.547560
vn -0.471875 -0.483351 0.737364
v -5.713433 -5.804268 15.957801
vn -0.617225 -0.627033 0.475250
v -4.681967 -6.827847 15.946918
vn -0.617225 -0.627033 0.475250
v -5.713433 -5.804268 15.957801
vn -0.617225 -0.627033 0.475250
v -4.950502 -7.147278 15.176712
vn -0.617307 -0.627025 0.475155
v -4.950502 -7.147278 15.176712
vn -0.617307 -0.627025 0.475155
v -5.713433 -5.804268 15.957801
vn -0.617307 -0.627025 0.475155
v -6.038839 -6.067094 15.188210
vn -0.694353 -0.701312 0.161356
v -4.950502 -7.147278 15.176712
vn -0.694353 -0.701312 0.161356
v -6.038839 -6.067094 15.188210
vn -0.694353 -0.701312 0.161356
v -5.044826 -7.252815 14.312119
vn -0.694313 -0.701334 0.161432
v -5.044826 -7.252815 14.312119
vn -0.694313 -0.701334 0.161432
v -6.038839 -6.067094 15.188210
vn -0.694313 -0.701334 0.161432
v -6.152921 -6.153136 14.323739
vn -0.390293 -0.094064 0.915873
v -5.822398 -2.480258 16.914900
vn -0.390293 -0.094064 0.915873
v -6.775646 -1.776495 16.580959
vn -0.390293 -0.094064 0.915873
v -6.489038 -3.074785 16.569756
vn -0.654907 -0.150966 0.740477
v -6.489038 -3.074785 16.569756
vn -0.654907 -0.150966 0.740477
v -6.775646 -1.776495 16.580959
vn -0.654907 -0.150966 0.740477
v -7.108838 -3.269569 15.981868
vn -0.615541 -0.272862 0.739361
v -6.489038 -3.074785 16.569756
vn -0.615541 -0.272862 0.739361
v -7.108838 -3.269569 15.981868
vn -0.615541 -0.272862 0.739361
v -6.532255 -4.603543 15.969587
vn -0.804673 -0.352204 0.477968
v -6.532255 -4.603543 15.969587
vn -0.804673 -0.352204 0.477968
v -7.108838 -3.269569 15.981868
vn -0.804673 -0.352204 0.477968
v -6.903018 -4.800245 15.200451
vn -0.724109 -0.498554 0.476560
v -6.532255 -4.603543 15.969587
vn -0.724109 -0.498554 0.476560
v -6.903018 -4.800245 15.200451
vn -0.724109 -0.498554 0.476560
v -6.038839 -6.067094 15.188210
vn -0.814330 -0.557068 0.162920
v -6.038839 -6.067094 15.188210
vn -0.814330 -0.557068 0.162920
v -6.903018 -4.800245 15.200451
vn -0.814330 -0.557068 0.162920
v -7.032657 -4.863427 14.336437
vn -0.824370 -0.516065 0.232577
v -6.038839 -6.067094 15.188210
vn -0.824370 -0.516065 0.232577
v -7.032657 -4.863427 14.336437
vn -0.824370 -0.516065 0.232577
v -6.564038 -5.615318 14.329087
vn -0.981630 -0.090839 0.167783
v -8.034399 -1.400276 14.367592
vn -0.981630 -0.090839 0.167783
v -7.988311 -1.905910 14.363477
vn -0.981630 -0.090839 0.167783
v -7.841677 -1.895396 15.227072
vn -0.962633 -0.213924 0.166056
v -7.841677 -1.895396 15.227072
vn -0.962633 -0.213924 0.166056
v -7.988311 -1.905910 14.363477
vn -0.962633 -0.213924 0.166056
v -7.651857 -3.430356 14.350019
vn -0.962633 -0.213924 0.166054
v -7.841677 -1.895396 15.227072
vn -0.962633 -0.213924 0.166054
v -7.651857 -3.430356 14.350019
vn -0.962633 -0.213924 0.166054
v -7.511257 -3.392703 15.213603
vn -0.934349 -0.315401 0.165874
v -7.511257 -3.392703 15.213603
vn -0.934349 -0.315401 0.165874
v -7.651857 -3.430356 14.350019
vn -0.934349 -0.315401 0.165874
v -7.591583 -3.609753 14.348427
vn -0.985734 0.003011 0.168282
v -8.029685 -0.345289 14.376328
vn -0.985734 0.003011 0.168282
v -8.034399 -1.400276 14.367592
vn -0.985734 0.003011 0.168282
v -7.882350 -0.362510 15.239671
vn -0.978679 -0.027641 0.203527
v -7.882350 -0.362510 15.239671
vn -0.978679 -0.027641 0.203527
v -8.034399 -1.400276 14.367592
vn -0.978679 -0.027641 0.203527
v -7.841677 -1.895396 15.227072
vn -0.876451 -0.027207 0.480722
v -7.882350 -0.362510 15.239671
vn -0.876451 -0.027207 0.480722
v -7.841677 -1.895396 15.227072
vn -0.876451 -0.027207 0.480722
v -7.460471 -0.397883 16.006836
vn -0.876338 -0.027338 0.480920
v -7.460471 -0.397883 16.006836
vn -0.876338 -0.027338 0.480920
v -7.841677 -1.895396 15.227072
vn -0.876338 -0.027338 0.480920
v -7.422001 -1.850590 15.994357
vn -0.670361 -0.024123 0.741643
v -7.460471 -0.397883 16.006836
vn -0.670361 -0.024123 0.741643
v -7.422001 -1.850590 15.994357
vn -0.670361 -0.024123 0.741643
v -6.810897 -0.447455 16.592365
vn -0.957954 0.230786 0.170477
v -7.774530 1.194813 14.388822
vn -0.957954 0.230786 0.170477
v -7.858953 0.846359 14.386157
vn -0.957954 0.230786 0.170477
v -7.631687 1.150152 15.251957
vn -0.967230 0.158670 0.198216
v -7.631687 1.150152 15.251957
vn -0.967230 0.158670 0.198216
v -7.858953 0.846359 14.386157
vn -0.967230 0.158670 0.198216
v -7.882350 -0.362510 15.239671
vn -0.864845 0.139396 0.482299
v -7.631687 1.150152 15.251957
vn -0.864845 0.139396 0.482299
v -7.882350 -0.362510 15.239671
vn -0.864845 0.139396 0.482299
v -7.222956 1.035670 16.017969
vn -0.864939 0.139562 0.482081
v -7.222956 1.035670 16.017969
vn -0.864939 0.139562 0.482081
v -7.882350 -0.362510 15.239671
vn -0.864939 0.139562 0.482081
v -7.460471 -0.397883 16.006836
vn -0.661733 0.103871 0.742510
v -7.222956 1.035670 16.017969
vn -0.661733 0.103871 0.742510
v -7.460471 -0.397883 16.006836
vn -0.661733 0.103871 0.742510
v -6.593606 0.864176 16.602844
vn -0.661557 0.103663 0.742695
v -6.593606 0.864176 16.602844
vn -0.661557 0.103663 0.742695
v -7.460471 -0.397883 16.006836
vn -0.661557 0.103663 0.742695
v -6.810897 -0.447455 16.592365
vn -0.628895 0.227563 0.743442
v -6.593606 0.864176 16.602844
vn -0.628895 0.227563 0.743442
v -6.131492 2.110810 16.612171
vn -0.628895 0.227563 0.743442
v -7.222956 1.035670 16.017969
vn -0.628712 0.227238 0.743696
v -7.222956 1.035670 16.017969
vn -0.628712 0.227238 0.743696
v -6.131492 2.110810 16.612171
vn -0.628712 0.227238 0.743696
v -6.718014 2.398434 16.028446
vn -0.821985 0.300851 0.483559
v -7.222956 1.035670 16.017969
vn -0.821985 0.300851 0.483559
v -6.718014 2.398434 16.028446
vn -0.821985 0.300851 0.483559
v -7.631687 1.150152 15.251957
vn -0.822021 0.300956 0.483432
v -7.631687 1.150152 15.251957
vn -0.822021 0.300956 0.483432
v -6.718014 2.398434 16.028446
vn -0.822021 0.300956 0.483432
v -7.098900 2.588123 15.262704
vn -0.924368 0.341215 0.170633
v -7.631687 1.150152 15.251957
vn -0.924368 0.341215 0.170633
v -7.098900 2.588123 15.262704
vn -0.924368 0.341215 0.170633
v -7.774530 1.194813 14.388822
vn -0.924364 0.341286 0.170516
v -7.774530 1.194813 14.388822
vn -0.924364 0.341286 0.170516
v -7.098900 2.588123 15.262704
vn -0.924364 0.341286 0.170516
v -7.232053 2.658596 14.399832
vn -0.496575 0.445374 0.745020
v -4.548932 4.232628 16.626255
vn -0.496575 0.445374 0.745020
v -4.988008 4.717677 16.043636
vn -0.496575 0.445374 0.745020
v -5.963816 3.640829 16.036978
vn -0.649316 0.585389 0.485499
v -5.963816 3.640829 16.036978
vn -0.649316 0.585389 0.485499
v -4.988008 4.717677 16.043636
vn -0.649316 0.585389 0.485499
v -6.303224 3.898953 15.271814
vn -0.749237 0.451420 0.484628
v -5.963816 3.640829 16.036978
vn -0.749237 0.451420 0.484628
v -6.303224 3.898953 15.271814
vn -0.749237 0.451420 0.484628
v -7.098900 2.588123 15.262704
vn -0.838254 0.507434 0.199599
v -7.098900 2.588123 15.262704
vn -0.838254 0.507434 0.199599
v -6.303224 3.898953 15.271814
vn -0.838254 0.507434 0.199599
v -7.078510 2.960364 14.402000
vn -0.878485 0.445748 0.171968
v -7.098900 2.588123 15.262704
vn -0.878485 0.445748 0.171968
v -7.078510 2.960364 14.402000
vn -0.878485 0.445748 0.171968
v -7.232053 2.658596 14.399832
vn -0.504658 0.845475 0.174617
v -3.979728 6.174077 14.421517
vn -0.504658 0.845475 0.174617
v -4.125091 6.087359 14.421279
vn -0.504658 0.845475 0.174617
v -4.047074 5.955780 15.283845
vn -0.591682 0.787256 0.173607
v -4.047074 5.955780 15.283845
vn -0.591682 0.787256 0.173607
v -4.125091 6.087359 14.421279
vn -0.591682 0.787256 0.173607
v -5.373576 5.150115 14.416352
vn -0.591638 0.787317 0.173483
v -4.047074 5.955780 15.283845
vn -0.591638 0.787317 0.173483
v -5.373576 5.150115 14.416352
vn -0.591638 0.787317 0.173483
v -5.273520 5.035227 15.278978
vn -0.686933 0.705667 0.173661
v -5.273520 5.035227 15.278978
vn -0.686933 0.705667 0.173661
v -5.373576 5.150115 14.416352
vn -0.686933 0.705667 0.173661
v -5.752072 4.782210 14.414150
vn -0.725228 0.655889 0.209415
v -5.273520 5.035227 15.278978
vn -0.725228 0.655889 0.209415
v -5.752072 4.782210 14.414150
vn -0.725228 0.655889 0.209415
v -6.303224 3.898953 15.271814
vn -0.751360 0.636817 0.172980
v -6.303224 3.898953 15.271814
vn -0.751360 0.636817 0.172980
v -5.752072 4.782210 14.414150
vn -0.751360 0.636817 0.172980
v -6.421982 3.993201 14.409006
vn -0.831864 0.527611 0.172132
v -6.303224 3.898953 15.271814
vn -0.831864 0.527611 0.172132
v -6.421982 3.993201 14.409006
vn -0.831864 0.527611 0.172132
v -7.078510 2.960364 14.402000
vn -0.422321 0.889556 0.174169
v -2.721428 6.771003 14.423847
vn -0.422321 0.889556 0.174169
v -3.979728 6.174077 14.421517
vn -0.422321 0.889556 0.174169
v -2.668513 6.627306 15.286084
vn -0.430214 0.882545 0.189816
v -2.668513 6.627306 15.286084
vn -0.430214 0.882545 0.189816
v -3.979728 6.174077 14.421517
vn -0.430214 0.882545 0.189816
v -4.047074 5.955780 15.283845
vn -0.383252 0.785149 0.486476
v -2.668513 6.627306 15.286084
vn -0.383252 0.785149 0.486476
v -4.047074 5.955780 15.283845
vn -0.383252 0.785149 0.486476
v -2.519210 6.226387 16.050772
vn -0.383211 0.785240 0.486362
v -2.519210 6.226387 16.050772
vn -0.383211 0.785240 0.486362
v -4.047074 5.955780 15.283845
vn -0.383211 0.785240 0.486362
v -3.825818 5.590169 16.048462
vn -0.292641 0.598292 0.745928
v -2.519210 6.226387 16.050772
vn -0.292641 0.598292 0.745928
v -3.825818 5.590169 16.048462
vn -0.292641 0.598292 0.745928
v -2.290261 5.612927 16.632633
vn -0.292667 0.598187 0.746002
v -2.290261 5.612927 16.632633
vn -0.292667 0.598187 0.746002
v -3.825818 5.590169 16.048462
vn -0.292667 0.598187 0.746002
v -3.485608 5.030777 16.630484
vn -0.204936 0.963058 0.174703
v -1.213723 7.176192 14.423769
vn -0.204936 0.963058 0.174703
v -1.895495 7.031095 14.423869
vn -0.204936 0.963058 0.174703
v -1.187542 7.025298 15.286295
vn -0.253520 0.943260 0.214451
v -1.187542 7.025298 15.286295
vn -0.253520 0.943260 0.214451
v -1.895495 7.031095 14.423869
vn -0.253520 0.943260 0.214451
v -2.668513 6.627306 15.286084
vn -0.226795 0.843670 0.486605
v -1.187542 7.025298 15.286295
vn -0.226795 0.843670 0.486605
v -2.668513 6.627306 15.286084
vn -0.226795 0.843670 0.486605
v -1.115706 6.603694 16.050747
vn -0.226797 0.843667 0.486609
v -1.115706 6.603694 16.050747
vn -0.226797 0.843667 0.486609
v -2.668513 6.627306 15.286084
vn -0.226797 0.843667 0.486609
v -2.519210 6.226387 16.050772
vn -0.172857 0.643038 0.746072
v -1.115706 6.603694 16.050747
vn -0.172857 0.643038 0.746072
v -2.519210 6.226387 16.050772
vn -0.172857 0.643038 0.746072
v -1.006251 5.958065 16.632574
vn -0.172828 0.643099 0.746025
v -1.006251 5.958065 16.632574
vn -0.172828 0.643099 0.746025
v -2.519210 6.226387 16.050772
vn -0.172828 0.643099 0.746025
v -2.290261 5.612927 16.632633
vn -0.092683 0.344971 0.934026
v -1.006251 5.958065 16.632574
vn -0.092683 0.344971 0.934026
v -2.290261 5.612927 16.632633
vn -0.092683 0.344971 0.934026
v -2.465766 4.661673 16.966551
vn -0.174360 0.354627 0.918607
v -2.465766 4.661673 16.966551
vn -0.174360 0.354627 0.918607
v -2.290261 5.612927 16.632633
vn -0.174360 0.354627 0.918607
v -3.485608 5.030777 16.630484
vn -0.194373 0.310232 0.930578
v -2.465766 4.661673 16.966551
vn -0.194373 0.310232 0.930578
v -3.485608 5.030777 16.630484
vn -0.194373 0.310232 0.930578
v -3.676406 3.912779 16.963345
vn -0.239628 0.314376 0.918557
v -3.676406 3.912779 16.963345
vn -0.239628 0.314376 0.918557
v -3.485608 5.030777 16.630484
vn -0.239628 0.314376 0.918557
v -4.548932 4.232628 16.626255
vn -0.264132 0.258691 0.929146
v -3.676406 3.912779 16.963345
vn -0.264132 0.258691 0.929146
v -4.548932 4.232628 16.626255
vn -0.264132 0.258691 0.929146
v -4.683474 2.906593 16.957201
vn -0.292629 0.259393 0.920372
v -4.683474 2.906593 16.957201
vn -0.292629 0.259393 0.920372
v -4.548932 4.232628 16.626255
vn -0.292629 0.259393 0.920372
v -5.441646 3.247406 16.620090
vn -0.324191 0.194525 0.925775
v -4.683474 2.906593 16.957201
vn -0.324191 0.194525 0.925775
v -5.441646 3.247406 16.620090
vn -0.324191 0.194525 0.925775
v -5.433482 1.696494 16.948828
vn -0.330329 0.194053 0.923702
v -5.433482 1.696494 16.948828
vn -0.330329 0.194053 0.923702
v -5.441646 3.247406 16.620090
vn -0.330329 0.194053 0.923702
v -6.131492 2.110810 16.612171
vn -0.373473 0.118403 0.920054
v -5.433482 1.696494 16.948828
vn -0.373473 0.118403 0.920054
v -6.131492 2.110810 16.612171
vn -0.373473 0.118403 0.920054
v -5.886455 0.346993 16.938625
vn -0.350784 0.123087 0.928332
v -5.886455 0.346993 16.938625
vn -0.350784 0.123087 0.928332
v -6.131492 2.110810 16.612171
vn -0.350784 0.123087 0.928332
v -6.593606 0.864176 16.602844
vn -0.410246 0.030826 0.911454
v -5.886455 0.346993 16.938625
vn -0.410246 0.030826 0.911454
v -6.593606 0.864176 16.602844
vn -0.410246 0.030826 0.911454
v -6.018474 -1.070328 16.927137
vn -0.354220 0.051222 0.933758
v -6.018474 -1.070328 16.927137
vn -0.354220 0.051222 0.933758
v -6.593606 0.864176 16.602844
vn -0.354220 0.051222 0.933758
v -6.810897 -0.447455 16.592365
vn -0.401405 -0.018505 0.915714
v -6.018474 -1.070328 16.927137
vn -0.401405 -0.018505 0.915714
v -6.810897 -0.447455 16.592365
vn -0.401405 -0.018505 0.915714
v -6.775646 -1.776495 16.580959
vn -0.670334 -0.024145 0.741666
v -6.775646 -1.776495 16.580959
vn -0.670334 -0.024145 0.741666
v -6.810897 -0.447455 16.592365
vn -0.670334 -0.024145 0.741666
v -7.422001 -1.850590 15.994357
vn -0.654791 -0.151028 0.740567
v -6.775646 -1.776495 16.580959
vn -0.654791 -0.151028 0.740567
v -7.422001 -1.850590 15.994357
vn -0.654791 -0.151028 0.740567
v -7.108838 -3.269569 15.981868
vn -0.856088 -0.193155 0.479379
v -7.108838 -3.269569 15.981868
vn -0.856088 -0.193155 0.479379
v -7.422001 -1.850590 15.994357
vn -0.856088 -0.193155 0.479379
v -7.511257 -3.392703 15.213603
vn -0.804690 -0.352195 0.477947
v -7.108838 -3.269569 15.981868
vn -0.804690 -0.352195 0.477947
v -7.511257 -3.392703 15.213603
vn -0.804690 -0.352195 0.477947
v -6.903018 -4.800245 15.200451
vn -0.902014 -0.391486 0.181960
v -6.903018 -4.800245 15.200451
vn -0.902014 -0.391486 0.181960
v -7.511257 -3.392703 15.213603
vn -0.902014 -0.391486 0.181960
v -7.591583 -3.609753 14.348427
vn -0.900305 -0.402957 0.164551
v -6.903018 -4.800245 15.200451
vn -0.900305 -0.402957 0.164551
v -7.591583 -3.609753 14.348427
vn -0.900305 -0.402957 0.164551
v -7.032657 -4.863427 14.336437
vn -0.049565 0.704740 0.707733
v 0.325025 6.292915 16.461111
vn -0.049565 0.704740 0.707733
v 0.333748 6.708031 16.048363
vn -0.049565 0.704740 0.707733
v -1.115706 6.603694 16.050747
vn -0.059826 0.843309 0.534089
v -1.115706 6.603694 16.050747
vn -0.059826 0.843309 0.534089
v 0.333748 6.708031 16.048363
vn -0.059826 0.843309 0.534089
v 0.339868 7.021742 15.553709
vn -0.083282 0.869285 0.487246
v -1.115706 6.603694 16.050747
vn -0.083282 0.869285 0.487246
v 0.339868 7.021742 15.553709
vn -0.083282 0.869285 0.487246
v -1.187542 7.025298 15.286295
vn -0.065572 0.919846 0.386762
v -1.187542 7.025298 15.286295
vn -0.065572 0.919846 0.386762
v 0.339868 7.021742 15.553709
vn -0.065572 0.919846 0.386762
v 0.341887 7.135401 15.283731
vn -0.070419 0.982229 0.173974
v -1.187542 7.025298 15.286295
vn -0.070419 0.982229 0.173974
v 0.341887 7.135401 15.283731
vn -0.070419 0.982229 0.173974
v -1.213723 7.176192 14.423769
vn -0.070451 0.982217 0.174030
v -1.213723 7.176192 14.423769
vn -0.070451 0.982217 0.174030
v 0.341887 7.135401 15.283731
vn -0.070451 0.982217 0.174030
v 0.343346 7.288327 14.421217
vn 0.023582 0.992557 0.119477
v 8.341087 7.100693 14.401453
vn 0.023582 0.992557 0.119477
v 0.343346 7.288327 14.421217
vn 0.023582 0.992557 0.119477
v 8.340873 7.030721 14.982794
vn 0.019451 0.984451 0.174579
v 8.340873 7.030721 14.982794
vn 0.019451 0.984451 0.174579
v 0.343346 7.288327 14.421217
vn 0.019451 0.984451 0.174579
v 0.341887 7.135401 15.283731
vn 0.024959 0.941572 0.335886
v 8.340873 7.030721 14.982794
vn 0.024959 0.941572 0.335886
v 0.341887 7.135401 15.283731
vn 0.024959 0.941572 0.335886
v 8.337578 6.834086 15.534254
vn 0.022562 0.921359 0.388058
v 8.337578 6.834086 15.534254
vn 0.022562 0.921359 0.388058
v 0.341887 7.135401 15.283731
vn 0.022562 0.921359 0.388058
v 0.339868 7.021742 15.553709
vn 0.021109 0.844095 0.535778
v 8.337578 6.834086 15.534254
vn 0.021109 0.844095 0.535778
v 0.339868 7.021742 15.553709
vn 0.021109 0.844095 0.535778
v 8.331447 6.520457 16.028605
vn 0.021122 0.844180 0.535643
v 8.331447 6.520457 16.028605
vn 0.021122 0.844180 0.535643
v 0.339868 7.021742 15.553709
vn 0.021122 0.844180 0.535643
v 0.333748 6.708031 16.048363
vn 0.018277 0.704572 0.709397
v 8.331447 6.520457 16.028605
vn 0.018277 0.704572 0.709397
v 0.333748 6.708031 16.048363
vn 0.018277 0.704572 0.709397
v 8.322701 6.105293 16.441170
vn 0.018302 0.704771 0.709199
v 0.333748 6.708031 16.048363
vn 0.018302 0.704771 0.709199
v 0.325025 6.292915 16.461111
vn 0.018302 0.704771 0.709199
v 8.322701 6.105293 16.441170
vn 0.015567 0.576744 0.816776
v 8.322701 6.105293 16.441170
vn 0.015567 0.576744 0.816776
v 0.325025 6.292915 16.461111
vn 0.015567 0.576744 0.816776
v 0.319819 6.053545 16.630236
vn 0.016585 0.530858 0.847299
v 8.322701 6.105293 16.441170
vn 0.016585 0.530858 0.847299
v 0.319819 6.053545 16.630236
vn 0.016585 0.530858 0.847299
v 8.311926 5.609214 16.752190
vn 0.007163 0.382435 0.923955
v 8.311926 5.609214 16.752190
vn 0.007163 0.382435 0.923955
v 0.319819 6.053545 16.630236
vn 0.007163 0.382435 0.923955
v 0.301667 5.244341 16.965315
vn 0.010067 0.330289 0.943826
v 8.311926 5.609214 16.752190
vn 0.010067 0.330289 0.943826
v 0.301667 5.244341 16.965315
vn 0.010067 0.330289 0.943826
v 8.299336 5.056697 16.945675
vn 0.023846 -0.044082 -0.998743
v 38.822468 -6.375054 -17.021259
vn 0.023846 -0.044082 -0.998743
v 38.474556 -5.410069 -17.072159
vn 0.023846 -0.044082 -0.998743
v 39.328533 -4.984942 -17.070532
vn 0.000140 0.001452 -0.999999
v 37.968254 -5.689717 -17.072636
vn 0.000140 0.001452 -0.999999
v 37.974842 -5.555620 -17.072439
vn 0.000140 0.001452 -0.999999
v 38.474556 -5.410069 -17.072159
vn 0.041131 -0.169335 -0.984700
v 39.166401 -7.327919 -16.850990
vn 0.041131 -0.169335 -0.984700
v 37.890293 -7.639888 -16.850647
vn 0.041131 -0.169335 -0.984700
v 37.924568 -6.695320 -17.011648
vn 0.023805 -0.044067 -0.998745
v 38.822468 -6.375054 -17.021259
vn 0.023805 -0.044067 -0.998745
v 39.328533 -4.984942 -17.070532
vn 0.023805 -0.044067 -0.998745
v 39.888527 -5.844623 -17.019253
vn 0.034883 -0.036849 -0.998712
v 39.888527 -5.844623 -17.019253
vn 0.034883 -0.036849 -0.998712
v 39.328533 -4.984942 -17.070532
vn 0.034883 -0.036849 -0.998712
v 40.062756 -4.375618 -17.067369
vn 0.035554 -0.036928 -0.998685
v 39.888527 -5.844623 -17.019253
vn 0.035554 -0.036928 -0.998685
v 40.062756 -4.375618 -17.067369
vn 0.035554 -0.036928 -0.998685
v 40.804493 -5.084283 -17.014759
vn 0.044969 -0.027069 -0.998622
v 40.804493 -5.084283 -17.014759
vn 0.044969 -0.027069 -0.998622
v 40.062756 -4.375618 -17.067369
vn 0.044969 -0.027069 -0.998622
v 40.638206 -3.614298 -17.062092
vn 0.044338 -0.027141 -0.998648
v 40.804493 -5.084283 -17.014759
vn 0.044338 -0.027141 -0.998648
v 40.638206 -3.614298 -17.062092
vn 0.044338 -0.027141 -0.998648
v 41.522232 -4.134455 -17.008707
vn 0.051165 -0.015530 -0.998569
v 41.522232 -4.134455 -17.008707
vn 0.051165 -0.015530 -0.998569
v 40.638206 -3.614298 -17.062092
vn 0.051165 -0.015530 -0.998569
v 41.023819 -2.741513 -17.055908
vn 0.051458 -0.015425 -0.998556
v 41.522232 -4.134455 -17.008707
vn 0.051458 -0.015425 -0.998556
v 41.023819 -2.741513 -17.055908
vn 0.051458 -0.015425 -0.998556
v 42.003132 -3.045607 -17.000744
vn 0.055535 -0.002279 -0.998454
v 42.003132 -3.045607 -17.000744
vn 0.055535 -0.002279 -0.998454
v 41.023819 -2.741513 -17.055908
vn 0.055535 -0.002279 -0.998454
v 41.199368 -1.803641 -17.048285
vn 0.055240 -0.002470 -0.998470
v 42.003132 -3.045607 -17.000744
vn 0.055240 -0.002470 -0.998470
v 41.199368 -1.803641 -17.048285
vn 0.055240 -0.002470 -0.998470
v 42.222439 -1.875486 -16.991505
vn 0.056161 0.010731 -0.998364
v 42.222439 -1.875486 -16.991505
vn 0.056161 0.010731 -0.998364
v 41.199368 -1.803641 -17.048285
vn 0.056161 0.010731 -0.998364
v 41.155590 -0.850564 -17.040503
vn 0.056668 0.011260 -0.998330
v 42.222439 -1.875486 -16.991505
vn 0.056668 0.011260 -0.998330
v 41.155590 -0.850564 -17.040503
vn 0.056668 0.011260 -0.998330
v 42.167522 -0.686224 -16.981209
vn 0.054463 0.024797 -0.998208
v 42.167522 -0.686224 -16.981209
vn 0.054463 0.024797 -0.998208
v 41.155590 -0.850564 -17.040503
vn 0.054463 0.024797 -0.998208
v 40.894497 0.067065 -17.031952
vn 0.054050 0.024097 -0.998247
v 42.167522 -0.686224 -16.981209
vn 0.054050 0.024097 -0.998247
v 40.894497 0.067065 -17.031952
vn 0.054050 0.024097 -0.998247
v 41.842083 0.458701 -16.971191
vn 0.048846 0.036672 -0.998133
v 41.842083 0.458701 -16.971191
vn 0.048846 0.036672 -0.998133
v 40.894497 0.067065 -17.031952
vn 0.048846 0.036672 -0.998133
v 40.430698 0.900744 -17.024019
vn 0.048873 0.036760 -0.998128
v 41.842083 0.458701 -16.971191
vn 0.048873 0.036760 -0.998128
v 40.430698 0.900744 -17.024019
vn 0.048873 0.036760 -0.998128
v 41.263393 1.498861 -16.961218
vn 0.041038 0.047658 -0.998020
v 41.263393 1.498861 -16.961218
vn 0.041038 0.047658 -0.998020
v 40.430698 0.900744 -17.024019
vn 0.041038 0.047658 -0.998020
v 39.787872 1.606050 -17.016771
vn 0.041047 0.047784 -0.998014
v 41.263393 1.498861 -16.961218
vn 0.041047 0.047784 -0.998014
v 39.787872 1.606050 -17.016771
vn 0.041047 0.047784 -0.998014
v 40.461670 2.378830 -16.952061
vn 0.030955 0.056575 -0.997918
v 40.461670 2.378830 -16.952061
vn 0.030955 0.056575 -0.997918
v 39.787872 1.606050 -17.016771
vn 0.030955 0.056575 -0.997918
v 39.001144 2.145430 -17.010597
vn 0.030878 0.057052 -0.997894
v 40.461670 2.378830 -16.952061
vn 0.030878 0.057052 -0.997894
v 39.001144 2.145430 -17.010597
vn 0.030878 0.057052 -0.997894
v 39.479603 3.051840 -16.943972
vn 0.018832 0.063405 -0.997810
v 39.479603 3.051840 -16.943972
vn 0.018832 0.063405 -0.997810
v 39.001144 2.145430 -17.010597
vn 0.018832 0.063405 -0.997810
v 38.111565 2.490402 -17.005466
vn 0.018984 0.063035 -0.997831
v 39.479603 3.051840 -16.943972
vn 0.018984 0.063035 -0.997831
v 38.111565 2.490402 -17.005466
vn 0.018984 0.063035 -0.997831
v 38.369793 3.482233 -16.937897
vn 0.005870 0.066446 -0.997773
v 38.369793 3.482233 -16.937897
vn 0.005870 0.066446 -0.997773
v 38.111565 2.490402 -17.005466
vn 0.005870 0.066446 -0.997773
v 37.166580 2.622553 -17.002224
vn 0.005982 0.066290 -0.997783
v 38.369793 3.482233 -16.937897
vn 0.005982 0.066290 -0.997783
v 37.166580 2.622553 -17.002224
vn 0.005982 0.066290 -0.997783
v 37.190571 3.647186 -16.934008
vn 0.035196 -0.062022 -0.997454
v 37.968254 -5.689717 -17.072636
vn 0.035196 -0.062022 -0.997454
v 38.474556 -5.410069 -17.072159
vn 0.035196 -0.062022 -0.997454
v 37.924568 -6.695320 -17.011648
vn 0.007176 -0.050091 -0.998719
v 37.924568 -6.695320 -17.011648
vn 0.007176 -0.050091 -0.998719
v 38.474556 -5.410069 -17.072159
vn 0.007176 -0.050091 -0.998719
v 38.822468 -6.375054 -17.021259
vn 0.046331 -0.159486 -0.986112
v 37.924568 -6.695320 -17.011648
vn 0.046331 -0.159486 -0.986112
v 38.822468 -6.375054 -17.021259
vn 0.046331 -0.159486 -0.986112
v 39.166401 -7.327919 -16.850990
vn 0.075887 -0.148789 -0.985953
v 39.166401 -7.327919 -16.850990
vn 0.075887 -0.148789 -0.985953
v 38.822468 -6.375054 -17.021259
vn 0.075887 -0.148789 -0.985953
v 39.888527 -5.844623 -17.019253
vn 0.075921 -0.148805 -0.985948
v 39.166401 -7.327919 -16.850990
vn 0.075921 -0.148805 -0.985948
v 39.888527 -5.844623 -17.019253
vn 0.075921 -0.148805 -0.985948
v 40.440887 -6.693603 -16.848587
vn 0.109959 -0.126637 -0.985836
v 40.440887 -6.693603 -16.848587
vn 0.109959 -0.126637 -0.985836
v 39.888527 -5.844623 -17.019253
vn 0.109959 -0.126637 -0.985836
v 40.804493 -5.084283 -17.014759
vn 0.109605 -0.126563 -0.985885
v 40.440887 -6.693603 -16.848587
vn 0.109605 -0.126563 -0.985885
v 40.804493 -5.084283 -17.014759
vn 0.109605 -0.126563 -0.985885
v 41.536331 -5.784455 -16.843513
vn 0.137357 -0.097513 -0.985710
v 41.536331 -5.784455 -16.843513
vn 0.137357 -0.097513 -0.985710
v 40.804493 -5.084283 -17.014759
vn 0.137357 -0.097513 -0.985710
v 41.522232 -4.134455 -17.008707
vn 0.137794 -0.097504 -0.985650
v 41.536331 -5.784455 -16.843513
vn 0.137794 -0.097504 -0.985650
v 41.522232 -4.134455 -17.008707
vn 0.137794 -0.097504 -0.985650
v 42.394257 -4.648673 -16.835930
vn 0.158270 -0.062695 -0.985403
v 42.394257 -4.648673 -16.835930
vn 0.158270 -0.062695 -0.985403
v 41.522232 -4.134455 -17.008707
vn 0.158270 -0.062695 -0.985403
v 42.003132 -3.045607 -17.000744
vn 0.158177 -0.062720 -0.985417
v 42.394257 -4.648673 -16.835930
vn 0.158177 -0.062720 -0.985417
v 42.003132 -3.045607 -17.000744
vn 0.158177 -0.062720 -0.985417
v 42.969845 -3.346491 -16.826420
vn 0.170141 -0.024110 -0.985125
v 42.969845 -3.346491 -16.826420
vn 0.170141 -0.024110 -0.985125
v 42.003132 -3.045607 -17.000744
vn 0.170141 -0.024110 -0.985125
v 42.222439 -1.875486 -16.991505
vn 0.170216 -0.024071 -0.985113
v 42.969845 -3.346491 -16.826420
vn 0.170216 -0.024071 -0.985113
v 42.222439 -1.875486 -16.991505
vn 0.170216 -0.024071 -0.985113
v 43.231785 -1.947239 -16.815350
vn 0.173042 0.016517 -0.984776
v 43.231785 -1.947239 -16.815350
vn 0.173042 0.016517 -0.984776
v 42.222439 -1.875486 -16.991505
vn 0.173042 0.016517 -0.984776
v 42.167522 -0.686224 -16.981209
vn 0.172753 0.016266 -0.984831
v 43.231785 -1.947239 -16.815350
vn 0.172753 0.016266 -0.984831
v 42.167522 -0.686224 -16.981209
vn 0.172753 0.016266 -0.984831
v 43.166222 -0.525204 -16.803364
vn 0.166305 0.055885 -0.984490
v 43.166222 -0.525204 -16.803364
vn 0.166305 0.055885 -0.984490
v 42.167522 -0.686224 -16.981209
vn 0.166305 0.055885 -0.984490
v 41.842083 0.458701 -16.971191
vn 0.166507 0.056165 -0.984439
v 43.166222 -0.525204 -16.803364
vn 0.166507 0.056165 -0.984439
v 41.842083 0.458701 -16.971191
vn 0.166507 0.056165 -0.984439
v 42.777222 0.843979 -16.791042
vn 0.151067 0.093481 -0.984094
v 42.777222 0.843979 -16.791042
vn 0.151067 0.093481 -0.984094
v 41.842083 0.458701 -16.971191
vn 0.151067 0.093481 -0.984094
v 41.263393 1.498861 -16.961218
vn 0.151106 0.093575 -0.984079
v 42.777222 0.843979 -16.791042
vn 0.151106 0.093575 -0.984079
v 41.263393 1.498861 -16.961218
vn 0.151106 0.093575 -0.984079
v 42.084690 2.087669 -16.779119
vn 0.127499 0.126401 -0.983751
v 42.084690 2.087669 -16.779119
vn 0.127499 0.126401 -0.983751
v 41.263393 1.498861 -16.961218
vn 0.127499 0.126401 -0.983751
v 40.461670 2.378830 -16.952061
vn 0.127493 0.126363 -0.983757
v 42.084690 2.087669 -16.779119
vn 0.127493 0.126363 -0.983757
v 40.461670 2.378830 -16.952061
vn 0.127493 0.126363 -0.983757
v 41.126156 3.140031 -16.768169
vn 0.096805 0.153080 -0.983461
v 41.126156 3.140031 -16.768169
vn 0.096805 0.153080 -0.983461
v 40.461670 2.378830 -16.952061
vn 0.096805 0.153080 -0.983461
v 39.479603 3.051840 -16.943972
vn 0.096809 0.153018 -0.983470
v 41.126156 3.140031 -16.768169
vn 0.096809 0.153018 -0.983470
v 39.479603 3.051840 -16.943972
vn 0.096809 0.153018 -0.983470
v 39.951828 3.944906 -16.758535
vn 0.061236 0.171778 -0.983231
v 39.951828 3.944906 -16.758535
vn 0.061236 0.171778 -0.983231
v 39.479603 3.051840 -16.943972
vn 0.061236 0.171778 -0.983231
v 38.369793 3.482233 -16.937897
vn 0.061311 0.171534 -0.983269
v 39.951828 3.944906 -16.758535
vn 0.061311 0.171534 -0.983269
v 38.369793 3.482233 -16.937897
vn 0.061311 0.171534 -0.983269
v 38.624588 4.459511 -16.751520
vn 0.022175 0.181705 -0.983103
v 38.624588 4.459511 -16.751520
vn 0.022175 0.181705 -0.983103
v 38.369793 3.482233 -16.937897
vn 0.022175 0.181705 -0.983103
v 37.190571 3.647186 -16.934008
vn 0.022067 0.181889 -0.983071
v 38.624588 4.459511 -16.751520
vn 0.022067 0.181889 -0.983071
v 37.190571 3.647186 -16.934008
vn 0.022067 0.181889 -0.983071
v 37.214935 4.656809 -16.746658
vn 0.339594 0.926984 -0.159298
v 39.492554 6.296090 -14.177010
vn 0.339594 0.926984 -0.159298
v 40.305508 5.997519 -14.181381
vn 0.339594 0.926984 -0.159298
v 40.246101 5.870689 -15.046071
vn 0.981295 0.095112 -0.167372
v 45.159168 -0.161461 -14.243705
vn 0.981295 0.095112 -0.167372
v 45.273560 -1.359712 -14.253954
vn 0.981295 0.095112 -0.167372
v 45.125916 -1.355820 -15.117375
vn 0.754011 -0.633667 -0.173014
v 43.562431 -6.555337 -14.293296
vn 0.754011 -0.633667 -0.173014
v 43.126354 -7.073305 -14.296686
vn 0.754011 -0.633667 -0.173014
v 43.017105 -6.967752 -15.159406
vn 0.517064 0.433565 -0.738015
v 43.398045 2.745811 -15.847474
vn 0.517064 0.433565 -0.738015
v 42.857944 2.387058 -16.436634
vn 0.517064 0.433565 -0.738015
v 42.012600 3.412982 -16.426193
vn 0.602232 -0.289252 -0.744076
v 43.578632 -5.516268 -15.916720
vn 0.602232 -0.289252 -0.744076
v 43.023422 -5.171685 -16.500042
vn 0.602232 -0.289252 -0.744076
v 43.607742 -3.977267 -16.491430
vn 0.052288 0.396176 -0.916685
v 38.624588 4.459511 -16.751520
vn 0.052288 0.396176 -0.916685
v 37.214935 4.656809 -16.746658
vn 0.052288 0.396176 -0.916685
v 37.234688 5.460191 -16.398323
vn 0.145943 0.388807 -0.909687
v 39.951828 3.944906 -16.758535
vn 0.145943 0.388807 -0.909687
v 38.624588 4.459511 -16.751520
vn 0.145943 0.388807 -0.909687
v 38.554882 5.302652 -16.402340
vn 0.365751 -0.061122 -0.928703
v 42.969845 -3.346491 -16.826420
vn 0.365751 -0.061122 -0.928703
v 43.231785 -1.947239 -16.815350
vn 0.365751 -0.061122 -0.928703
v 43.954643 -2.693914 -16.481524
vn 0.073063 -0.299915 -0.951164
v 37.861847 -8.048820 -16.723890
vn 0.073063 -0.299915 -0.951164
v 37.890293 -7.639888 -16.850647
vn 0.073063 -0.299915 -0.951164
v 39.166401 -7.327919 -16.850990
vn 0.108983 -0.592088 -0.798470
v 37.836617 -8.455845 -16.519375
vn 0.108983 -0.592088 -0.798470
v 38.851746 -8.273011 -16.516397
vn 0.108983 -0.592088 -0.798470
v 37.817215 -8.805465 -16.262770
vn 0.149895 -0.647250 -0.747395
v 37.817215 -8.805465 -16.262770
vn 0.149895 -0.647250 -0.747395
v 38.851746 -8.273011 -16.516397
vn 0.149895 -0.647250 -0.747395
v 39.018814 -8.906158 -15.934579
vn 0.165934 -0.952634 -0.254861
v 37.776367 -9.666471 -14.754247
vn 0.165934 -0.952634 -0.254861
v 37.780769 -9.553844 -15.172362
vn 0.165934 -0.952634 -0.254861
v 39.128223 -9.319736 -15.170133
vn 0.156681 -0.897884 -0.411406
v 39.128223 -9.319736 -15.170133
vn 0.156681 -0.897884 -0.411406
v 37.780769 -9.553844 -15.172362
vn 0.156681 -0.897884 -0.411406
v 37.789139 -9.365031 -15.581254
vn 0.178679 -0.854449 -0.487843
v 39.128223 -9.319736 -15.170133
vn 0.178679 -0.854449 -0.487843
v 37.789139 -9.365031 -15.581254
vn 0.178679 -0.854449 -0.487843
v 39.018814 -8.906158 -15.934579
vn 0.145359 -0.818030 -0.556505
v 39.018814 -8.906158 -15.934579
vn 0.145359 -0.818030 -0.556505
v 37.789139 -9.365031 -15.581254
vn 0.145359 -0.818030 -0.556505
v 37.800877 -9.120173 -15.938114
vn 0.127694 -0.715346 -0.687004
v 39.018814 -8.906158 -15.934579
vn 0.127694 -0.715346 -0.687004
v 37.800877 -9.120173 -15.938114
vn 0.127694 -0.715346 -0.687004
v 37.817215 -8.805465 -16.262770
vn 0.343702 -0.145146 -0.927794
v 42.969845 -3.346491 -16.826420
vn 0.343702 -0.145146 -0.927794
v 43.607742 -3.977267 -16.491430
vn 0.343702 -0.145146 -0.927794
v 42.394257 -4.648673 -16.835930
vn 0.353319 -0.166208 -0.920620
v 42.394257 -4.648673 -16.835930
vn 0.353319 -0.166208 -0.920620
v 43.607742 -3.977267 -16.491430
vn 0.353319 -0.166208 -0.920620
v 43.023422 -5.171685 -16.500042
vn 0.306447 -0.225304 -0.924840
v 42.394257 -4.648673 -16.835930
vn 0.306447 -0.225304 -0.924840
v 43.023422 -5.171685 -16.500042
vn 0.306447 -0.225304 -0.924840
v 41.536331 -5.784455 -16.843513
vn 0.253636 -0.300479 -0.919446
v 40.440887 -6.693603 -16.848587
vn 0.253636 -0.300479 -0.919446
v 41.536331 -5.784455 -16.843513
vn 0.253636 -0.300479 -0.919446
v 42.223640 -6.233722 -16.507092
vn 0.306152 -0.224412 -0.925154
v 42.223640 -6.233722 -16.507092
vn 0.306152 -0.224412 -0.925154
v 41.536331 -5.784455 -16.843513
vn 0.306152 -0.224412 -0.925154
v 43.023422 -5.171685 -16.500042
vn 0.535328 -0.398193 -0.744893
v 42.223640 -6.233722 -16.507092
vn 0.535328 -0.398193 -0.744893
v 43.023422 -5.171685 -16.500042
vn 0.535328 -0.398193 -0.744893
v 42.704643 -6.677070 -15.924415
vn 0.535416 -0.398188 -0.744832
v 42.704643 -6.677070 -15.924415
vn 0.535416 -0.398188 -0.744832
v 43.023422 -5.171685 -16.500042
vn 0.535416 -0.398188 -0.744832
v 43.578632 -5.516268 -15.916720
vn 0.700149 -0.523941 -0.485054
v 42.704643 -6.677070 -15.924415
vn 0.700149 -0.523941 -0.485054
v 43.578632 -5.516268 -15.916720
vn 0.700149 -0.523941 -0.485054
v 43.017105 -6.967752 -15.159406
vn 0.588828 0.327863 -0.738774
v 43.494019 1.219415 -16.447853
vn 0.588828 0.327863 -0.738774
v 42.857944 2.387058 -16.436634
vn 0.588828 0.327863 -0.738774
v 44.092751 1.469506 -15.859654
vn 0.588678 0.327477 -0.739065
v 44.092751 1.469506 -15.859654
vn 0.588678 0.327477 -0.739065
v 42.857944 2.387058 -16.436634
vn 0.588678 0.327477 -0.739065
v 43.398045 2.745811 -15.847474
vn 0.769842 0.423589 -0.477405
v 44.092751 1.469506 -15.859654
vn 0.769842 0.423589 -0.477405
v 43.398045 2.745811 -15.847474
vn 0.769842 0.423589 -0.477405
v 44.482056 1.628182 -15.091091
vn 0.043176 0.385316 -0.921774
v 38.624588 4.459511 -16.751520
vn 0.043176 0.385316 -0.921774
v 37.234688 5.460191 -16.398323
vn 0.043176 0.385316 -0.921774
v 38.554882 5.302652 -16.402340
vn 0.067814 0.588817 -0.805417
v 38.554882 5.302652 -16.402340
vn 0.067814 0.588817 -0.805417
v 37.234688 5.460191 -16.398323
vn 0.067814 0.588817 -0.805417
v 37.240639 5.696798 -16.224846
vn 0.101358 0.669390 -0.735965
v 38.554882 5.302652 -16.402340
vn 0.101358 0.669390 -0.735965
v 37.240639 5.696798 -16.224846
vn 0.101358 0.669390 -0.735965
v 38.694054 5.932619 -15.810192
vn 0.230875 -0.624620 -0.746021
v 38.851746 -8.273011 -16.516397
vn 0.230875 -0.624620 -0.746021
v 40.099449 -7.813010 -16.515408
vn 0.230875 -0.624620 -0.746021
v 39.018814 -8.906158 -15.934579
vn 0.230840 -0.624600 -0.746048
v 39.018814 -8.906158 -15.934579
vn 0.230840 -0.624600 -0.746048
v 40.099449 -7.813010 -16.515408
vn 0.230840 -0.624600 -0.746048
v 40.382626 -8.403400 -15.933506
vn 0.302498 -0.819537 -0.486676
v 39.018814 -8.906158 -15.934579
vn 0.302498 -0.819537 -0.486676
v 40.382626 -8.403400 -15.933506
vn 0.302498 -0.819537 -0.486676
v 39.128223 -9.319736 -15.170133
vn 0.302625 -0.819582 -0.486521
v 39.128223 -9.319736 -15.170133
vn 0.302625 -0.819582 -0.486521
v 40.382626 -8.403400 -15.933506
vn 0.302625 -0.819582 -0.486521
v 40.566971 -8.789162 -15.168999
vn 0.846278 -0.225036 -0.482879
v 44.596474 -2.807935 -15.896449
vn 0.846278 -0.225036 -0.482879
v 45.013359 -2.885088 -15.129871
vn 0.846278 -0.225036 -0.482879
v 44.613220 -4.365281 -15.141333
vn 0.676269 0.562233 -0.475977
v 42.473747 3.867180 -15.835995
vn 0.676269 0.562233 -0.475977
v 42.773556 4.158356 -15.066086
vn 0.676269 0.562233 -0.475977
v 43.748817 2.975031 -15.078197
vn 0.426626 0.524384 -0.736893
v 42.012600 3.412982 -16.426193
vn 0.426626 0.524384 -0.736893
v 40.987724 4.260128 -16.416704
vn 0.426626 0.524384 -0.736893
v 42.473747 3.867180 -15.835995
vn 0.426629 0.524095 -0.737097
v 42.473747 3.867180 -15.835995
vn 0.426629 0.524095 -0.737097
v 40.987724 4.260128 -16.416704
vn 0.426629 0.524095 -0.737097
v 41.353802 4.793252 -15.825754
vn 0.558282 0.680409 -0.474726
v 42.473747 3.867180 -15.835995
vn 0.558282 0.680409 -0.474726
v 41.353802 4.793252 -15.825754
vn 0.558282 0.680409 -0.474726
v 42.773556 4.158356 -15.066086
vn 0.558262 0.680512 -0.474602
v 42.773556 4.158356 -15.066086
vn 0.558262 0.680512 -0.474602
v 41.353802 4.793252 -15.825754
vn 0.558262 0.680512 -0.474602
v 41.591724 5.135438 -15.055248
vn 0.170017 -0.981028 -0.093158
v 37.775505 -9.709134 -14.306541
vn 0.170017 -0.981028 -0.093158
v 37.776367 -9.666471 -14.754247
vn 0.170017 -0.981028 -0.093158
v 39.167358 -9.467818 -14.307601
vn 0.193911 -0.965368 -0.174536
v 39.167358 -9.467818 -14.307601
vn 0.193911 -0.965368 -0.174536
v 37.776367 -9.666471 -14.754247
vn 0.193911 -0.965368 -0.174536
v 39.128223 -9.319736 -15.170133
vn 0.300008 -0.937818 -0.174621
v 39.167358 -9.467818 -14.307601
vn 0.300008 -0.937818 -0.174621
v 39.128223 -9.319736 -15.170133
vn 0.300008 -0.937818 -0.174621
v 39.973129 -9.210112 -14.307282
vn 0.338083 -0.916314 -0.214636
v 39.973129 -9.210112 -14.307282
vn 0.338083 -0.916314 -0.214636
v 39.128223 -9.319736 -15.170133
vn 0.338083 -0.916314 -0.214636
v 40.566971 -8.789162 -15.168999
vn 0.388180 -0.904905 -0.174539
v 39.973129 -9.210112 -14.307282
vn 0.388180 -0.904905 -0.174539
v 40.566971 -8.789162 -15.168999
vn 0.388180 -0.904905 -0.174539
v 40.631897 -8.927673 -14.306477
vn 0.508882 -0.843129 -0.173705
v 40.631897 -8.927673 -14.306477
vn 0.508882 -0.843129 -0.173705
v 40.566971 -8.789162 -15.168999
vn 0.508882 -0.843129 -0.173705
v 41.951904 -8.131715 -14.302835
vn 0.586099 -0.791271 -0.174294
v 41.968033 -8.119776 -14.302805
vn 0.586099 -0.791271 -0.174294
v 41.951904 -8.131715 -14.302835
vn 0.586099 -0.791271 -0.174294
v 41.879147 -7.995620 -15.165348
vn 0.509773 -0.842138 -0.175882
v 41.879147 -7.995620 -15.165348
vn 0.509773 -0.842138 -0.175882
v 41.951904 -8.131715 -14.302835
vn 0.509773 -0.842138 -0.175882
v 40.566971 -8.789162 -15.168999
vn 0.453150 -0.747079 -0.486342
v 41.879147 -7.995620 -15.165348
vn 0.453150 -0.747079 -0.486342
v 40.566971 -8.789162 -15.168999
vn 0.453150 -0.747079 -0.486342
v 41.626060 -7.651317 -15.930051
vn 0.453224 -0.747090 -0.486255
v 41.626060 -7.651317 -15.930051
vn 0.453224 -0.747090 -0.486255
v 40.566971 -8.789162 -15.168999
vn 0.453224 -0.747090 -0.486255
v 40.382626 -8.403400 -15.933506
vn 0.346241 -0.569020 -0.745878
v 41.626060 -7.651317 -15.930051
vn 0.346241 -0.569020 -0.745878
v 40.382626 -8.403400 -15.933506
vn 0.346241 -0.569020 -0.745878
v 41.236996 -7.124927 -16.512234
vn 0.346280 -0.569033 -0.745849
v 41.236996 -7.124927 -16.512234
vn 0.346280 -0.569033 -0.745849
v 40.382626 -8.403400 -15.933506
vn 0.346280 -0.569033 -0.745849
v 40.099449 -7.813010 -16.515408
vn 0.182475 -0.297347 -0.937170
v 41.236996 -7.124927 -16.512234
vn 0.182475 -0.297347 -0.937170
v 40.099449 -7.813010 -16.515408
vn 0.182475 -0.297347 -0.937170
v 39.166401 -7.327919 -16.850990
vn 0.137481 -0.370927 -0.918429
v 39.166401 -7.327919 -16.850990
vn 0.137481 -0.370927 -0.918429
v 40.099449 -7.813010 -16.515408
vn 0.137481 -0.370927 -0.918429
v 38.851746 -8.273011 -16.516397
vn 0.111277 -0.364380 -0.924578
v 39.166401 -7.327919 -16.850990
vn 0.111277 -0.364380 -0.924578
v 38.851746 -8.273011 -16.516397
vn 0.111277 -0.364380 -0.924578
v 37.861847 -8.048820 -16.723890
vn 0.083932 -0.451539 -0.888295
v 37.861847 -8.048820 -16.723890
vn 0.083932 -0.451539 -0.888295
v 38.851746 -8.273011 -16.516397
vn 0.083932 -0.451539 -0.888295
v 37.836617 -8.455845 -16.519375
vn 0.185172 -0.368600 -0.910958
v 39.166401 -7.327919 -16.850990
vn 0.185172 -0.368600 -0.910958
v 40.440887 -6.693603 -16.848587
vn 0.185172 -0.368600 -0.910958
v 41.236996 -7.124927 -16.512234
vn 0.247640 -0.268789 -0.930820
v 41.236996 -7.124927 -16.512234
vn 0.247640 -0.268789 -0.930820
v 40.440887 -6.693603 -16.848587
vn 0.247640 -0.268789 -0.930820
v 42.223640 -6.233722 -16.507092
vn 0.448915 -0.492687 -0.745476
v 41.236996 -7.124927 -16.512234
vn 0.448915 -0.492687 -0.745476
v 42.223640 -6.233722 -16.507092
vn 0.448915 -0.492687 -0.745476
v 41.626060 -7.651317 -15.930051
vn 0.448926 -0.492689 -0.745468
v 41.626060 -7.651317 -15.930051
vn 0.448926 -0.492689 -0.745468
v 42.223640 -6.233722 -16.507092
vn 0.448926 -0.492689 -0.745468
v 42.704643 -6.677070 -15.924415
vn 0.587277 -0.647358 -0.485833
v 41.626060 -7.651317 -15.930051
vn 0.587277 -0.647358 -0.485833
v 42.704643 -6.677070 -15.924415
vn 0.587277 -0.647358 -0.485833
v 41.879147 -7.995620 -15.165348
vn 0.587268 -0.647358 -0.485843
v 41.879147 -7.995620 -15.165348
vn 0.587268 -0.647358 -0.485843
v 42.704643 -6.677070 -15.924415
vn 0.587268 -0.647358 -0.485843
v 43.017105 -6.967752 -15.159406
vn 0.660665 -0.730422 -0.173220
v 41.879147 -7.995620 -15.165348
vn 0.660665 -0.730422 -0.173220
v 43.017105 -6.967752 -15.159406
vn 0.660665 -0.730422 -0.173220
v 41.968033 -8.119776 -14.302805
vn 0.660763 -0.730377 -0.173038
v 41.968033 -8.119776 -14.302805
vn 0.660763 -0.730377 -0.173038
v 43.017105 -6.967752 -15.159406
vn 0.660763 -0.730377 -0.173038
v 43.126354 -7.073305 -14.296686
vn 0.385717 -0.097182 -0.917485
v 42.969845 -3.346491 -16.826420
vn 0.385717 -0.097182 -0.917485
v 43.954643 -2.693914 -16.481524
vn 0.385717 -0.097182 -0.917485
v 43.607742 -3.977267 -16.491430
vn 0.647316 -0.169239 -0.743195
v 43.607742 -3.977267 -16.491430
vn 0.647316 -0.169239 -0.743195
v 43.954643 -2.693914 -16.481524
vn 0.647316 -0.169239 -0.743195
v 44.217339 -4.210764 -15.907307
vn 0.602207 -0.289258 -0.744095
v 43.607742 -3.977267 -16.491430
vn 0.602207 -0.289258 -0.744095
v 44.217339 -4.210764 -15.907307
vn 0.602207 -0.289258 -0.744095
v 43.578632 -5.516268 -15.916720
vn 0.787395 -0.381735 -0.484032
v 43.578632 -5.516268 -15.916720
vn 0.787395 -0.381735 -0.484032
v 44.217339 -4.210764 -15.907307
vn 0.787395 -0.381735 -0.484032
v 43.939373 -5.742778 -15.151247
vn 0.700185 -0.523932 -0.485011
v 43.578632 -5.516268 -15.916720
vn 0.700185 -0.523932 -0.485011
v 43.939373 -5.742778 -15.151247
vn 0.700185 -0.523932 -0.485011
v 43.017105 -6.967752 -15.159406
vn 0.787451 -0.591715 -0.172609
v 43.017105 -6.967752 -15.159406
vn 0.787451 -0.591715 -0.172609
v 43.939373 -5.742778 -15.151247
vn 0.787451 -0.591715 -0.172609
v 44.065781 -5.826244 -14.288447
vn 0.799370 -0.550262 -0.241288
v 43.017105 -6.967752 -15.159406
vn 0.799370 -0.550262 -0.241288
v 44.065781 -5.826244 -14.288447
vn 0.799370 -0.550262 -0.241288
v 43.562431 -6.555337 -14.293296
vn 0.976291 -0.134190 -0.169847
v 45.229023 -2.413809 -14.262581
vn 0.976291 -0.134190 -0.169847
v 45.159203 -2.916686 -14.266603
vn 0.976291 -0.134190 -0.169847
v 45.013359 -2.885088 -15.129871
vn 0.951545 -0.256157 -0.170131
v 45.013359 -2.885088 -15.129871
vn 0.951545 -0.256157 -0.170131
v 45.159203 -2.916686 -14.266603
vn 0.951545 -0.256157 -0.170131
v 44.751404 -4.423779 -14.278283
vn 0.951674 -0.255952 -0.169720
v 45.013359 -2.885088 -15.129871
vn 0.951674 -0.255952 -0.169720
v 44.751404 -4.423779 -14.278283
vn 0.951674 -0.255952 -0.169720
v 44.613220 -4.365281 -15.141333
vn 0.918827 -0.355589 -0.171214
v 44.613220 -4.365281 -15.141333
vn 0.918827 -0.355589 -0.171214
v 44.751404 -4.423779 -14.278283
vn 0.918827 -0.355589 -0.171214
v 44.682899 -4.600201 -14.279509
vn 0.984864 -0.040234 -0.168592
v 45.273560 -1.359712 -14.253954
vn 0.984864 -0.040234 -0.168592
v 45.229023 -2.413809 -14.262581
vn 0.984864 -0.040234 -0.168592
v 45.125916 -1.355820 -15.117375
vn 0.976319 -0.070186 -0.204633
v 45.125916 -1.355820 -15.117375
vn 0.976319 -0.070186 -0.204633
v 45.229023 -2.413809 -14.262581
vn 0.976319 -0.070186 -0.204633
v 45.013359 -2.885088 -15.129871
vn 0.874465 -0.060429 -0.481310
v 45.125916 -1.355820 -15.117375
vn 0.874465 -0.060429 -0.481310
v 45.013359 -2.885088 -15.129871
vn 0.874465 -0.060429 -0.481310
v 44.703438 -1.358603 -15.884603
vn 0.874310 -0.060590 -0.481572
v 44.703438 -1.358603 -15.884603
vn 0.874310 -0.060590 -0.481572
v 45.013359 -2.885088 -15.129871
vn 0.874310 -0.060590 -0.481572
v 44.596474 -2.807935 -15.896449
vn 0.668632 -0.043279 -0.742333
v 44.703438 -1.358603 -15.884603
vn 0.668632 -0.043279 -0.742333
v 44.596474 -2.807935 -15.896449
vn 0.668632 -0.043279 -0.742333
v 44.052155 -1.367975 -16.470680
vn 0.967803 0.188240 -0.167103
v 45.091225 0.190604 -14.240624
vn 0.967803 0.188240 -0.167103
v 45.159168 -0.161461 -14.243705
vn 0.967803 0.188240 -0.167103
v 44.946678 0.167057 -15.104303
vn 0.973680 0.116282 -0.196023
v 44.946678 0.167057 -15.104303
vn 0.973680 0.116282 -0.196023
v 45.159168 -0.161461 -14.243705
vn 0.973680 0.116282 -0.196023
v 45.125916 -1.355820 -15.117375
vn 0.870769 0.106607 -0.479996
v 44.946678 0.167057 -15.104303
vn 0.870769 0.106607 -0.479996
v 45.125916 -1.355820 -15.117375
vn 0.870769 0.106607 -0.479996
v 44.533466 0.084621 -15.872229
vn 0.870812 0.106673 -0.479904
v 44.533466 0.084621 -15.872229
vn 0.870812 0.106673 -0.479904
v 45.125916 -1.355820 -15.117375
vn 0.870812 0.106673 -0.479904
v 44.703438 -1.358603 -15.884603
vn 0.665969 0.084788 -0.741145
v 44.533466 0.084621 -15.872229
vn 0.665969 0.084788 -0.741145
v 44.703438 -1.358603 -15.884603
vn 0.665969 0.084788 -0.741145
v 43.896938 -0.047579 -16.459314
vn 0.665841 0.084651 -0.741276
v 43.896938 -0.047579 -16.459314
vn 0.665841 0.084651 -0.741276
v 44.703438 -1.358603 -15.884603
vn 0.665841 0.084651 -0.741276
v 44.052155 -1.367975 -16.470680
vn 0.638969 0.209894 -0.740043
v 43.896938 -0.047579 -16.459314
vn 0.638969 0.209894 -0.740043
v 43.494019 1.219415 -16.447853
vn 0.638969 0.209894 -0.740043
v 44.533466 0.084621 -15.872229
vn 0.639098 0.210099 -0.739873
v 44.533466 0.084621 -15.872229
vn 0.639098 0.210099 -0.739873
v 43.494019 1.219415 -16.447853
vn 0.639098 0.210099 -0.739873
v 44.092751 1.469506 -15.859654
vn 0.835448 0.270211 -0.478553
v 44.533466 0.084621 -15.872229
vn 0.835448 0.270211 -0.478553
v 44.092751 1.469506 -15.859654
vn 0.835448 0.270211 -0.478553
v 44.946678 0.167057 -15.104303
vn 0.835348 0.269962 -0.478869
v 44.946678 0.167057 -15.104303
vn 0.835348 0.269962 -0.478869
v 44.092751 1.469506 -15.859654
vn 0.835348 0.269962 -0.478869
v 44.482056 1.628182 -15.091091
vn 0.939419 0.300221 -0.165406
v 44.946678 0.167057 -15.104303
vn 0.939419 0.300221 -0.165406
v 44.482056 1.628182 -15.091091
vn 0.939419 0.300221 -0.165406
v 45.091225 0.190604 -14.240624
vn 0.939418 0.300276 -0.165313
v 45.091225 0.190604 -14.240624
vn 0.939418 0.300276 -0.165313
v 44.482056 1.628182 -15.091091
vn 0.939418 0.300276 -0.165313
v 44.618084 1.678257 -14.227128
vn 0.517103 0.433780 -0.737861
v 42.012600 3.412982 -16.426193
vn 0.517103 0.433780 -0.737861
v 42.473747 3.867180 -15.835995
vn 0.517103 0.433780 -0.737861
v 43.398045 2.745811 -15.847474
vn 0.676269 0.562291 -0.475909
v 43.398045 2.745811 -15.847474
vn 0.676269 0.562291 -0.475909
v 42.473747 3.867180 -15.835995
vn 0.676269 0.562291 -0.475909
v 43.748817 2.975031 -15.078197
vn 0.769861 0.423690 -0.477285
v 43.398045 2.745811 -15.847474
vn 0.769861 0.423690 -0.477285
v 43.748817 2.975031 -15.078197
vn 0.769861 0.423690 -0.477285
v 44.482056 1.628182 -15.091091
vn 0.861254 0.470709 -0.191508
v 44.482056 1.628182 -15.091091
vn 0.861254 0.470709 -0.191508
v 43.748817 2.975031 -15.078197
vn 0.861254 0.470709 -0.191508
v 44.478821 1.986781 -14.224233
vn 0.898369 0.407057 -0.165038
v 44.482056 1.628182 -15.091091
vn 0.898369 0.407057 -0.165038
v 44.478821 1.986781 -14.224233
vn 0.898369 0.407057 -0.165038
v 44.618084 1.678257 -14.227128
vn 0.545453 0.822632 -0.160490
v 41.534370 5.342347 -14.189603
vn 0.545453 0.822632 -0.160490
v 41.675232 5.248732 -14.190709
vn 0.545453 0.822632 -0.160490
v 41.591724 5.135438 -15.055248
vn 0.628047 0.761454 -0.160451
v 41.591724 5.135438 -15.055248
vn 0.628047 0.761454 -0.160451
v 41.675232 5.248732 -14.190709
vn 0.628047 0.761454 -0.160451
v 42.878429 4.254007 -14.201753
vn 0.628054 0.761445 -0.160470
v 41.591724 5.135438 -15.055248
vn 0.628054 0.761445 -0.160470
v 42.878429 4.254007 -14.201753
vn 0.628054 0.761445 -0.160470
v 42.773556 4.158356 -15.066086
vn 0.719554 0.675268 -0.162036
v 42.773556 4.158356 -15.066086
vn 0.719554 0.675268 -0.162036
v 42.878429 4.254007 -14.201753
vn 0.719554 0.675268 -0.162036
v 43.239117 3.868726 -14.205670
vn 0.755338 0.624560 -0.198468
v 42.773556 4.158356 -15.066086
vn 0.755338 0.624560 -0.198468
v 43.239117 3.868726 -14.205670
vn 0.755338 0.624560 -0.198468
v 43.748817 2.975031 -15.078197
vn 0.780446 0.603742 -0.162478
v 43.748817 2.975031 -15.078197
vn 0.780446 0.603742 -0.162478
v 43.239117 3.868726 -14.205670
vn 0.780446 0.603742 -0.162478
v 43.871311 3.049280 -14.213927
vn 0.855753 0.490886 -0.163456
v 43.748817 2.975031 -15.078197
vn 0.855753 0.490886 -0.163456
v 43.871311 3.049280 -14.213927
vn 0.855753 0.490886 -0.163456
v 44.478821 1.986781 -14.224233
vn 0.463595 0.871539 -0.159684
v 40.305508 5.997519 -14.181381
vn 0.463595 0.871539 -0.159684
v 41.534370 5.342347 -14.189603
vn 0.463595 0.871539 -0.159684
v 40.246101 5.870689 -15.046071
vn 0.471138 0.864443 -0.175407
v 40.246101 5.870689 -15.046071
vn 0.471138 0.864443 -0.175407
v 41.534370 5.342347 -14.189603
vn 0.471138 0.864443 -0.175407
v 41.591724 5.135438 -15.055248
vn 0.419850 0.774298 -0.473486
v 40.246101 5.870689 -15.046071
vn 0.419850 0.774298 -0.473486
v 41.591724 5.135438 -15.055248
vn 0.419850 0.774298 -0.473486
v 40.078506 5.490114 -15.817042
vn 0.419857 0.774281 -0.473508
v 40.078506 5.490114 -15.817042
vn 0.419857 0.774281 -0.473508
v 41.591724 5.135438 -15.055248
vn 0.419857 0.774281 -0.473508
v 41.353802 4.793252 -15.825754
vn 0.320638 0.595989 -0.736199
v 40.078506 5.490114 -15.817042
vn 0.320638 0.595989 -0.736199
v 41.353802 4.793252 -15.825754
vn 0.320638 0.595989 -0.736199
v 39.821251 4.897776 -16.408611
vn 0.320651 0.595923 -0.736246
v 39.821251 4.897776 -16.408611
vn 0.320651 0.595923 -0.736246
v 41.353802 4.793252 -15.825754
vn 0.320651 0.595923 -0.736246
v 40.987724 4.260128 -16.416704
vn 0.249825 0.955186 -0.158770
v 38.818310 6.472932 -14.174026
vn 0.249825 0.955186 -0.158770
v 39.492554 6.296090 -14.177010
vn 0.249825 0.955186 -0.158770
v 38.785294 6.337813 -15.038872
vn 0.297596 0.933719 -0.199011
v 38.785294 6.337813 -15.038872
vn 0.297596 0.933719 -0.199011
v 39.492554 6.296090 -14.177010
vn 0.297596 0.933719 -0.199011
v 40.246101 5.870689 -15.046071
vn 0.266276 0.839992 -0.472768
v 38.785294 6.337813 -15.038872
vn 0.266276 0.839992 -0.472768
v 40.246101 5.870689 -15.046071
vn 0.266276 0.839992 -0.472768
v 38.694054 5.932619 -15.810192
vn 0.266187 0.840128 -0.472577
v 38.694054 5.932619 -15.810192
vn 0.266187 0.840128 -0.472577
v 40.246101 5.870689 -15.046071
vn 0.266187 0.840128 -0.472577
v 40.078506 5.490114 -15.817042
vn 0.202984 0.646457 -0.735453
v 38.694054 5.932619 -15.810192
vn 0.202984 0.646457 -0.735453
v 40.078506 5.490114 -15.817042
vn 0.202984 0.646457 -0.735453
v 38.554882 5.302652 -16.402340
vn 0.203015 0.646383 -0.735509
v 38.554882 5.302652 -16.402340
vn 0.203015 0.646383 -0.735509
v 40.078506 5.490114 -15.817042
vn 0.203015 0.646383 -0.735509
v 39.821251 4.897776 -16.408611
vn 0.109160 0.355809 -0.928162
v 38.554882 5.302652 -16.402340
vn 0.109160 0.355809 -0.928162
v 39.821251 4.897776 -16.408611
vn 0.109160 0.355809 -0.928162
v 39.951828 3.944906 -16.758535
vn 0.191195 0.361343 -0.912620
v 39.951828 3.944906 -16.758535
vn 0.191195 0.361343 -0.912620
v 39.821251 4.897776 -16.408611
vn 0.191195 0.361343 -0.912620
v 40.987724 4.260128 -16.416704
vn 0.209133 0.316204 -0.925353
v 39.951828 3.944906 -16.758535
vn 0.209133 0.316204 -0.925353
v 40.987724 4.260128 -16.416704
vn 0.209133 0.316204 -0.925353
v 41.126156 3.140031 -16.768169
vn 0.254416 0.318022 -0.913310
v 41.126156 3.140031 -16.768169
vn 0.254416 0.318022 -0.913310
v 40.987724 4.260128 -16.416704
vn 0.254416 0.318022 -0.913310
v 42.012600 3.412982 -16.426193
vn 0.276330 0.261317 -0.924854
v 41.126156 3.140031 -16.768169
vn 0.276330 0.261317 -0.924854
v 42.012600 3.412982 -16.426193
vn 0.276330 0.261317 -0.924854
v 42.084690 2.087669 -16.779119
vn 0.304866 0.260530 -0.916068
v 42.084690 2.087669 -16.779119
vn 0.304866 0.260530 -0.916068
v 42.012600 3.412982 -16.426193
vn 0.304866 0.260530 -0.916068
v 42.857944 2.387058 -16.436634
vn 0.333320 0.194449 -0.922544
v 42.084690 2.087669 -16.779119
vn 0.333320 0.194449 -0.922544
v 42.857944 2.387058 -16.436634
vn 0.333320 0.194449 -0.922544
v 42.777222 0.843979 -16.791042
vn 0.339291 0.193673 -0.920528
v 42.777222 0.843979 -16.791042
vn 0.339291 0.193673 -0.920528
v 42.857944 2.387058 -16.436634
vn 0.339291 0.193673 -0.920528
v 43.494019 1.219415 -16.447853
vn 0.378886 0.115908 -0.918156
v 42.777222 0.843979 -16.791042
vn 0.378886 0.115908 -0.918156
v 43.494019 1.219415 -16.447853
vn 0.378886 0.115908 -0.918156
v 43.166222 -0.525204 -16.803364
vn 0.356549 0.121766 -0.926308
v 43.166222 -0.525204 -16.803364
vn 0.356549 0.121766 -0.926308
v 43.494019 1.219415 -16.447853
vn 0.356549 0.121766 -0.926308
v 43.896938 -0.047579 -16.459314
vn 0.411517 0.026652 -0.911012
v 43.166222 -0.525204 -16.803364
vn 0.411517 0.026652 -0.911012
v 43.896938 -0.047579 -16.459314
vn 0.411517 0.026652 -0.911012
v 43.231785 -1.947239 -16.815350
vn 0.356671 0.049957 -0.932894
v 43.231785 -1.947239 -16.815350
vn 0.356671 0.049957 -0.932894
v 43.896938 -0.047579 -16.459314
vn 0.356671 0.049957 -0.932894
v 44.052155 -1.367975 -16.470680
vn 0.400384 -0.021952 -0.916085
v 43.231785 -1.947239 -16.815350
vn 0.400384 -0.021952 -0.916085
v 44.052155 -1.367975 -16.470680
vn 0.400384 -0.021952 -0.916085
v 43.954643 -2.693914 -16.481524
vn 0.668856 -0.043118 -0.742141
v 43.954643 -2.693914 -16.481524
vn 0.668856 -0.043118 -0.742141
v 44.052155 -1.367975 -16.470680
vn 0.668856 -0.043118 -0.742141
v 44.596474 -2.807935 -15.896449
vn 0.647375 -0.169212 -0.743150
v 43.954643 -2.693914 -16.481524
vn 0.647375 -0.169212 -0.743150
v 44.596474 -2.807935 -15.896449
vn 0.647375 -0.169212 -0.743150
v 44.217339 -4.210764 -15.907307
vn 0.846332 -0.224998 -0.482803
v 44.217339 -4.210764 -15.907307
vn 0.846332 -0.224998 -0.482803
v 44.596474 -2.807935 -15.896449
vn 0.846332 -0.224998 -0.482803
v 44.613220 -4.365281 -15.141333
vn 0.787438 -0.381716 -0.483978
v 44.217339 -4.210764 -15.907307
vn 0.787438 -0.381716 -0.483978
v 44.613220 -4.365281 -15.141333
vn 0.787438 -0.381716 -0.483978
v 43.939373 -5.742778 -15.151247
vn 0.882680 -0.430432 -0.188693
v 43.939373 -5.742778 -15.151247
vn 0.882680 -0.430432 -0.188693
v 44.613220 -4.365281 -15.141333
vn 0.882680 -0.430432 -0.188693
v 44.682899 -4.600201 -14.279509
vn 0.880461 -0.441919 -0.171744
v 43.939373 -5.742778 -15.151247
vn 0.880461 -0.441919 -0.171744
v 44.682899 -4.600201 -14.279509
vn 0.880461 -0.441919 -0.171744
v 44.065781 -5.826244 -14.288447
vn 0.082907 0.713096 -0.696147
v 37.240639 5.696798 -16.224846
vn 0.082907 0.713096 -0.696147
v 37.251240 6.104972 -15.805471
vn 0.082907 0.713096 -0.696147
v 38.694054 5.932619 -15.810192
vn 0.099624 0.848225 -0.520182
v 38.694054 5.932619 -15.810192
vn 0.099624 0.848225 -0.520182
v 37.251240 6.104972 -15.805471
vn 0.099624 0.848225 -0.520182
v 37.259644 6.410293 -15.305998
vn 0.124246 0.872293 -0.472936
v 38.694054 5.932619 -15.810192
vn 0.124246 0.872293 -0.472936
v 37.259644 6.410293 -15.305998
vn 0.124246 0.872293 -0.472936
v 38.785294 6.337813 -15.038872
vn 0.108805 0.922148 -0.371220
v 38.785294 6.337813 -15.038872
vn 0.108805 0.922148 -0.371220
v 37.259644 6.410293 -15.305998
vn 0.108805 0.922148 -0.371220
v 37.262844 6.519452 -15.033897
vn 0.116477 0.980602 -0.157650
v 38.785294 6.337813 -15.038872
vn 0.116477 0.980602 -0.157650
v 37.262844 6.519452 -15.033897
vn 0.116477 0.980602 -0.157650
v 38.818310 6.472932 -14.174026
vn 0.116543 0.980574 -0.157771
v 38.818310 6.472932 -14.174026
vn 0.116543 0.980574 -0.157771
v 37.262844 6.519452 -15.033897
vn 0.116543 0.980574 -0.157771
v 37.268269 6.657969 -14.168982
vn 0.170861 -0.985258 -0.008600
v 37.840248 -9.946657 14.192356
vn 0.170861 -0.985258 -0.008600
v 37.775505 -9.709134 -14.306541
vn 0.170861 -0.985258 -0.008600
v 39.231850 -9.705318 14.191018
vn 0.170816 -0.985265 -0.008597
v 39.231850 -9.705318 14.191018
vn 0.170816 -0.985265 -0.008597
v 37.775505 -9.709134 -14.306541
vn 0.170816 -0.985265 -0.008597
v 39.167358 -9.467818 -14.307601
vn 0.304515 -0.952469 -0.008627
v 39.231850 -9.705318 14.191018
vn 0.304515 -0.952469 -0.008627
v 39.167358 -9.467818 -14.307601
vn 0.304515 -0.952469 -0.008627
v 40.037872 -9.447629 14.191559
vn 0.304617 -0.952436 -0.008630
v 40.037872 -9.447629 14.191559
vn 0.304617 -0.952436 -0.008630
v 39.167358 -9.467818 -14.307601
vn 0.304617 -0.952436 -0.008630
v 39.973129 -9.210112 -14.307282
vn 0.393989 -0.919075 -0.008555
v 40.037872 -9.447629 14.191559
vn 0.393989 -0.919075 -0.008555
v 39.973129 -9.210112 -14.307282
vn 0.393989 -0.919075 -0.008555
v 40.696762 -9.165181 14.192239
vn 0.394042 -0.919053 -0.008556
v 40.696762 -9.165181 14.192239
vn 0.394042 -0.919053 -0.008556
v 39.973129 -9.210112 -14.307282
vn 0.394042 -0.919053 -0.008556
v 40.631897 -8.927673 -14.306477
vn 0.516437 -0.856285 -0.008312
v 40.696762 -9.165181 14.192239
vn 0.516437 -0.856285 -0.008312
v 40.631897 -8.927673 -14.306477
vn 0.516437 -0.856285 -0.008312
v 42.016655 -8.369172 14.196011
vn 0.516379 -0.856320 -0.008308
v 42.016655 -8.369172 14.196011
vn 0.516379 -0.856320 -0.008308
v 40.631897 -8.927673 -14.306477
vn 0.516379 -0.856320 -0.008308
v 41.951904 -8.131715 -14.302835
vn 0.599515 -0.800323 -0.008031
v 42.016655 -8.369172 14.196011
vn 0.599515 -0.800323 -0.008031
v 41.951904 -8.131715 -14.302835
vn 0.599515 -0.800323 -0.008031
v 42.032528 -8.357280 14.195872
vn 0.594988 -0.803694 -0.008044
v 42.032528 -8.357280 14.195872
vn 0.594988 -0.803694 -0.008044
v 41.951904 -8.131715 -14.302835
vn 0.594988 -0.803694 -0.008044
v 41.968033 -8.119776 -14.302805
vn 0.670286 -0.742063 -0.007701
v 42.032528 -8.357280 14.195872
vn 0.670286 -0.742063 -0.007701
v 41.968033 -8.119776 -14.302805
vn 0.670286 -0.742063 -0.007701
v 43.191113 -7.310826 14.202208
vn 0.670375 -0.741983 -0.007707
v 43.191113 -7.310826 14.202208
vn 0.670375 -0.741983 -0.007707
v 41.968033 -8.119776 -14.302805
vn 0.670375 -0.741983 -0.007707
v 43.126354 -7.073305 -14.296686
vn 0.765026 -0.643961 -0.007105
v 43.191113 -7.310826 14.202208
vn 0.765026 -0.643961 -0.007105
v 43.126354 -7.073305 -14.296686
vn 0.765026 -0.643961 -0.007105
v 43.627163 -6.792833 14.205239
vn 0.764994 -0.643999 -0.007104
v 43.627163 -6.792833 14.205239
vn 0.764994 -0.643999 -0.007104
v 43.126354 -7.073305 -14.296686
vn 0.764994 -0.643999 -0.007104
v 43.562431 -6.555337 -14.293296
vn 0.822957 -0.568065 -0.006603
v 43.627163 -6.792833 14.205239
vn 0.822957 -0.568065 -0.006603
v 43.562431 -6.555337 -14.293296
vn 0.822957 -0.568065 -0.006603
v 44.130512 -6.063687 14.210209
vn 0.822937 -0.568094 -0.006602
v 44.130512 -6.063687 14.210209
vn 0.822937 -0.568094 -0.006602
v 43.562431 -6.555337 -14.293296
vn 0.822937 -0.568094 -0.006602
v 44.065781 -5.826244 -14.288447
vn 0.893200 -0.449623 -0.005775
v 44.130512 -6.063687 14.210209
vn 0.893200 -0.449623 -0.005775
v 44.065781 -5.826244 -14.288447
vn 0.893200 -0.449623 -0.005775
v 44.747746 -4.837637 14.219024
vn 0.893233 -0.449558 -0.005778
v 44.747746 -4.837637 14.219024
vn 0.893233 -0.449558 -0.005778
v 44.065781 -5.826244 -14.288447
vn 0.893233 -0.449558 -0.005778
v 44.682899 -4.600201 -14.279509
vn 0.932365 -0.361481 -0.005133
v 44.747746 -4.837637 14.219024
vn 0.932365 -0.361481 -0.005133
v 44.682899 -4.600201 -14.279509
vn 0.932365 -0.361481 -0.005133
v 44.816143 -4.661235 14.220558
vn 0.932190 -0.361932 -0.005133
v 44.816143 -4.661235 14.220558
vn 0.932190 -0.361932 -0.005133
v 44.682899 -4.600201 -14.279509
vn 0.932190 -0.361932 -0.005133
v 44.751404 -4.423779 -14.278283
vn 0.965273 -0.261206 -0.004369
v 44.816143 -4.661235 14.220558
vn 0.965273 -0.261206 -0.004369
v 44.751404 -4.423779 -14.278283
vn 0.965273 -0.261206 -0.004369
v 45.223991 -3.154245 14.231993
vn 0.965286 -0.261160 -0.004372
v 45.223991 -3.154245 14.231993
vn 0.965286 -0.261160 -0.004372
v 44.751404 -4.423779 -14.278283
vn 0.965286 -0.261160 -0.004372
v 45.159203 -2.916686 -14.266603
vn 0.990512 -0.137387 -0.003397
v 45.223991 -3.154245 14.231993
vn 0.990512 -0.137387 -0.003397
v 45.159203 -2.916686 -14.266603
vn 0.990512 -0.137387 -0.003397
v 45.293762 -2.651326 14.236255
vn 0.990497 -0.137493 -0.003396
v 45.293762 -2.651326 14.236255
vn 0.990497 -0.137493 -0.003396
v 45.159203 -2.916686 -14.266603
vn 0.990497 -0.137493 -0.003396
v 45.229023 -2.413809 -14.262581
vn 0.999097 -0.042414 -0.002623
v 45.293762 -2.651326 14.236255
vn 0.999097 -0.042414 -0.002623
v 45.229023 -2.413809 -14.262581
vn 0.999097 -0.042414 -0.002623
v 45.338531 -1.597328 14.244687
vn 0.999106 -0.042194 -0.002629
v 45.338531 -1.597328 14.244687
vn 0.999106 -0.042194 -0.002629
v 45.229023 -2.413809 -14.262581
vn 0.999106 -0.042194 -0.002629
v 45.273560 -1.359712 -14.253954
vn 0.995454 0.095228 -0.001475
v 45.338531 -1.597328 14.244687
vn 0.995454 0.095228 -0.001475
v 45.273560 -1.359712 -14.253954
vn 0.995454 0.095228 -0.001475
v 45.223915 -0.399046 14.255129
vn 0.995472 0.095047 -0.001469
v 45.223915 -0.399046 14.255129
vn 0.995472 0.095047 -0.001469
v 45.273560 -1.359712 -14.253954
vn 0.995472 0.095047 -0.001469
v 45.159168 -0.161461 -14.243705
vn 0.981880 0.189503 -0.000651
v 45.223915 -0.399046 14.255129
vn 0.981880 0.189503 -0.000651
v 45.159168 -0.161461 -14.243705
vn 0.981880 0.189503 -0.000651
v 45.155968 -0.046986 14.258269
vn 0.981880 0.189500 -0.000651
v 45.155968 -0.046986 14.258269
vn 0.981880 0.189500 -0.000651
v 45.159168 -0.161461 -14.243705
vn 0.981880 0.189500 -0.000651
v 45.091225 0.190604 -14.240624
vn 0.952969 0.303067 0.000362
v 45.155968 -0.046986 14.258269
vn 0.952969 0.303067 0.000362
v 45.091225 0.190604 -14.240624
vn 0.952969 0.303067 0.000362
v 44.682831 1.440740 14.271710
vn 0.952965 0.303081 0.000361
v 44.682831 1.440740 14.271710
vn 0.952965 0.303081 0.000361
v 45.091225 0.190604 -14.240624
vn 0.952965 0.303081 0.000361
v 44.618084 1.678257 -14.227128
vn 0.911479 0.411345 0.001357
v 44.682831 1.440740 14.271710
vn 0.911479 0.411345 0.001357
v 44.618084 1.678257 -14.227128
vn 0.911479 0.411345 0.001357
v 44.543564 1.749324 14.274611
vn 0.911453 0.411402 0.001357
v 44.543564 1.749324 14.274611
vn 0.911453 0.411402 0.001357
v 44.618084 1.678257 -14.227128
vn 0.911453 0.411402 0.001357
v 44.478821 1.986781 -14.224233
vn 0.868204 0.496202 0.002162
v 44.543564 1.749324 14.274611
vn 0.868204 0.496202 0.002162
v 44.478821 1.986781 -14.224233
vn 0.868204 0.496202 0.002162
v 43.936291 2.811827 14.284843
vn 0.868120 0.496350 0.002156
v 43.936291 2.811827 14.284843
vn 0.868120 0.496350 0.002156
v 44.478821 1.986781 -14.224233
vn 0.868120 0.496350 0.002156
v 43.871311 3.049280 -14.213927
vn 0.791663 0.610949 0.003285
v 43.936291 2.811827 14.284843
vn 0.791663 0.610949 0.003285
v 43.871311 3.049280 -14.213927
vn 0.791663 0.610949 0.003285
v 43.303867 3.631273 14.293114
vn 0.791771 0.610809 0.003290
v 43.303867 3.631273 14.293114
vn 0.791771 0.610809 0.003290
v 43.871311 3.049280 -14.213927
vn 0.791771 0.610809 0.003290
v 43.239117 3.868726 -14.205670
vn 0.730027 0.683406 0.004036
v 43.303867 3.631273 14.293114
vn 0.730027 0.683406 0.004036
v 43.239117 3.868726 -14.205670
vn 0.730027 0.683406 0.004036
v 42.943165 4.016559 14.296973
vn 0.730038 0.683395 0.004036
v 42.943165 4.016559 14.296973
vn 0.730038 0.683395 0.004036
v 43.239117 3.868726 -14.205670
vn 0.730038 0.683395 0.004036
v 42.878429 4.254007 -14.201753
vn 0.637245 0.770645 0.004973
v 42.943165 4.016559 14.296973
vn 0.637245 0.770645 0.004973
v 42.878429 4.254007 -14.201753
vn 0.637245 0.770645 0.004973
v 41.739990 5.011390 14.308201
vn 0.637197 0.770685 0.004970
v 41.739990 5.011390 14.308201
vn 0.637197 0.770685 0.004970
v 42.878429 4.254007 -14.201753
vn 0.637197 0.770685 0.004970
v 41.675232 5.248732 -14.190709
vn 0.552291 0.833632 0.005688
v 41.739990 5.011390 14.308201
vn 0.552291 0.833632 0.005688
v 41.675232 5.248732 -14.190709
vn 0.552291 0.833632 0.005688
v 41.599117 5.104712 14.309226
vn 0.553525 0.832813 0.005687
v 41.599117 5.104712 14.309226
vn 0.553525 0.832813 0.005687
v 41.675232 5.248732 -14.190709
vn 0.553525 0.832813 0.005687
v 41.534370 5.342347 -14.189603
vn 0.470551 0.882351 0.006288
v 41.599117 5.104712 14.309226
vn 0.470551 0.882351 0.006288
v 41.534370 5.342347 -14.189603
vn 0.470551 0.882351 0.006288
v 40.370247 5.759999 14.317520
vn 0.470488 0.882384 0.006285
v 40.370247 5.759999 14.317520
vn 0.470488 0.882384 0.006285
v 41.534370 5.342347 -14.189603
vn 0.470488 0.882384 0.006285
v 40.305508 5.997519 -14.181381
vn 0.344642 0.938708 0.007041
v 40.370247 5.759999 14.317520
vn 0.344642 0.938708 0.007041
v 40.305508 5.997519 -14.181381
vn 0.344642 0.938708 0.007041
v 39.557049 6.058531 14.321595
vn 0.344776 0.938658 0.007044
v 39.557049 6.058531 14.321595
vn 0.344776 0.938658 0.007044
v 40.305508 5.997519 -14.181381
vn 0.344776 0.938658 0.007044
v 39.492554 6.296090 -14.177010
vn 0.253932 0.967193 0.007488
v 39.557049 6.058531 14.321595
vn 0.253932 0.967193 0.007488
v 39.492554 6.296090 -14.177010
vn 0.253932 0.967193 0.007488
v 38.883236 6.235411 14.324862
vn 0.253724 0.967248 0.007483
v 38.883236 6.235411 14.324862
vn 0.253724 0.967248 0.007483
v 39.492554 6.296090 -14.177010
vn 0.253724 0.967248 0.007483
v 38.818310 6.472932 -14.174026
vn 0.118562 0.992914 0.008005
v 38.883236 6.235411 14.324862
vn 0.118562 0.992914 0.008005
v 38.818310 6.472932 -14.174026
vn 0.118562 0.992914 0.008005
v 37.332771 6.420507 14.329936
vn 0.118556 0.992915 0.008005
v 37.332771 6.420507 14.329936
vn 0.118556 0.992915 0.008005
v 38.818310 6.472932 -14.174026
vn 0.118556 0.992915 0.008005
v 37.268269 6.657969 -14.168982
vn 0.023478 0.999690 0.008278
v 32.177551 6.541472 14.342613
vn 0.023478 0.999690 0.008278
v 37.332771 6.420507 14.329936
vn 0.023478 0.999690 0.008278
v 32.112808 6.778989 -14.156222
vn 0.023487 0.999690 0.008277
v 32.112808 6.778989 -14.156222
vn 0.023487 0.999690 0.008277
v 37.332771 6.420507 14.329936
vn 0.023487 0.999690 0.008277
v 37.268269 6.657969 -14.168982
vn 0.007057 0.397647 -0.917512
v 37.214935 4.656809 -16.746658
vn 0.007057 0.397647 -0.917512
v 33.670845 4.739920 -16.737898
vn 0.007057 0.397647 -0.917512
v 37.234688 5.460191 -16.398323
vn 0.011448 0.379507 -0.925118
v 37.234688 5.460191 -16.398323
vn 0.011448 0.379507 -0.925118
v 33.670845 4.739920 -16.737898
vn 0.011448 0.379507 -0.925118
v 33.129597 5.451573 -16.452660
vn 0.009434 0.591107 -0.806538
v 37.234688 5.460191 -16.398323
vn 0.009434 0.591107 -0.806538
v 33.129597 5.451573 -16.452660
vn 0.009434 0.591107 -0.806538
v 37.240639 5.696798 -16.224846
vn 0.011547 0.569786 -0.821712
v 37.240639 5.696798 -16.224846
vn 0.011547 0.569786 -0.821712
v 33.129597 5.451573 -16.452660
vn 0.011547 0.569786 -0.821712
v 32.870014 5.792203 -16.220110
vn 0.014881 0.716344 -0.697589
v 37.240639 5.696798 -16.224846
vn 0.014881 0.716344 -0.697589
v 32.870014 5.792203 -16.220110
vn 0.014881 0.716344 -0.697589
v 37.251240 6.104972 -15.805471
vn 0.016603 0.706018 -0.707999
v 37.251240 6.104972 -15.805471
vn 0.016603 0.706018 -0.707999
v 32.870014 5.792203 -16.220110
vn 0.016603 0.706018 -0.707999
v 32.583263 6.168062 -15.852027
vn 0.016731 0.852971 -0.521690
v 37.251240 6.104972 -15.805471
vn 0.016731 0.852971 -0.521690
v 32.583263 6.168062 -15.852027
vn 0.016731 0.852971 -0.521690
v 37.259644 6.410293 -15.305998
vn 0.018707 0.844687 -0.534934
v 37.259644 6.410293 -15.305998
vn 0.018707 0.844687 -0.534934
v 32.583263 6.168062 -15.852027
vn 0.018707 0.844687 -0.534934
v 32.311638 6.523078 -15.300939
vn 0.020768 0.927817 -0.372458
v 37.259644 6.410293 -15.305998
vn 0.020768 0.927817 -0.372458
v 32.311638 6.523078 -15.300939
vn 0.020768 0.927817 -0.372458
v 37.262844 6.519452 -15.033897
vn 0.021181 0.924679 -0.380157
v 37.262844 6.519452 -15.033897
vn 0.021181 0.924679 -0.380157
v 32.311638 6.523078 -15.300939
vn 0.021181 0.924679 -0.380157
v 32.232708 6.625735 -15.055637
vn 0.021542 0.987167 -0.158231
v 37.262844 6.519452 -15.033897
vn 0.021542 0.987167 -0.158231
v 32.232708 6.625735 -15.055637
vn 0.021542 0.987167 -0.158231
v 37.268269 6.657969 -14.168982
vn 0.022738 0.986034 -0.164982
v 37.268269 6.657969 -14.168982
vn 0.022738 0.986034 -0.164982
v 32.232708 6.625735 -15.055637
vn 0.022738 0.986034 -0.164982
v 32.112808 6.778989 -14.156222
vn 0.010424 0.049664 0.998712
v 37.267960 3.364008 17.044739
vn 0.010424 0.049664 0.998712
v 37.244045 2.338447 17.095987
vn 0.010424 0.049664 0.998712
v 38.188789 2.206300 17.092697
vn 0.015421 -0.077768 0.996852
v 38.045509 -5.973903 17.024158
vn 0.015421 -0.077768 0.996852
v 38.001709 -6.978311 16.946480
vn 0.015421 -0.077768 0.996852
v 38.899677 -6.658235 16.957560
vn 0.054109 -0.185762 0.981104
v 38.899677 -6.658235 16.957560
vn 0.054109 -0.185762 0.981104
v 38.001709 -6.978311 16.946480
vn 0.054109 -0.185762 0.981104
v 37.966492 -7.920061 16.770111
vn 0.004255 -0.015412 0.999872
v 38.551800 -5.694193 17.026316
vn 0.004255 -0.015412 0.999872
v 38.052330 -5.839815 17.026197
vn 0.004255 -0.015412 0.999872
v 38.045509 -5.973903 17.024158
vn 0.010592 0.049797 0.998703
v 37.267960 3.364008 17.044739
vn 0.010592 0.049797 0.998703
v 38.188789 2.206300 17.092697
vn 0.010592 0.049797 0.998703
v 38.446724 3.199085 17.040459
vn 0.023245 0.046507 0.998647
v 38.446724 3.199085 17.040459
vn 0.023245 0.046507 0.998647
v 38.188789 2.206300 17.092697
vn 0.023245 0.046507 0.998647
v 39.078388 1.861294 17.088057
vn 0.023360 0.046561 0.998642
v 38.446724 3.199085 17.040459
vn 0.023360 0.046561 0.998642
v 39.078388 1.861294 17.088057
vn 0.023360 0.046561 0.998642
v 39.556664 2.768740 17.034561
vn 0.059999 -0.019138 0.998015
v 41.101006 -3.025768 17.042740
vn 0.059999 -0.019138 0.998015
v 42.299591 -2.158743 16.987309
vn 0.059999 -0.019138 0.998015
v 41.276604 -2.087976 17.050165
vn 0.060940 -0.005622 0.998126
v 41.276604 -2.087976 17.050165
vn 0.060940 -0.005622 0.998126
v 42.299591 -2.158743 16.987309
vn 0.060940 -0.005622 0.998126
v 42.244717 -0.969565 16.997358
vn 0.060933 -0.005616 0.998126
v 41.276604 -2.087976 17.050165
vn 0.060933 -0.005616 0.998126
v 42.244717 -0.969565 16.997358
vn 0.060933 -0.005616 0.998126
v 41.233036 -1.134865 17.058187
vn 0.058756 0.007752 0.998242
v 41.233036 -1.134865 17.058187
vn 0.058756 0.007752 0.998242
v 42.244717 -0.969565 16.997358
vn 0.058756 0.007752 0.998242
v 41.919537 0.175442 17.007607
vn 0.058439 0.007919 0.998260
v 41.233036 -1.134865 17.058187
vn 0.058439 0.007919 0.998260
v 41.919537 0.175442 17.007607
vn 0.058439 0.007919 0.998260
v 40.972210 -0.217101 17.066177
vn 0.053387 0.020126 0.998371
v 40.972210 -0.217101 17.066177
vn 0.053387 0.020126 0.998371
v 41.919537 0.175442 17.007607
vn 0.053387 0.020126 0.998371
v 41.340546 1.215615 17.017599
vn 0.053391 0.020125 0.998371
v 40.972210 -0.217101 17.066177
vn 0.053391 0.020125 0.998371
v 41.340546 1.215615 17.017599
vn 0.053391 0.020125 0.998371
v 40.507919 0.616581 17.074202
vn 0.045517 0.031079 0.998480
v 40.507919 0.616581 17.074202
vn 0.045517 0.031079 0.998480
v 41.340546 1.215615 17.017599
vn 0.045517 0.031079 0.998480
v 40.538822 2.095591 17.026756
vn 0.045916 0.031070 0.998462
v 40.507919 0.616581 17.074202
vn 0.045916 0.031070 0.998462
v 40.538822 2.095591 17.026756
vn 0.045916 0.031070 0.998462
v 39.865601 1.321874 17.081791
vn 0.029235 -0.060611 0.997733
v 38.045509 -5.973903 17.024158
vn 0.029235 -0.060611 0.997733
v 38.899677 -6.658235 16.957560
vn 0.029235 -0.060611 0.997733
v 38.551800 -5.694193 17.026316
vn 0.028473 -0.060886 0.997738
v 38.551800 -5.694193 17.026316
vn 0.028473 -0.060886 0.997738
v 38.899677 -6.658235 16.957560
vn 0.028473 -0.060886 0.997738
v 39.965736 -6.127799 16.959505
vn 0.028462 -0.060924 0.997737
v 38.551800 -5.694193 17.026316
vn 0.028462 -0.060924 0.997737
v 39.965736 -6.127799 16.959505
vn 0.028462 -0.060924 0.997737
v 39.406258 -5.269064 17.027901
vn 0.039981 -0.053422 0.997771
v 39.406258 -5.269064 17.027901
vn 0.039981 -0.053422 0.997771
v 39.965736 -6.127799 16.959505
vn 0.039981 -0.053422 0.997771
v 40.881481 -5.367425 16.963522
vn 0.039977 -0.053473 0.997769
v 39.406258 -5.269064 17.027901
vn 0.039977 -0.053473 0.997769
v 40.881481 -5.367425 16.963522
vn 0.039977 -0.053473 0.997769
v 40.140423 -4.659746 17.031141
vn 0.049070 -0.043957 0.997828
v 40.140423 -4.659746 17.031141
vn 0.049070 -0.043957 0.997828
v 40.881481 -5.367425 16.963522
vn 0.049070 -0.043957 0.997828
v 41.599197 -4.417632 16.970068
vn 0.049063 -0.043913 0.997830
v 40.140423 -4.659746 17.031141
vn 0.049063 -0.043913 0.997830
v 41.599197 -4.417632 16.970068
vn 0.049063 -0.043913 0.997830
v 40.715389 -3.898420 17.036375
vn 0.056015 -0.032090 0.997914
v 40.715389 -3.898420 17.036375
vn 0.056015 -0.032090 0.997914
v 41.599197 -4.417632 16.970068
vn 0.056015 -0.032090 0.997914
v 42.080334 -3.328727 16.978077
vn 0.055984 -0.032017 0.997918
v 40.715389 -3.898420 17.036375
vn 0.055984 -0.032017 0.997918
v 42.080334 -3.328727 16.978077
vn 0.055984 -0.032017 0.997918
v 41.101006 -3.025768 17.042740
vn 0.023074 0.165740 0.985900
v 37.291313 4.376584 16.873966
vn 0.023074 0.165740 0.985900
v 37.267960 3.364008 17.044739
vn 0.023074 0.165740 0.985900
v 38.458946 4.237255 16.870062
vn 0.026192 0.161609 0.986507
v 38.458946 4.237255 16.870062
vn 0.026192 0.161609 0.986507
v 37.267960 3.364008 17.044739
vn 0.026192 0.161609 0.986507
v 38.446724 3.199085 17.040459
vn 0.056379 0.161061 0.985333
v 38.458946 4.237255 16.870062
vn 0.056379 0.161061 0.985333
v 38.446724 3.199085 17.040459
vn 0.056379 0.161061 0.985333
v 39.579178 3.879080 16.864511
vn 0.063334 0.149826 0.986682
v 39.579178 3.879080 16.864511
vn 0.063334 0.149826 0.986682
v 38.446724 3.199085 17.040459
vn 0.063334 0.149826 0.986682
v 39.556664 2.768740 17.034561
vn 0.076937 0.149411 0.985777
v 39.579178 3.879080 16.864511
vn 0.076937 0.149411 0.985777
v 39.556664 2.768740 17.034561
vn 0.076937 0.149411 0.985777
v 40.028194 3.664690 16.861961
vn 0.092024 0.141448 0.985659
v 40.028194 3.664690 16.861961
vn 0.092024 0.141448 0.985659
v 39.556664 2.768740 17.034561
vn 0.092024 0.141448 0.985659
v 40.610886 3.315050 16.857737
vn 0.116424 0.129603 0.984707
v 41.517452 2.565796 16.849163
vn 0.116424 0.129603 0.984707
v 40.610886 3.315050 16.857737
vn 0.116424 0.129603 0.984707
v 40.538822 2.095591 17.026756
vn 0.097605 0.130973 0.986569
v 40.538822 2.095591 17.026756
vn 0.097605 0.130973 0.986569
v 40.610886 3.315050 16.857737
vn 0.097605 0.130973 0.986569
v 39.556664 2.768740 17.034561
vn 0.035466 0.040170 0.998563
v 40.538822 2.095591 17.026756
vn 0.035466 0.040170 0.998563
v 39.556664 2.768740 17.034561
vn 0.035466 0.040170 0.998563
v 39.865601 1.321874 17.081791
vn 0.035475 0.040171 0.998563
v 39.865601 1.321874 17.081791
vn 0.035475 0.040171 0.998563
v 39.556664 2.768740 17.034561
vn 0.035475 0.040171 0.998563
v 39.078388 1.861294 17.088057
vn 0.131595 0.098661 0.986382
v 41.517452 2.565796 16.849163
vn 0.131595 0.098661 0.986382
v 40.538822 2.095591 17.026756
vn 0.131595 0.098661 0.986382
v 42.265144 1.658255 16.840187
vn 0.134939 0.112696 0.984424
v 42.265144 1.658255 16.840187
vn 0.134939 0.112696 0.984424
v 40.538822 2.095591 17.026756
vn 0.134939 0.112696 0.984424
v 41.340546 1.215615 17.017599
vn 0.153634 0.074017 0.985352
v 42.265144 1.658255 16.840187
vn 0.153634 0.074017 0.985352
v 41.340546 1.215615 17.017599
vn 0.153634 0.074017 0.985352
v 42.827709 0.625572 16.830046
vn 0.154615 0.076600 0.985001
v 42.827709 0.625572 16.830046
vn 0.154615 0.076600 0.985001
v 41.340546 1.215615 17.017599
vn 0.154615 0.076600 0.985001
v 41.919537 0.175442 17.007607
vn 0.169997 0.045330 0.984402
v 42.827709 0.625572 16.830046
vn 0.169997 0.045330 0.984402
v 41.919537 0.175442 17.007607
vn 0.169997 0.045330 0.984402
v 43.183903 -0.495156 16.820143
vn 0.166487 0.038463 0.985293
v 43.183903 -0.495156 16.820143
vn 0.166487 0.038463 0.985293
v 41.919537 0.175442 17.007607
vn 0.166487 0.038463 0.985293
v 42.244717 -0.969565 16.997358
vn 0.179233 0.012645 0.983725
v 43.183903 -0.495156 16.820143
vn 0.179233 0.012645 0.983725
v 42.244717 -0.969565 16.997358
vn 0.179233 0.012645 0.983725
v 43.321655 -1.662990 16.810057
vn 0.171079 -0.000431 0.985257
v 43.321655 -1.662990 16.810057
vn 0.171079 -0.000431 0.985257
v 42.244717 -0.969565 16.997358
vn 0.171079 -0.000431 0.985257
v 42.299591 -2.158743 16.987309
vn 0.176896 -0.012822 0.984146
v 43.321655 -1.662990 16.810057
vn 0.176896 -0.012822 0.984146
v 42.299591 -2.158743 16.987309
vn 0.176896 -0.012822 0.984146
v 43.307980 -2.227527 16.805159
vn 0.059982 -0.019115 0.998016
v 41.101006 -3.025768 17.042740
vn 0.059982 -0.019115 0.998016
v 42.080334 -3.328727 16.978077
vn 0.059982 -0.019115 0.998016
v 42.299591 -2.158743 16.987309
vn 0.168426 -0.039334 0.984929
v 42.299591 -2.158743 16.987309
vn 0.168426 -0.039334 0.984929
v 42.080334 -3.328727 16.978077
vn 0.168426 -0.039334 0.984929
v 43.235184 -2.835718 16.800285
vn 0.175773 -0.028925 0.984006
v 42.299591 -2.158743 16.987309
vn 0.175773 -0.028925 0.984006
v 43.235184 -2.835718 16.800285
vn 0.175773 -0.028925 0.984006
v 43.307980 -2.227527 16.805159
vn 0.111019 -0.138904 0.984063
v 39.965736 -6.127799 16.959505
vn 0.111019 -0.138904 0.984063
v 40.831512 -6.755017 16.773296
vn 0.111019 -0.138904 0.984063
v 40.881481 -5.367425 16.963522
vn 0.120469 -0.139088 0.982925
v 40.881481 -5.367425 16.963522
vn 0.120469 -0.139088 0.982925
v 40.831512 -6.755017 16.773296
vn 0.120469 -0.139088 0.982925
v 41.704006 -5.966716 16.777910
vn 0.139982 -0.112558 0.983736
v 40.881481 -5.367425 16.963522
vn 0.139982 -0.112558 0.983736
v 41.704006 -5.966716 16.777910
vn 0.139982 -0.112558 0.983736
v 41.599197 -4.417632 16.970068
vn 0.140754 -0.112493 0.983633
v 41.599197 -4.417632 16.970068
vn 0.140754 -0.112493 0.983633
v 41.704006 -5.966716 16.777910
vn 0.140754 -0.112493 0.983633
v 42.411484 -5.027251 16.784115
vn 0.164927 -0.080104 0.983047
v 41.599197 -4.417632 16.970068
vn 0.164927 -0.080104 0.983047
v 42.411484 -5.027251 16.784115
vn 0.164927 -0.080104 0.983047
v 42.080334 -3.328727 16.978077
vn 0.153986 -0.082418 0.984630
v 42.080334 -3.328727 16.978077
vn 0.153986 -0.082418 0.984630
v 42.411484 -5.027251 16.784115
vn 0.153986 -0.082418 0.984630
v 42.928082 -3.970917 16.791744
vn 0.174685 -0.054653 0.983106
v 42.080334 -3.328727 16.978077
vn 0.174685 -0.054653 0.983106
v 42.928082 -3.970917 16.791744
vn 0.174685 -0.054653 0.983106
v 43.235184 -2.835718 16.800285
vn 0.034624 -0.171858 0.984513
v 37.966492 -7.920061 16.770111
vn 0.034624 -0.171858 0.984513
v 38.721645 -7.770473 16.769667
vn 0.034624 -0.171858 0.984513
v 38.899677 -6.658235 16.957560
vn 0.064426 -0.176243 0.982236
v 38.899677 -6.658235 16.957560
vn 0.064426 -0.176243 0.982236
v 38.721645 -7.770473 16.769667
vn 0.064426 -0.176243 0.982236
v 39.825233 -7.363549 16.770296
vn 0.077567 -0.159505 0.984145
v 38.899677 -6.658235 16.957560
vn 0.077567 -0.159505 0.984145
v 39.825233 -7.363549 16.770296
vn 0.077567 -0.159505 0.984145
v 39.965736 -6.127799 16.959505
vn 0.088022 -0.160533 0.983098
v 39.965736 -6.127799 16.959505
vn 0.088022 -0.160533 0.983098
v 39.825233 -7.363549 16.770296
vn 0.088022 -0.160533 0.983098
v 40.517265 -6.973823 16.771975
vn 0.101525 -0.151751 0.983191
v 39.965736 -6.127799 16.959505
vn 0.101525 -0.151751 0.983191
v 40.517265 -6.973823 16.771975
vn 0.101525 -0.151751 0.983191
v 40.831512 -6.755017 16.773296
vn 0.592890 -0.789551 0.158398
v 42.016655 -8.369172 14.196011
vn 0.592890 -0.789551 0.158398
v 42.032528 -8.357280 14.195872
vn 0.592890 -0.789551 0.158398
v 41.947681 -8.247432 15.061009
vn 0.811899 -0.561564 0.159580
v 43.627163 -6.792833 14.205239
vn 0.811899 -0.561564 0.159580
v 44.130512 -6.063687 14.210209
vn 0.811899 -0.561564 0.159580
v 44.008247 -5.994751 15.074840
vn 0.919669 -0.358007 0.161368
v 44.747746 -4.837637 14.219024
vn 0.919669 -0.358007 0.161368
v 44.816143 -4.661235 14.220558
vn 0.919669 -0.358007 0.161368
v 44.681671 -4.617135 15.084779
vn 0.985618 -0.043170 0.163383
v 45.293762 -2.651326 14.236255
vn 0.985618 -0.043170 0.163383
v 45.338531 -1.597328 14.244687
vn 0.985618 -0.043170 0.163383
v 45.194809 -1.607733 15.108947
vn 0.968576 0.185452 0.165733
v 45.223915 -0.399046 14.255129
vn 0.968576 0.185452 0.165733
v 45.155968 -0.046986 14.258269
vn 0.968576 0.185452 0.165733
v 45.015434 -0.084924 15.122023
vn 0.856502 0.487913 0.168360
v 44.543564 1.749324 14.274611
vn 0.856502 0.487913 0.168360
v 43.936291 2.811827 14.284843
vn 0.856502 0.487913 0.168360
v 43.817207 2.723058 15.147911
vn 0.071119 0.574408 0.815474
v 37.314701 5.425155 16.369820
vn 0.071119 0.574408 0.815474
v 37.309273 5.185789 16.538898
vn 0.071119 0.574408 0.815474
v 38.629704 5.028135 16.534790
vn 0.193733 -0.347960 0.917274
v 40.517265 -6.973823 16.771975
vn 0.193733 -0.347960 0.917274
v 39.825233 -7.363549 16.770296
vn 0.193733 -0.347960 0.917274
v 40.174286 -8.087426 16.421978
vn 0.389581 -0.053999 0.919408
v 43.307980 -2.227527 16.805159
vn 0.389581 -0.053999 0.919408
v 43.235184 -2.835718 16.800285
vn 0.389581 -0.053999 0.919408
v 44.029659 -2.968269 16.455854
vn 0.048574 0.381198 0.923216
v 37.309273 5.185789 16.538898
vn 0.048574 0.381198 0.923216
v 37.291313 4.376584 16.873966
vn 0.048574 0.381198 0.923216
v 38.458946 4.237255 16.870062
vn 0.170458 -0.982469 0.075484
v 37.843132 -9.911705 14.640775
vn 0.170458 -0.982469 0.075484
v 37.840248 -9.946657 14.192356
vn 0.170458 -0.982469 0.075484
v 39.231850 -9.705318 14.191018
vn 0.158457 -0.904612 0.395688
v 37.849449 -9.805804 15.060382
vn 0.158457 -0.904612 0.395688
v 39.196873 -9.571607 15.056211
vn 0.158457 -0.904612 0.395688
v 37.859665 -9.623804 15.472375
vn 0.180789 -0.862462 0.472731
v 37.859665 -9.623804 15.472375
vn 0.180789 -0.862462 0.472731
v 39.196873 -9.571607 15.056211
vn 0.180789 -0.862462 0.472731
v 39.091255 -9.170740 15.827953
vn 0.147898 -0.827334 0.541890
v 37.859665 -9.623804 15.472375
vn 0.147898 -0.827334 0.541890
v 39.091255 -9.170740 15.827953
vn 0.147898 -0.827334 0.541890
v 37.872906 -9.384964 15.833411
vn 0.130754 -0.726445 0.674672
v 37.872906 -9.384964 15.833411
vn 0.130754 -0.726445 0.674672
v 39.091255 -9.170740 15.827953
vn 0.130754 -0.726445 0.674672
v 37.890850 -9.075653 16.162981
vn 0.153117 -0.659622 0.735835
v 37.890850 -9.075653 16.162981
vn 0.153117 -0.659622 0.735835
v 39.091255 -9.170740 15.827953
vn 0.153117 -0.659622 0.735835
v 38.926826 -8.547365 16.420979
vn 0.112423 -0.605303 0.788016
v 37.890850 -9.075653 16.162981
vn 0.112423 -0.605303 0.788016
v 38.926826 -8.547365 16.420979
vn 0.112423 -0.605303 0.788016
v 37.911736 -8.730291 16.425285
vn 0.087761 -0.466276 0.880275
v 37.911736 -8.730291 16.425285
vn 0.087761 -0.466276 0.880275
v 38.926826 -8.547365 16.420979
vn 0.087761 -0.466276 0.880275
v 37.937782 -8.326827 16.636402
vn 0.114747 -0.381386 0.917267
v 37.937782 -8.326827 16.636402
vn 0.114747 -0.381386 0.917267
v 38.926826 -8.547365 16.420979
vn 0.114747 -0.381386 0.917267
v 38.721645 -7.770473 16.769667
vn 0.063089 -0.315670 0.946769
v 37.937782 -8.326827 16.636402
vn 0.063089 -0.315670 0.946769
v 38.721645 -7.770473 16.769667
vn 0.063089 -0.315670 0.946769
v 37.966492 -7.920061 16.770111
vn 0.048360 0.380975 0.923320
v 37.309273 5.185789 16.538898
vn 0.048360 0.380975 0.923320
v 38.458946 4.237255 16.870062
vn 0.048360 0.380975 0.923320
v 38.629704 5.028135 16.534790
vn 0.121309 0.365102 0.923030
v 38.629704 5.028135 16.534790
vn 0.121309 0.365102 0.923030
v 38.458946 4.237255 16.870062
vn 0.121309 0.365102 0.923030
v 39.579178 3.879080 16.864511
vn 0.121312 0.365105 0.923029
v 38.629704 5.028135 16.534790
vn 0.121312 0.365105 0.923029
v 39.579178 3.879080 16.864511
vn 0.121312 0.365105 0.923029
v 39.895836 4.623259 16.528534
vn 0.169775 0.344593 0.923272
v 39.895836 4.623259 16.528534
vn 0.169775 0.344593 0.923272
v 39.579178 3.879080 16.864511
vn 0.169775 0.344593 0.923272
v 40.028194 3.664690 16.861961
vn 0.195497 0.346165 0.917579
v 39.895836 4.623259 16.528534
vn 0.195497 0.346165 0.917579
v 40.028194 3.664690 16.861961
vn 0.195497 0.346165 0.917579
v 41.062683 3.985606 16.520489
vn 0.203086 0.327297 0.922839
v 40.028194 3.664690 16.861961
vn 0.203086 0.327297 0.922839
v 40.610886 3.315050 16.857737
vn 0.203086 0.327297 0.922839
v 41.062683 3.985606 16.520489
vn 0.251771 0.294084 0.922023
v 41.062683 3.985606 16.520489
vn 0.251771 0.294084 0.922023
v 40.610886 3.315050 16.857737
vn 0.251771 0.294084 0.922023
v 41.517452 2.565796 16.849163
vn 0.251365 0.293987 0.922164
v 41.062683 3.985606 16.520489
vn 0.251365 0.293987 0.922164
v 41.517452 2.565796 16.849163
vn 0.251365 0.293987 0.922164
v 42.087490 3.138567 16.511181
vn 0.102000 0.839554 0.533615
v 37.329308 6.153860 15.462484
vn 0.102000 0.839554 0.533615
v 37.323185 5.840275 15.957027
vn 0.102000 0.839554 0.533615
v 38.766464 5.668053 15.952108
vn 0.086132 0.701610 0.707336
v 38.766464 5.668053 15.952108
vn 0.086132 0.701610 0.707336
v 37.323185 5.840275 15.957027
vn 0.086132 0.701610 0.707336
v 37.314701 5.425155 16.369820
vn 0.104791 0.657223 0.746376
v 37.314701 5.425155 16.369820
vn 0.104791 0.657223 0.746376
v 38.629704 5.028135 16.534790
vn 0.104791 0.657223 0.746376
v 38.766464 5.668053 15.952108
vn 0.206501 0.634260 0.745031
v 38.766464 5.668053 15.952108
vn 0.206501 0.634260 0.745031
v 38.629704 5.028135 16.534790
vn 0.206501 0.634260 0.745031
v 39.895836 4.623259 16.528534
vn 0.206417 0.634207 0.745100
v 38.766464 5.668053 15.952108
vn 0.206417 0.634207 0.745100
v 39.895836 4.623259 16.528534
vn 0.206417 0.634207 0.745100
v 40.150700 5.225357 15.945440
vn 0.324131 0.583739 0.744438
v 40.150700 5.225357 15.945440
vn 0.324131 0.583739 0.744438
v 39.895836 4.623259 16.528534
vn 0.324131 0.583739 0.744438
v 41.062683 3.985606 16.520489
vn 0.324107 0.583729 0.744456
v 40.150700 5.225357 15.945440
vn 0.324107 0.583729 0.744456
v 41.062683 3.985606 16.520489
vn 0.324107 0.583729 0.744456
v 41.425762 4.528494 15.936740
vn 0.429962 0.512028 0.743613
v 41.425762 4.528494 15.936740
vn 0.429962 0.512028 0.743613
v 41.062683 3.985606 16.520489
vn 0.429962 0.512028 0.743613
v 42.087490 3.138567 16.511181
vn 0.430231 0.512077 0.743423
v 41.425762 4.528494 15.936740
vn 0.430231 0.512077 0.743423
v 42.087490 3.138567 16.511181
vn 0.430231 0.512077 0.743423
v 42.545872 3.602555 15.926311
vn 0.126382 0.864387 0.486686
v 37.329308 6.153860 15.462484
vn 0.126382 0.864387 0.486686
v 38.766464 5.668053 15.952108
vn 0.126382 0.864387 0.486686
v 38.854168 6.085901 15.187209
vn 0.268453 0.832095 0.485335
v 38.854168 6.085901 15.187209
vn 0.268453 0.832095 0.485335
v 38.766464 5.668053 15.952108
vn 0.268453 0.832095 0.485335
v 40.150700 5.225357 15.945440
vn 0.268415 0.832080 0.485382
v 38.854168 6.085901 15.187209
vn 0.268415 0.832080 0.485382
v 40.150700 5.225357 15.945440
vn 0.268415 0.832080 0.485382
v 40.314629 5.618886 15.180169
vn 0.422089 0.766255 0.484452
v 40.314629 5.618886 15.180169
vn 0.422089 0.766255 0.484452
v 40.150700 5.225357 15.945440
vn 0.422089 0.766255 0.484452
v 41.425762 4.528494 15.936740
vn 0.422035 0.766245 0.484515
v 40.314629 5.618886 15.180169
vn 0.422035 0.766245 0.484515
v 41.425762 4.528494 15.936740
vn 0.422035 0.766245 0.484515
v 41.660191 4.883508 15.171100
vn 0.560417 0.672491 0.483414
v 41.660191 4.883508 15.171100
vn 0.560417 0.672491 0.483414
v 41.425762 4.528494 15.936740
vn 0.560417 0.672491 0.483414
v 42.545872 3.602555 15.926311
vn 0.560515 0.672492 0.483300
v 41.660191 4.883508 15.171100
vn 0.560515 0.672492 0.483300
v 42.545872 3.602555 15.926311
vn 0.560515 0.672492 0.483300
v 42.841999 3.906443 15.160021
vn 0.137670 -0.374782 0.916834
v 39.825233 -7.363549 16.770296
vn 0.137670 -0.374782 0.916834
v 38.721645 -7.770473 16.769667
vn 0.137670 -0.374782 0.916834
v 40.174286 -8.087426 16.421978
vn 0.137570 -0.375111 0.916715
v 40.174286 -8.087426 16.421978
vn 0.137570 -0.375111 0.916715
v 38.721645 -7.770473 16.769667
vn 0.137570 -0.375111 0.916715
v 38.926826 -8.547365 16.420979
vn 0.234290 -0.637042 0.734361
v 40.174286 -8.087426 16.421978
vn 0.234290 -0.637042 0.734361
v 38.926826 -8.547365 16.420979
vn 0.234290 -0.637042 0.734361
v 40.454739 -8.668085 15.828794
vn 0.234343 -0.636898 0.734469
v 40.454739 -8.668085 15.828794
vn 0.234343 -0.636898 0.734469
v 38.926826 -8.547365 16.420979
vn 0.234343 -0.636898 0.734469
v 39.091255 -9.170740 15.827953
vn 0.304799 -0.827576 0.471398
v 40.454739 -8.668085 15.828794
vn 0.304799 -0.827576 0.471398
v 39.091255 -9.170740 15.827953
vn 0.304799 -0.827576 0.471398
v 40.635658 -9.041016 15.057106
vn 0.304860 -0.827474 0.471536
v 40.635658 -9.041016 15.057106
vn 0.304860 -0.827474 0.471536
v 39.091255 -9.170740 15.827953
vn 0.304860 -0.827474 0.471536
v 39.196873 -9.571607 15.056211
vn 0.117302 0.977826 0.173486
v 38.883236 6.235411 14.324862
vn 0.117302 0.977826 0.173486
v 37.332771 6.420507 14.329936
vn 0.117302 0.977826 0.173486
v 38.854168 6.085901 15.187209
vn 0.117311 0.977827 0.173471
v 38.854168 6.085901 15.187209
vn 0.117311 0.977827 0.173471
v 37.332771 6.420507 14.329936
vn 0.117311 0.977827 0.173471
v 37.331551 6.267641 15.192446
vn 0.110611 0.915553 0.386689
v 38.854168 6.085901 15.187209
vn 0.110611 0.915553 0.386689
v 37.331551 6.267641 15.192446
vn 0.110611 0.915553 0.386689
v 37.329308 6.153860 15.462484
vn 0.720208 0.672548 0.170231
v 43.303867 3.631273 14.293114
vn 0.720208 0.672548 0.170231
v 42.943165 4.016559 14.296973
vn 0.720208 0.672548 0.170231
v 42.841999 3.906443 15.160021
vn 0.628839 0.758611 0.170502
v 42.841999 3.906443 15.160021
vn 0.628839 0.758611 0.170502
v 42.943165 4.016559 14.296973
vn 0.628839 0.758611 0.170502
v 41.739990 5.011390 14.308201
vn 0.628797 0.758628 0.170579
v 42.841999 3.906443 15.160021
vn 0.628797 0.758628 0.170579
v 41.739990 5.011390 14.308201
vn 0.628797 0.758628 0.170579
v 41.660191 4.883508 15.171100
vn 0.544908 0.820662 0.172015
v 41.660191 4.883508 15.171100
vn 0.544908 0.820662 0.172015
v 41.739990 5.011390 14.308201
vn 0.544908 0.820662 0.172015
v 41.599117 5.104712 14.309226
vn 0.472030 0.861384 0.187630
v 41.660191 4.883508 15.171100
vn 0.472030 0.861384 0.187630
v 41.599117 5.104712 14.309226
vn 0.472030 0.861384 0.187630
v 40.314629 5.618886 15.180169
vn 0.464414 0.868745 0.172053
v 40.314629 5.618886 15.180169
vn 0.464414 0.868745 0.172053
v 41.599117 5.104712 14.309226
vn 0.464414 0.868745 0.172053
v 40.370247 5.759999 14.317520
vn 0.300752 0.937914 0.172815
v 40.314629 5.618886 15.180169
vn 0.300752 0.937914 0.172815
v 40.370247 5.759999 14.317520
vn 0.300752 0.937914 0.172815
v 38.854168 6.085901 15.187209
vn 0.335321 0.910090 0.243506
v 38.854168 6.085901 15.187209
vn 0.335321 0.910090 0.243506
v 40.370247 5.759999 14.317520
vn 0.335321 0.910090 0.243506
v 39.557049 6.058531 14.321595
vn 0.250838 0.952341 0.173569
v 38.854168 6.085901 15.187209
vn 0.250838 0.952341 0.173569
v 39.557049 6.058531 14.321595
vn 0.250838 0.952341 0.173569
v 38.883236 6.235411 14.324862
vn 0.781012 0.601051 0.169581
v 43.936291 2.811827 14.284843
vn 0.781012 0.601051 0.169581
v 43.303867 3.631273 14.293114
vn 0.781012 0.601051 0.169581
v 43.817207 2.723058 15.147911
vn 0.756240 0.621099 0.205759
v 43.817207 2.723058 15.147911
vn 0.756240 0.621099 0.205759
v 43.303867 3.631273 14.293114
vn 0.756240 0.621099 0.205759
v 42.841999 3.906443 15.160021
vn 0.678587 0.554280 0.481967
v 43.817207 2.723058 15.147911
vn 0.678587 0.554280 0.481967
v 42.841999 3.906443 15.160021
vn 0.678587 0.554280 0.481967
v 43.470001 2.481049 15.915079
vn 0.678533 0.554291 0.482032
v 43.470001 2.481049 15.915079
vn 0.678533 0.554291 0.482032
v 42.841999 3.906443 15.160021
vn 0.678533 0.554291 0.482032
v 42.545872 3.602555 15.926311
vn 0.520407 0.421383 0.742707
v 43.470001 2.481049 15.915079
vn 0.520407 0.421383 0.742707
v 42.545872 3.602555 15.926311
vn 0.520407 0.421383 0.742707
v 42.932899 2.112541 16.500500
vn 0.520787 0.421379 0.742442
v 42.932899 2.112541 16.500500
vn 0.520787 0.421379 0.742442
v 42.545872 3.602555 15.926311
vn 0.520787 0.421379 0.742442
v 42.087490 3.138567 16.511181
vn 0.304541 0.241337 0.921418
v 42.932899 2.112541 16.500500
vn 0.304541 0.241337 0.921418
v 42.087490 3.138567 16.511181
vn 0.304541 0.241337 0.921418
v 42.265144 1.658255 16.840187
vn 0.303966 0.241312 0.921614
v 42.265144 1.658255 16.840187
vn 0.303966 0.241312 0.921614
v 42.087490 3.138567 16.511181
vn 0.303966 0.241312 0.921614
v 41.517452 2.565796 16.849163
vn 0.899128 0.404205 0.167890
v 44.682831 1.440740 14.271710
vn 0.899128 0.404205 0.167890
v 44.543564 1.749324 14.274611
vn 0.899128 0.404205 0.167890
v 44.550518 1.376371 15.135266
vn 0.862034 0.467567 0.195647
v 44.550518 1.376371 15.135266
vn 0.862034 0.467567 0.195647
v 44.543564 1.749324 14.274611
vn 0.862034 0.467567 0.195647
v 43.817207 2.723058 15.147911
vn 0.772021 0.415876 0.480657
v 44.550518 1.376371 15.135266
vn 0.772021 0.415876 0.480657
v 43.817207 2.723058 15.147911
vn 0.772021 0.415876 0.480657
v 44.165123 1.204769 15.902756
vn 0.772061 0.415860 0.480606
v 44.165123 1.204769 15.902756
vn 0.772061 0.415860 0.480606
v 43.817207 2.723058 15.147911
vn 0.772061 0.415860 0.480606
v 43.470001 2.481049 15.915079
vn 0.592070 0.315307 0.741643
v 44.165123 1.204769 15.902756
vn 0.592070 0.315307 0.741643
v 43.470001 2.481049 15.915079
vn 0.592070 0.315307 0.741643
v 43.568550 0.944807 16.489534
vn 0.592043 0.315313 0.741663
v 43.568550 0.944807 16.489534
vn 0.592043 0.315313 0.741663
v 43.470001 2.481049 15.915079
vn 0.592043 0.315313 0.741663
v 42.932899 2.112541 16.500500
vn 0.345879 0.179631 0.920924
v 43.568550 0.944807 16.489534
vn 0.345879 0.179631 0.920924
v 42.932899 2.112541 16.500500
vn 0.345879 0.179631 0.920924
v 42.827709 0.625572 16.830046
vn 0.346243 0.179577 0.920798
v 42.827709 0.625572 16.830046
vn 0.346243 0.179577 0.920798
v 42.932899 2.112541 16.500500
vn 0.346243 0.179577 0.920798
v 42.265144 1.658255 16.840187
vn 0.375124 0.111091 0.920294
v 42.827709 0.625572 16.830046
vn 0.375124 0.111091 0.920294
v 43.183903 -0.495156 16.820143
vn 0.375124 0.111091 0.920294
v 43.568550 0.944807 16.489534
vn 0.375180 0.111071 0.920273
v 43.568550 0.944807 16.489534
vn 0.375180 0.111071 0.920273
v 43.183903 -0.495156 16.820143
vn 0.375180 0.111071 0.920273
v 43.971779 -0.322161 16.478060
vn 0.642253 0.197697 0.740559
v 43.568550 0.944807 16.489534
vn 0.642253 0.197697 0.740559
v 43.971779 -0.322161 16.478060
vn 0.642253 0.197697 0.740559
v 44.165123 1.204769 15.902756
vn 0.642470 0.197608 0.740394
v 44.165123 1.204769 15.902756
vn 0.642470 0.197608 0.740394
v 43.971779 -0.322161 16.478060
vn 0.642470 0.197608 0.740394
v 44.605431 -0.180177 15.890319
vn 0.837673 0.262013 0.479222
v 44.165123 1.204769 15.902756
vn 0.837673 0.262013 0.479222
v 44.605431 -0.180177 15.890319
vn 0.837673 0.262013 0.479222
v 44.550518 1.376371 15.135266
vn 0.837516 0.262113 0.479441
v 44.550518 1.376371 15.135266
vn 0.837516 0.262113 0.479441
v 44.605431 -0.180177 15.890319
vn 0.837516 0.262113 0.479441
v 45.015434 -0.084924 15.122023
vn 0.940111 0.297593 0.166223
v 44.550518 1.376371 15.135266
vn 0.940111 0.297593 0.166223
v 45.015434 -0.084924 15.122023
vn 0.940111 0.297593 0.166223
v 44.682831 1.440740 14.271710
vn 0.940173 0.297501 0.166033
v 44.682831 1.440740 14.271710
vn 0.940173 0.297501 0.166033
v 45.015434 -0.084924 15.122023
vn 0.940173 0.297501 0.166033
v 45.155968 -0.046986 14.258269
vn 0.982043 0.092500 0.164422
v 45.338531 -1.597328 14.244687
vn 0.982043 0.092500 0.164422
v 45.223915 -0.399046 14.255129
vn 0.982043 0.092500 0.164422
v 45.194809 -1.607733 15.108947
vn 0.974579 0.113136 0.193380
v 45.194809 -1.607733 15.108947
vn 0.974579 0.113136 0.193380
v 45.223915 -0.399046 14.255129
vn 0.974579 0.113136 0.193380
v 45.015434 -0.084924 15.122023
vn 0.872710 0.098691 0.478160
v 45.194809 -1.607733 15.108947
vn 0.872710 0.098691 0.478160
v 45.015434 -0.084924 15.122023
vn 0.872710 0.098691 0.478160
v 44.775330 -1.623344 15.877778
vn 0.872807 0.098599 0.478002
v 44.775330 -1.623344 15.877778
vn 0.872807 0.098599 0.478002
v 45.015434 -0.084924 15.122023
vn 0.872807 0.098599 0.478002
v 44.605431 -0.180177 15.890319
vn 0.669508 0.072395 0.739269
v 44.775330 -1.623344 15.877778
vn 0.669508 0.072395 0.739269
v 44.605431 -0.180177 15.890319
vn 0.669508 0.072395 0.739269
v 44.127125 -1.642479 16.466688
vn 0.669492 0.072405 0.739282
v 44.127125 -1.642479 16.466688
vn 0.669492 0.072405 0.739282
v 44.605431 -0.180177 15.890319
vn 0.669492 0.072405 0.739282
v 43.971779 -0.322161 16.478060
vn 0.391043 0.038090 0.919584
v 44.127125 -1.642479 16.466688
vn 0.391043 0.038090 0.919584
v 43.971779 -0.322161 16.478060
vn 0.391043 0.038090 0.919584
v 43.321655 -1.662990 16.810057
vn 0.390912 0.038167 0.919637
v 43.321655 -1.662990 16.810057
vn 0.390912 0.038167 0.919637
v 43.971779 -0.322161 16.478060
vn 0.390912 0.038167 0.919637
v 43.183903 -0.495156 16.820143
vn 0.977086 -0.136934 0.162949
v 45.223991 -3.154245 14.231993
vn 0.977086 -0.136934 0.162949
v 45.293762 -2.651326 14.236255
vn 0.977086 -0.136934 0.162949
v 45.082249 -3.136958 15.096454
vn 0.977281 -0.073557 0.198776
v 45.082249 -3.136958 15.096454
vn 0.977281 -0.073557 0.198776
v 45.293762 -2.651326 14.236255
vn 0.977281 -0.073557 0.198776
v 45.194809 -1.607733 15.108947
vn 0.876485 -0.068407 0.476545
v 45.082249 -3.136958 15.096454
vn 0.876485 -0.068407 0.476545
v 45.194809 -1.607733 15.108947
vn 0.876485 -0.068407 0.476545
v 44.668854 -3.072633 15.866024
vn 0.876375 -0.068252 0.476769
v 44.668854 -3.072633 15.866024
vn 0.876375 -0.068252 0.476769
v 45.194809 -1.607733 15.108947
vn 0.876375 -0.068252 0.476769
v 44.775330 -1.623344 15.877778
vn 0.672222 -0.055374 0.738276
v 44.668854 -3.072633 15.866024
vn 0.672222 -0.055374 0.738276
v 44.775330 -1.623344 15.877778
vn 0.672222 -0.055374 0.738276
v 44.029659 -2.968269 16.455854
vn 0.672306 -0.055456 0.738194
v 44.029659 -2.968269 16.455854
vn 0.672306 -0.055456 0.738194
v 44.775330 -1.623344 15.877778
vn 0.672306 -0.055456 0.738194
v 44.127125 -1.642479 16.466688
vn 0.404187 -0.037181 0.913921
v 44.029659 -2.968269 16.455854
vn 0.404187 -0.037181 0.913921
v 44.127125 -1.642479 16.466688
vn 0.404187 -0.037181 0.913921
v 43.307980 -2.227527 16.805159
vn 0.392465 -0.017484 0.919601
v 43.307980 -2.227527 16.805159
vn 0.392465 -0.017484 0.919601
v 44.127125 -1.642479 16.466688
vn 0.392465 -0.017484 0.919601
v 43.321655 -1.662990 16.810057
vn 0.379898 -0.109683 0.918503
v 43.235184 -2.835718 16.800285
vn 0.379898 -0.109683 0.918503
v 42.928082 -3.970917 16.791744
vn 0.379898 -0.109683 0.918503
v 44.029659 -2.968269 16.455854
vn 0.380035 -0.109859 0.918425
v 44.029659 -2.968269 16.455854
vn 0.380035 -0.109859 0.918425
v 42.928082 -3.970917 16.791744
vn 0.380035 -0.109859 0.918425
v 43.682575 -4.251801 16.445944
vn 0.650695 -0.181651 0.737292
v 44.029659 -2.968269 16.455854
vn 0.650695 -0.181651 0.737292
v 43.682575 -4.251801 16.445944
vn 0.650695 -0.181651 0.737292
v 44.668854 -3.072633 15.866024
vn 0.650781 -0.181774 0.737185
v 44.668854 -3.072633 15.866024
vn 0.650781 -0.181774 0.737185
v 43.682575 -4.251801 16.445944
vn 0.650781 -0.181774 0.737185
v 44.289223 -4.475465 15.855249
vn 0.848386 -0.233237 0.475229
v 44.668854 -3.072633 15.866024
vn 0.848386 -0.233237 0.475229
v 44.289223 -4.475465 15.855249
vn 0.848386 -0.233237 0.475229
v 45.082249 -3.136958 15.096454
vn 0.848440 -0.233359 0.475072
v 45.082249 -3.136958 15.096454
vn 0.848440 -0.233359 0.475072
v 44.289223 -4.475465 15.855249
vn 0.848440 -0.233359 0.475072
v 44.681671 -4.617135 15.084779
vn 0.952311 -0.258994 0.161327
v 45.082249 -3.136958 15.096454
vn 0.952311 -0.258994 0.161327
v 44.681671 -4.617135 15.084779
vn 0.952311 -0.258994 0.161327
v 45.223991 -3.154245 14.231993
vn 0.952310 -0.258956 0.161393
v 45.223991 -3.154245 14.231993
vn 0.952310 -0.258956 0.161393
v 44.681671 -4.617135 15.084779
vn 0.952310 -0.258956 0.161393
v 44.816143 -4.661235 14.220558
vn 0.881218 -0.444783 0.160071
v 44.130512 -6.063687 14.210209
vn 0.881218 -0.444783 0.160071
v 44.747746 -4.837637 14.219024
vn 0.881218 -0.444783 0.160071
v 44.008247 -5.994751 15.074840
vn 0.883588 -0.433209 0.177768
v 44.008247 -5.994751 15.074840
vn 0.883588 -0.433209 0.177768
v 44.747746 -4.837637 14.219024
vn 0.883588 -0.433209 0.177768
v 44.681671 -4.617135 15.084779
vn 0.789778 -0.389488 0.473866
v 44.008247 -5.994751 15.074840
vn 0.789778 -0.389488 0.473866
v 44.681671 -4.617135 15.084779
vn 0.789778 -0.389488 0.473866
v 43.651070 -5.781029 15.845801
vn 0.789773 -0.389466 0.473893
v 43.651070 -5.781029 15.845801
vn 0.789773 -0.389466 0.473893
v 44.681671 -4.617135 15.084779
vn 0.789773 -0.389466 0.473893
v 44.289223 -4.475465 15.855249
vn 0.605594 -0.301341 0.736512
v 43.651070 -5.781029 15.845801
vn 0.605594 -0.301341 0.736512
v 44.289223 -4.475465 15.855249
vn 0.605594 -0.301341 0.736512
v 43.098259 -5.446219 16.437334
vn 0.605720 -0.301628 0.736290
v 43.098259 -5.446219 16.437334
vn 0.605720 -0.301628 0.736290
v 44.289223 -4.475465 15.855249
vn 0.605720 -0.301628 0.736290
v 43.682575 -4.251801 16.445944
vn 0.353838 -0.179715 0.917879
v 43.098259 -5.446219 16.437334
vn 0.353838 -0.179715 0.917879
v 43.682575 -4.251801 16.445944
vn 0.353838 -0.179715 0.917879
v 42.411484 -5.027251 16.784115
vn 0.353809 -0.179659 0.917901
v 42.411484 -5.027251 16.784115
vn 0.353809 -0.179659 0.917901
v 43.682575 -4.251801 16.445944
vn 0.353809 -0.179659 0.917901
v 42.928082 -3.970917 16.791744
vn 0.754785 -0.636315 0.159386
v 43.191113 -7.310826 14.202208
vn 0.754785 -0.636315 0.159386
v 43.627163 -6.792833 14.205239
vn 0.754785 -0.636315 0.159386
v 43.085495 -7.219550 15.066772
vn 0.782056 -0.590508 0.199221
v 43.085495 -7.219550 15.066772
vn 0.782056 -0.590508 0.199221
v 43.627163 -6.792833 14.205239
vn 0.782056 -0.590508 0.199221
v 44.008247 -5.994751 15.074840
vn 0.702277 -0.532205 0.472827
v 43.085495 -7.219550 15.066772
vn 0.702277 -0.532205 0.472827
v 44.008247 -5.994751 15.074840
vn 0.702277 -0.532205 0.472827
v 42.776756 -6.941874 15.837878
vn 0.702275 -0.532161 0.472878
v 42.776756 -6.941874 15.837878
vn 0.702275 -0.532161 0.472878
v 44.008247 -5.994751 15.074840
vn 0.702275 -0.532161 0.472878
v 43.651070 -5.781029 15.845801
vn 0.538746 -0.410788 0.735531
v 42.776756 -6.941874 15.837878
vn 0.538746 -0.410788 0.735531
v 43.651070 -5.781029 15.845801
vn 0.538746 -0.410788 0.735531
v 42.298599 -6.508256 16.430279
vn 0.538677 -0.410484 0.735751
v 42.298599 -6.508256 16.430279
vn 0.538677 -0.410484 0.735751
v 43.651070 -5.781029 15.845801
vn 0.538677 -0.410484 0.735751
v 43.098259 -5.446219 16.437334
vn 0.314892 -0.243193 0.917442
v 42.298599 -6.508256 16.430279
vn 0.314892 -0.243193 0.917442
v 43.098259 -5.446219 16.437334
vn 0.314892 -0.243193 0.917442
v 41.704006 -5.966716 16.777910
vn 0.314892 -0.243193 0.917442
v 42.411484 -5.027251 16.784115
vn 0.264583 -0.298209 0.917097
v 41.704006 -5.966716 16.777910
vn 0.264583 -0.298209 0.917097
v 40.831512 -6.755017 16.773296
vn 0.264583 -0.298209 0.917097
v 42.298599 -6.508256 16.430279
vn 0.264583 -0.298210 0.917097
v 42.298599 -6.508256 16.430279
vn 0.264583 -0.298210 0.917097
v 40.831512 -6.755017 16.773296
vn 0.264583 -0.298210 0.917097
v 41.311958 -7.399460 16.425137
vn 0.452445 -0.505138 0.734934
v 42.298599 -6.508256 16.430279
vn 0.452445 -0.505138 0.734934
v 41.311958 -7.399460 16.425137
vn 0.452445 -0.505138 0.734934
v 42.776756 -6.941874 15.837878
vn 0.452439 -0.504947 0.735070
v 42.776756 -6.941874 15.837878
vn 0.452439 -0.504947 0.735070
v 41.311958 -7.399460 16.425137
vn 0.452439 -0.504947 0.735070
v 41.698315 -7.916019 15.832487
vn 0.589621 -0.655360 0.472070
v 42.776756 -6.941874 15.837878
vn 0.589621 -0.655360 0.472070
v 41.698315 -7.916019 15.832487
vn 0.589621 -0.655360 0.472070
v 43.085495 -7.219550 15.066772
vn 0.589625 -0.655332 0.472104
v 43.085495 -7.219550 15.066772
vn 0.589625 -0.655332 0.472104
v 41.698315 -7.916019 15.832487
vn 0.589625 -0.655332 0.472104
v 41.947681 -8.247432 15.061009
vn 0.661467 -0.733098 0.158204
v 43.085495 -7.219550 15.066772
vn 0.661467 -0.733098 0.158204
v 41.947681 -8.247432 15.061009
vn 0.661467 -0.733098 0.158204
v 43.191113 -7.310826 14.202208
vn 0.661392 -0.733218 0.157964
v 43.191113 -7.310826 14.202208
vn 0.661392 -0.733218 0.157964
v 41.947681 -8.247432 15.061009
vn 0.661392 -0.733218 0.157964
v 42.032528 -8.357280 14.195872
vn 0.509667 -0.845844 0.157444
v 40.696762 -9.165181 14.192239
vn 0.509667 -0.845844 0.157444
v 42.016655 -8.369172 14.196011
vn 0.509667 -0.845844 0.157444
v 40.635658 -9.041016 15.057106
vn 0.510563 -0.844894 0.159623
v 40.635658 -9.041016 15.057106
vn 0.510563 -0.844894 0.159623
v 42.016655 -8.369172 14.196011
vn 0.510563 -0.844894 0.159623
v 41.947681 -8.247432 15.061009
vn 0.455332 -0.755115 0.471672
v 40.635658 -9.041016 15.057106
vn 0.455332 -0.755115 0.471672
v 41.947681 -8.247432 15.061009
vn 0.455332 -0.755115 0.471672
v 40.454739 -8.668085 15.828794
vn 0.455306 -0.755186 0.471583
v 40.454739 -8.668085 15.828794
vn 0.455306 -0.755186 0.471583
v 41.947681 -8.247432 15.061009
vn 0.455306 -0.755186 0.471583
v 41.698315 -7.916019 15.832487
vn 0.349538 -0.581585 0.734563
v 40.454739 -8.668085 15.828794
vn 0.349538 -0.581585 0.734563
v 41.698315 -7.916019 15.832487
vn 0.349538 -0.581585 0.734563
v 40.174286 -8.087426 16.421978
vn 0.349562 -0.581435 0.734670
v 40.174286 -8.087426 16.421978
vn 0.349562 -0.581435 0.734670
v 41.698315 -7.916019 15.832487
vn 0.349562 -0.581435 0.734670
v 41.311958 -7.399460 16.425137
vn 0.209976 -0.351420 0.912367
v 40.174286 -8.087426 16.421978
vn 0.209976 -0.351420 0.912367
v 41.311958 -7.399460 16.425137
vn 0.209976 -0.351420 0.912367
v 40.517265 -6.973823 16.771975
vn 0.224657 -0.328196 0.917506
v 40.517265 -6.973823 16.771975
vn 0.224657 -0.328196 0.917506
v 41.311958 -7.399460 16.425137
vn 0.224657 -0.328196 0.917506
v 40.831512 -6.755017 16.773296
vn 0.167003 -0.956574 0.238906
v 37.849449 -9.805804 15.060382
vn 0.167003 -0.956574 0.238906
v 37.843132 -9.911705 14.640775
vn 0.167003 -0.956574 0.238906
v 39.196873 -9.571607 15.056211
vn 0.194882 -0.968099 0.157494
v 39.196873 -9.571607 15.056211
vn 0.194882 -0.968099 0.157494
v 37.843132 -9.911705 14.640775
vn 0.194882 -0.968099 0.157494
v 39.231850 -9.705318 14.191018
vn 0.341621 -0.926629 0.157017
v 39.196873 -9.571607 15.056211
vn 0.341621 -0.926629 0.157017
v 39.231850 -9.705318 14.191018
vn 0.341621 -0.926629 0.157017
v 40.635658 -9.041016 15.057106
vn 0.296155 -0.926821 0.230860
v 40.635658 -9.041016 15.057106
vn 0.296155 -0.926821 0.230860
v 39.231850 -9.705318 14.191018
vn 0.296155 -0.926821 0.230860
v 40.037872 -9.447629 14.191559
vn 0.388923 -0.907657 0.157787
v 40.635658 -9.041016 15.057106
vn 0.388923 -0.907657 0.157787
v 40.037872 -9.447629 14.191559
vn 0.388923 -0.907657 0.157787
v 40.696762 -9.165181 14.192239
vn 0.023527 0.984376 0.174499
v 37.332771 6.420507 14.329936
vn 0.023527 0.984376 0.174499
v 32.177551 6.541472 14.342613
vn 0.023527 0.984376 0.174499
v 37.331551 6.267641 15.192446
vn 0.029724 0.989889 0.138695
v 37.331551 6.267641 15.192446
vn 0.029724 0.989889 0.138695
v 32.177551 6.541472 14.342613
vn 0.029724 0.989889 0.138695
v 32.249084 6.443581 15.025954
vn 0.019171 0.921310 0.388356
v 37.331551 6.267641 15.192446
vn 0.019171 0.921310 0.388356
v 32.249084 6.443581 15.025954
vn 0.019171 0.921310 0.388356
v 37.329308 6.153860 15.462484
vn 0.022644 0.934057 0.356405
v 37.329308 6.153860 15.462484
vn 0.022644 0.934057 0.356405
v 32.249084 6.443581 15.025954
vn 0.022644 0.934057 0.356405
v 32.382030 6.265911 15.483139
vn 0.021357 0.844218 0.535574
v 37.329308 6.153860 15.462484
vn 0.021357 0.844218 0.535574
v 32.382030 6.265911 15.483139
vn 0.021357 0.844218 0.535574
v 37.323185 5.840275 15.957027
vn 0.024335 0.856507 0.515562
v 37.323185 5.840275 15.957027
vn 0.024335 0.856507 0.515562
v 32.382030 6.265911 15.483139
vn 0.024335 0.856507 0.515562
v 32.559856 6.029296 15.867837
vn 0.014693 0.704889 0.709166
v 37.323185 5.840275 15.957027
vn 0.014693 0.704889 0.709166
v 32.559856 6.029296 15.867837
vn 0.014693 0.704889 0.709166
v 37.314701 5.425155 16.369820
vn 0.018399 0.720662 0.693042
v 37.314701 5.425155 16.369820
vn 0.018399 0.720662 0.693042
v 32.559856 6.029296 15.867837
vn 0.018399 0.720662 0.693042
v 32.943058 5.521973 16.385204
vn 0.015645 0.576638 0.816850
v 37.314701 5.425155 16.369820
vn 0.015645 0.576638 0.816850
v 32.943058 5.521973 16.385204
vn 0.015645 0.576638 0.816850
v 37.309273 5.185789 16.538898
vn 0.016392 0.583943 0.811629
v 37.309273 5.185789 16.538898
vn 0.016392 0.583943 0.811629
v 32.943058 5.521973 16.385204
vn 0.016392 0.583943 0.811629
v 33.087379 5.331049 16.519655
vn 0.008945 0.382386 0.923959
v 37.309273 5.185789 16.538898
vn 0.008945 0.382386 0.923959
v 33.087379 5.331049 16.519655
vn 0.008945 0.382386 0.923959
v 37.291313 4.376584 16.873966
vn 0.011509 0.392146 0.919831
v 37.291313 4.376584 16.873966
vn 0.011509 0.392146 0.919831
v 33.087379 5.331049 16.519655
vn 0.011509 0.392146 0.919831
v 33.747116 4.459747 16.882856
vn -0.531493 0.510291 0.676106
v 8.818924 6.015189 16.662516
vn -0.531493 0.510291 0.676106
v 8.887834 6.155577 16.610729
vn -0.531493 0.510291 0.676106
v 8.824760 6.176858 16.545084
vn -0.531600 0.510116 0.676153
v 8.824760 6.176858 16.545084
vn -0.531600 0.510116 0.676153
v 8.887834 6.155577 16.610729
vn -0.531600 0.510116 0.676153
v 9.199744 6.920332 16.278996
vn -0.196194 0.328065 0.924057
v 8.299336 5.056697 16.945675
vn -0.196194 0.328065 0.924057
v 8.305215 5.067243 16.943178
vn -0.196194 0.328065 0.924057
v 8.311926 5.609214 16.752190
vn -0.176533 0.329089 0.927651
v 8.311926 5.609214 16.752190
vn -0.176533 0.329089 0.927651
v 8.305215 5.067243 16.943178
vn -0.176533 0.329089 0.927651
v 8.425212 5.281724 16.889927
vn -0.959117 0.281021 0.033488
v 9.364258 8.076898 14.407262
vn -0.959117 0.281021 0.033488
v 9.218602 7.580261 14.403232
vn -0.959117 0.281021 0.033488
v 9.363991 7.980403 15.209373
vn -0.959103 0.281073 0.033460
v 9.363991 7.980403 15.209373
vn -0.959103 0.281073 0.033460
v 9.218602 7.580261 14.403232
vn -0.959103 0.281073 0.033460
v 9.218346 7.497014 15.095163
vn -0.959428 0.269485 0.082920
v 9.363991 7.980403 15.209373
vn -0.959428 0.269485 0.082920
v 9.218346 7.497014 15.095163
vn -0.959428 0.269485 0.082920
v 9.360980 7.791063 15.789884
vn -0.961555 0.260400 0.087202
v 9.360980 7.791063 15.789884
vn -0.961555 0.260400 0.087202
v 9.218346 7.497014 15.095163
vn -0.961555 0.260400 0.087202
v 9.214470 7.262956 15.751371
vn -0.947331 0.248040 0.202585
v 9.360980 7.791063 15.789884
vn -0.947331 0.248040 0.202585
v 9.214470 7.262956 15.751371
vn -0.947331 0.248040 0.202585
v 9.282233 7.214153 16.128000
vn -0.907755 0.362950 0.210354
v 9.282233 7.214153 16.128000
vn -0.907755 0.362950 0.210354
v 9.214470 7.262956 15.751371
vn -0.907755 0.362950 0.210354
v 9.199744 6.920332 16.278996
vn -0.687974 0.720569 0.086437
v 9.218602 7.580261 14.403232
vn -0.687974 0.720569 0.086437
v 8.844053 7.222910 14.401104
vn -0.687974 0.720569 0.086437
v 9.218346 7.497014 15.095163
vn -0.688040 0.720499 0.086500
v 9.218346 7.497014 15.095163
vn -0.688040 0.720499 0.086500
v 8.844053 7.222910 14.401104
vn -0.688040 0.720499 0.086500
v 8.843867 7.149368 15.012182
vn -0.688507 0.684355 0.240031
v 9.218346 7.497014 15.095163
vn -0.688507 0.684355 0.240031
v 8.843867 7.149368 15.012182
vn -0.688507 0.684355 0.240031
v 9.214470 7.262956 15.751371
vn -0.688498 0.684367 0.240025
v 9.214470 7.262956 15.751371
vn -0.688498 0.684367 0.240025
v 8.843867 7.149368 15.012182
vn -0.688498 0.684367 0.240025
v 8.840424 6.942724 15.591496
vn -0.689879 0.615788 0.380621
v 9.214470 7.262956 15.751371
vn -0.689879 0.615788 0.380621
v 8.840424 6.942724 15.591496
vn -0.689879 0.615788 0.380621
v 9.199744 6.920332 16.278996
vn -0.690960 0.614255 0.381136
v 9.199744 6.920332 16.278996
vn -0.690960 0.614255 0.381136
v 8.840424 6.942724 15.591496
vn -0.690960 0.614255 0.381136
v 8.833982 6.613117 16.111027
vn -0.677702 0.525793 0.514063
v 9.199744 6.920332 16.278996
vn -0.677702 0.525793 0.514063
v 8.833982 6.613117 16.111027
vn -0.677702 0.525793 0.514063
v 8.824760 6.176858 16.545084
vn -0.234448 0.965173 0.116084
v 8.844053 7.222910 14.401104
vn -0.234448 0.965173 0.116084
v 8.341087 7.100693 14.401453
vn -0.234448 0.965173 0.116084
v 8.843867 7.149368 15.012182
vn -0.234450 0.965172 0.116086
v 8.843867 7.149368 15.012182
vn -0.234450 0.965172 0.116086
v 8.341087 7.100693 14.401453
vn -0.234450 0.965172 0.116086
v 8.340873 7.030721 14.982794
vn -0.235058 0.915924 0.325317
v 8.843867 7.149368 15.012182
vn -0.235058 0.915924 0.325317
v 8.340873 7.030721 14.982794
vn -0.235058 0.915924 0.325317
v 8.840424 6.942724 15.591496
vn -0.234919 0.915996 0.325213
v 8.840424 6.942724 15.591496
vn -0.234919 0.915996 0.325213
v 8.340873 7.030721 14.982794
vn -0.234919 0.915996 0.325213
v 8.337578 6.834086 15.534254
vn -0.236553 0.821758 0.518417
v 8.840424 6.942724 15.591496
vn -0.236553 0.821758 0.518417
v 8.337578 6.834086 15.534254
vn -0.236553 0.821758 0.518417
v 8.833982 6.613117 16.111027
vn -0.236547 0.821762 0.518414
v 8.833982 6.613117 16.111027
vn -0.236547 0.821762 0.518414
v 8.337578 6.834086 15.534254
vn -0.236547 0.821762 0.518414
v 8.331447 6.520457 16.028605
vn -0.239218 0.687373 0.685779
v 8.833982 6.613117 16.111027
vn -0.239218 0.687373 0.685779
v 8.331447 6.520457 16.028605
vn -0.239218 0.687373 0.685779
v 8.824760 6.176858 16.545084
vn -0.239904 0.686836 0.686077
v 8.824760 6.176858 16.545084
vn -0.239904 0.686836 0.686077
v 8.331447 6.520457 16.028605
vn -0.239904 0.686836 0.686077
v 8.322701 6.105293 16.441170
vn -0.243611 0.575732 0.780504
v 8.824760 6.176858 16.545084
vn -0.243611 0.575732 0.780504
v 8.322701 6.105293 16.441170
vn -0.243611 0.575732 0.780504
v 8.818924 6.015189 16.662516
vn -0.269147 0.515778 0.813347
v 8.818924 6.015189 16.662516
vn -0.269147 0.515778 0.813347
v 8.322701 6.105293 16.441170
vn -0.269147 0.515778 0.813347
v 8.311926 5.609214 16.752190
vn -0.140594 0.377728 0.915180
v 8.818924 6.015189 16.662516
vn -0.140594 0.377728 0.915180
v 8.311926 5.609214 16.752190
vn -0.140594 0.377728 0.915180
v 8.614220 5.624297 16.792404
vn -0.140665 0.342096 0.929077
v 8.614220 5.624297 16.792404
vn -0.140665 0.342096 0.929077
v 8.311926 5.609214 16.752190
vn -0.140665 0.342096 0.929077
v 8.425212 5.281724 16.889927
vn -0.959582 0.281392 0.004525
v 9.364258 8.076898 14.407262
vn -0.959582 0.281392 0.004525
v 9.299513 8.314415 -14.091574
vn -0.959582 0.281392 0.004525
v 9.218602 7.580261 14.403232
vn -0.959626 0.281243 0.004521
v 9.218602 7.580261 14.403232
vn -0.959626 0.281243 0.004521
v 9.299513 8.314415 -14.091574
vn -0.959626 0.281243 0.004521
v 9.153883 7.817570 -14.095201
vn -0.690304 0.723480 0.007592
v 9.218602 7.580261 14.403232
vn -0.690304 0.723480 0.007592
v 9.153883 7.817570 -14.095201
vn -0.690304 0.723480 0.007592
v 8.844053 7.222910 14.401104
vn -0.690122 0.723653 0.007598
v 8.844053 7.222910 14.401104
vn -0.690122 0.723653 0.007598
v 9.153883 7.817570 -14.095201
vn -0.690122 0.723653 0.007598
v 8.779333 7.460397 -14.097314
vn -0.236106 0.971689 0.008634
v 8.844053 7.222910 14.401104
vn -0.236106 0.971689 0.008634
v 8.779333 7.460397 -14.097314
vn -0.236106 0.971689 0.008634
v 8.341087 7.100693 14.401453
vn -0.236048 0.971703 0.008635
v 8.341087 7.100693 14.401453
vn -0.236048 0.971703 0.008635
v 8.779333 7.460397 -14.097314
vn -0.236048 0.971703 0.008635
v 8.276341 7.338210 -14.097385
vn -0.932283 0.319281 -0.170026
v 9.126483 7.189191 -15.981348
vn -0.932283 0.319281 -0.170026
v 9.143614 7.523029 -15.448393
vn -0.932283 0.319281 -0.170026
v 9.265012 7.764651 -15.660312
vn -0.207816 0.343156 -0.916000
v 8.228899 5.347420 -16.672482
vn -0.207816 0.343156 -0.916000
v 8.223007 5.336930 -16.675074
vn -0.207816 0.343156 -0.916000
v 8.236420 5.886110 -16.472380
vn -0.179097 0.344776 -0.921441
v 8.228899 5.347420 -16.672482
vn -0.179097 0.344776 -0.921441
v 8.236420 5.886110 -16.472380
vn -0.179097 0.344776 -0.921441
v 8.349160 5.560930 -16.615967
vn -0.273056 0.528858 -0.803585
v 8.248694 6.376880 -16.153564
vn -0.273056 0.528858 -0.803585
v 8.746108 6.294956 -16.376501
vn -0.273056 0.528858 -0.803585
v 8.236420 5.886110 -16.472380
vn -0.145067 0.393719 -0.907712
v 8.236420 5.886110 -16.472380
vn -0.145067 0.393719 -0.907712
v 8.746108 6.294956 -16.376501
vn -0.145067 0.393719 -0.907712
v 8.538364 5.901351 -16.514025
vn -0.145286 0.357060 -0.922714
v 8.236420 5.886110 -16.472380
vn -0.145286 0.357060 -0.922714
v 8.538364 5.901351 -16.514025
vn -0.145286 0.357060 -0.922714
v 8.349160 5.560930 -16.615967
vn -0.533242 0.522313 -0.665464
v 8.755360 6.313444 -16.369724
vn -0.533242 0.522313 -0.665464
v 8.750293 6.450225 -16.258307
vn -0.533242 0.522313 -0.665464
v 9.067403 7.019423 -16.065655
vn -0.665157 0.543774 -0.511737
v 9.067403 7.019423 -16.065655
vn -0.665157 0.543774 -0.511737
v 8.750293 6.450225 -16.258307
vn -0.665157 0.543774 -0.511737
v 8.761508 6.879104 -15.817156
vn -0.672058 0.503515 -0.542965
v 9.067403 7.019423 -16.065655
vn -0.672058 0.503515 -0.542965
v 8.761508 6.879104 -15.817156
vn -0.672058 0.503515 -0.542965
v 9.126483 7.189191 -15.981348
vn -0.692626 0.620439 -0.367865
v 9.126483 7.189191 -15.981348
vn -0.692626 0.620439 -0.367865
v 8.761508 6.879104 -15.817156
vn -0.692626 0.620439 -0.367865
v 8.770312 7.200048 -15.292430
vn -0.691566 0.621930 -0.367341
v 9.126483 7.189191 -15.981348
vn -0.691566 0.621930 -0.367341
v 8.770312 7.200048 -15.292430
vn -0.691566 0.621930 -0.367341
v 9.143614 7.523029 -15.448393
vn -0.959782 0.270802 -0.074062
v 9.150478 7.745991 -14.788423
vn -0.959782 0.270802 -0.074062
v 9.295635 8.231294 -14.895060
vn -0.959782 0.270802 -0.074062
v 9.289984 8.051684 -15.478552
vn -0.548599 0.515727 -0.658077
v 8.755360 6.313444 -16.369724
vn -0.548599 0.515727 -0.658077
v 8.746108 6.294956 -16.376501
vn -0.548599 0.515727 -0.658077
v 8.750293 6.450225 -16.258307
vn -0.246785 0.591167 -0.767866
v 8.750293 6.450225 -16.258307
vn -0.246785 0.591167 -0.767866
v 8.746108 6.294956 -16.376501
vn -0.246785 0.591167 -0.767866
v 8.248694 6.376880 -16.153564
vn -0.242701 0.698648 -0.673043
v 8.750293 6.450225 -16.258307
vn -0.242701 0.698648 -0.673043
v 8.248694 6.376880 -16.153564
vn -0.242701 0.698648 -0.673043
v 8.761508 6.879104 -15.817156
vn -0.242323 0.698474 -0.673360
v 8.761508 6.879104 -15.817156
vn -0.242323 0.698474 -0.673360
v 8.248694 6.376880 -16.153564
vn -0.242323 0.698474 -0.673360
v 8.259312 6.785098 -15.733942
vn -0.238870 0.830164 -0.503754
v 8.761508 6.879104 -15.817156
vn -0.238870 0.830164 -0.503754
v 8.259312 6.785098 -15.733942
vn -0.238870 0.830164 -0.503754
v 8.770312 7.200048 -15.292430
vn -0.238978 0.830193 -0.503657
v 8.770312 7.200048 -15.292430
vn -0.238978 0.830193 -0.503657
v 8.259312 6.785098 -15.733942
vn -0.238978 0.830193 -0.503657
v 8.267705 7.090537 -15.234461
vn -0.236646 0.921242 -0.308725
v 8.267705 7.090537 -15.234461
vn -0.236646 0.921242 -0.308725
v 8.273502 7.277896 -14.679821
vn -0.236646 0.921242 -0.308725
v 8.776341 7.397088 -14.709588
vn -0.236361 0.921226 -0.308992
v 8.267705 7.090537 -15.234461
vn -0.236361 0.921226 -0.308992
v 8.776341 7.397088 -14.709588
vn -0.236361 0.921226 -0.308992
v 8.770312 7.200048 -15.292430
vn -0.689435 0.688330 -0.225570
v 8.770312 7.200048 -15.292430
vn -0.689435 0.688330 -0.225570
v 8.776341 7.397088 -14.709588
vn -0.689435 0.688330 -0.225570
v 9.150478 7.745991 -14.788423
vn -0.689605 0.688235 -0.225338
v 8.770312 7.200048 -15.292430
vn -0.689605 0.688235 -0.225338
v 9.150478 7.745991 -14.788423
vn -0.689605 0.688235 -0.225338
v 9.143614 7.523029 -15.448393
vn -0.961914 0.261850 -0.078458
v 9.143614 7.523029 -15.448393
vn -0.961914 0.261850 -0.078458
v 9.150478 7.745991 -14.788423
vn -0.961914 0.261850 -0.078458
v 9.289984 8.051684 -15.478552
vn -0.934998 0.244203 -0.257184
v 9.143614 7.523029 -15.448393
vn -0.934998 0.244203 -0.257184
v 9.289984 8.051684 -15.478552
vn -0.934998 0.244203 -0.257184
v 9.265012 7.764651 -15.660312
vn -0.234883 0.966970 -0.098990
v 8.273502 7.277896 -14.679821
vn -0.234883 0.966970 -0.098990
v 8.276341 7.338210 -14.097385
vn -0.234883 0.966970 -0.098990
v 8.779333 7.460397 -14.097314
vn -0.235054 0.966944 -0.098833
v 8.273502 7.277896 -14.679821
vn -0.235054 0.966944 -0.098833
v 8.779333 7.460397 -14.097314
vn -0.235054 0.966944 -0.098833
v 8.776341 7.397088 -14.709588
vn -0.688153 0.722054 -0.071298
v 8.776341 7.397088 -14.709588
vn -0.688153 0.722054 -0.071298
v 8.779333 7.460397 -14.097314
vn -0.688153 0.722054 -0.071298
v 9.153883 7.817570 -14.095201
vn -0.688264 0.721962 -0.071167
v 8.776341 7.397088 -14.709588
vn -0.688264 0.721962 -0.071167
v 9.153883 7.817570 -14.095201
vn -0.688264 0.721962 -0.071167
v 9.150478 7.745991 -14.788423
vn -0.959295 0.281356 -0.024340
v 9.150478 7.745991 -14.788423
vn -0.959295 0.281356 -0.024340
v 9.153883 7.817570 -14.095201
vn -0.959295 0.281356 -0.024340
v 9.299513 8.314415 -14.091574
vn -0.959239 0.281532 -0.024495
v 9.150478 7.745991 -14.788423
vn -0.959239 0.281532 -0.024495
v 9.299513 8.314415 -14.091574
vn -0.959239 0.281532 -0.024495
v 9.295635 8.231294 -14.895060
vn -0.367459 -0.114560 0.922957
v -0.713725 -5.669563 17.115480
vn -0.367459 -0.114560 0.922957
v -0.603453 -6.081389 17.108267
vn -0.367459 -0.114560 0.922957
v -0.593251 -6.083904 17.112017
vn -0.014337 -0.015291 0.999780
v -0.936713 -4.925070 17.122192
vn -0.014337 -0.015291 0.999780
v -0.936420 -5.059307 17.120144
vn -0.014337 -0.015291 0.999780
v -0.931172 -4.943662 17.121988
vn -0.375436 -0.162526 0.912487
v -0.603453 -6.081389 17.108267
vn -0.375436 -0.162526 0.912487
v -0.617011 -7.031467 16.933468
vn -0.375436 -0.162526 0.912487
v -0.593251 -6.083904 17.112017
vn -0.446836 -0.154825 0.881117
v -0.593251 -6.083904 17.112017
vn -0.446836 -0.154825 0.881117
v -0.617011 -7.031467 16.933468
vn -0.446836 -0.154825 0.881117
v -0.466077 -7.052905 17.006243
vn -0.593387 -0.163900 0.788054
v -0.593251 -6.083904 17.112017
vn -0.593387 -0.163900 0.788054
v -0.466077 -7.052905 17.006243
vn -0.593387 -0.163900 0.788054
v -0.330092 -7.079603 17.103083
vn -0.020237 -0.015022 0.999682
v -0.931172 -4.943662 17.121988
vn -0.020237 -0.015022 0.999682
v -0.936420 -5.059307 17.120144
vn -0.020237 -0.015022 0.999682
v -0.713725 -5.669563 17.115480
vn -0.184884 -0.074954 0.979898
v -0.713725 -5.669563 17.115480
vn -0.184884 -0.074954 0.979898
v -0.936420 -5.059307 17.120144
vn -0.184884 -0.074954 0.979898
v -0.940273 -6.064725 17.042511
vn -0.194449 -0.069206 0.978468
v -0.713725 -5.669563 17.115480
vn -0.194449 -0.069206 0.978468
v -0.940273 -6.064725 17.042511
vn -0.194449 -0.069206 0.978468
v -0.603453 -6.081389 17.108267
vn -0.197032 -0.178399 0.964029
v -0.603453 -6.081389 17.108267
vn -0.197032 -0.178399 0.964029
v -0.940273 -6.064725 17.042511
vn -0.197032 -0.178399 0.964029
v -0.950106 -7.007061 16.866116
vn -0.207403 -0.174150 0.962630
v -0.603453 -6.081389 17.108267
vn -0.207403 -0.174150 0.962630
v -0.950106 -7.007061 16.866116
vn -0.207403 -0.174150 0.962630
v -0.617011 -7.031467 16.933468
vn -0.632482 -0.356263 0.687781
v -0.230041 -7.467268 17.099615
vn -0.632482 -0.356263 0.687781
v -0.465883 -7.512986 16.859055
vn -0.632482 -0.356263 0.687781
v -0.467329 -7.929293 16.642082
vn -0.758973 -0.649411 0.047169
v -0.482654 -9.214229 14.285547
vn -0.758973 -0.649411 0.047169
v -0.169138 -9.580914 14.281748
vn -0.758973 -0.649411 0.047169
v -0.167305 -9.548541 14.756937
vn -0.926175 -0.077179 0.369111
v -0.074206 -8.148412 17.093365
vn -0.926175 -0.077179 0.369111
v -0.134518 -8.134272 16.944986
vn -0.926175 -0.077179 0.369111
v -0.026195 -8.747928 17.088478
vn -0.973238 -0.127016 0.191508
v -0.026195 -8.747928 17.088478
vn -0.973238 -0.127016 0.191508
v -0.134518 -8.134272 16.944986
vn -0.973238 -0.127016 0.191508
v -0.143365 -8.564277 16.614830
vn -0.972534 -0.139035 0.186674
v -0.026195 -8.747928 17.088478
vn -0.972534 -0.139035 0.186674
v -0.143365 -8.564277 16.614830
vn -0.972534 -0.139035 0.186674
v -0.029919 -8.890153 16.963146
vn -0.972860 -0.159952 0.167211
v -0.029919 -8.890153 16.963146
vn -0.972860 -0.159952 0.167211
v -0.143365 -8.564277 16.614830
vn -0.972860 -0.159952 0.167211
v -0.151364 -8.925884 16.222376
vn -0.973222 -0.157783 0.167165
v -0.029919 -8.890153 16.963146
vn -0.973222 -0.157783 0.167165
v -0.151364 -8.925884 16.222376
vn -0.973222 -0.157783 0.167165
v -0.040742 -9.303610 16.509886
vn -0.973890 -0.183897 0.133114
v -0.040742 -9.303610 16.509886
vn -0.973890 -0.183897 0.133114
v -0.151364 -8.925884 16.222376
vn -0.973890 -0.183897 0.133114
v -0.158145 -9.218990 15.767842
vn -0.974164 -0.182279 0.133342
v -0.040742 -9.303610 16.509886
vn -0.974164 -0.182279 0.133342
v -0.158145 -9.218990 15.767842
vn -0.974164 -0.182279 0.133342
v -0.049786 -9.638421 15.986122
vn -0.974704 -0.201636 0.096414
v -0.049786 -9.638421 15.986122
vn -0.974704 -0.201636 0.096414
v -0.158145 -9.218990 15.767842
vn -0.974704 -0.201636 0.096414
v -0.163511 -9.425007 15.282743
vn -0.974882 -0.200610 0.096754
v -0.049786 -9.638421 15.986122
vn -0.974882 -0.200610 0.096754
v -0.163511 -9.425007 15.282743
vn -0.974882 -0.200610 0.096754
v -0.056751 -9.873752 15.428012
vn -0.975266 -0.213506 0.057200
v -0.056751 -9.873752 15.428012
vn -0.975266 -0.213506 0.057200
v -0.163511 -9.425007 15.282743
vn -0.975266 -0.213506 0.057200
v -0.167305 -9.548541 14.756937
vn -0.975352 -0.213050 0.057435
v -0.056751 -9.873752 15.428012
vn -0.975352 -0.213050 0.057435
v -0.167305 -9.548541 14.756937
vn -0.975352 -0.213050 0.057435
v -0.061522 -10.014810 14.823757
vn -0.975621 -0.218668 0.018660
v -0.061522 -10.014810 14.823757
vn -0.975621 -0.218668 0.018660
v -0.167305 -9.548541 14.756937
vn -0.975621 -0.218668 0.018660
v -0.169138 -9.580914 14.281748
vn -0.975670 -0.218430 0.018861
v -0.061522 -10.014810 14.823757
vn -0.975670 -0.218430 0.018861
v -0.169138 -9.580914 14.281748
vn -0.975670 -0.218430 0.018861
v -0.063815 -10.051725 14.277583
vn -0.912231 -0.211922 0.350603
v -0.074206 -8.148412 17.093365
vn -0.912231 -0.211922 0.350603
v -0.230041 -7.467268 17.099615
vn -0.912231 -0.211922 0.350603
v -0.134518 -8.134272 16.944986
vn -0.731621 -0.251654 0.633562
v -0.134518 -8.134272 16.944986
vn -0.731621 -0.251654 0.633562
v -0.230041 -7.467268 17.099615
vn -0.731621 -0.251654 0.633562
v -0.467329 -7.929293 16.642082
vn -0.739324 -0.400432 0.541345
v -0.134518 -8.134272 16.944986
vn -0.739324 -0.400432 0.541345
v -0.467329 -7.929293 16.642082
vn -0.739324 -0.400432 0.541345
v -0.143365 -8.564277 16.614830
vn -0.743610 -0.402305 0.534037
v -0.143365 -8.564277 16.614830
vn -0.743610 -0.402305 0.534037
v -0.467329 -7.929293 16.642082
vn -0.743610 -0.402305 0.534037
v -0.470057 -8.311345 16.350473
vn -0.745559 -0.482469 0.459745
v -0.143365 -8.564277 16.614830
vn -0.745559 -0.482469 0.459745
v -0.470057 -8.311345 16.350473
vn -0.745559 -0.482469 0.459745
v -0.151364 -8.925884 16.222376
vn -0.748781 -0.482939 0.453979
v -0.151364 -8.925884 16.222376
vn -0.748781 -0.482939 0.453979
v -0.470057 -8.311345 16.350473
vn -0.748781 -0.482939 0.453979
v -0.473172 -8.632484 16.003712
vn -0.750451 -0.550298 0.366055
v -0.151364 -8.925884 16.222376
vn -0.750451 -0.550298 0.366055
v -0.473172 -8.632484 16.003712
vn -0.750451 -0.550298 0.366055
v -0.158145 -9.218990 15.767842
vn -0.752835 -0.549863 0.361789
v -0.158145 -9.218990 15.767842
vn -0.752835 -0.549863 0.361789
v -0.473172 -8.632484 16.003712
vn -0.752835 -0.549863 0.361789
v -0.476453 -8.892633 15.601497
vn -0.754280 -0.601271 0.263696
v -0.158145 -9.218990 15.767842
vn -0.754280 -0.601271 0.263696
v -0.476453 -8.892633 15.601497
vn -0.754280 -0.601271 0.263696
v -0.163511 -9.425007 15.282743
vn -0.755851 -0.600518 0.260896
v -0.163511 -9.425007 15.282743
vn -0.755851 -0.600518 0.260896
v -0.476453 -8.892633 15.601497
vn -0.755851 -0.600518 0.260896
v -0.479194 -9.075774 15.172012
vn -0.756813 -0.635069 0.154667
v -0.163511 -9.425007 15.282743
vn -0.756813 -0.635069 0.154667
v -0.479194 -9.075774 15.172012
vn -0.756813 -0.635069 0.154667
v -0.167305 -9.548541 14.756937
vn -0.757808 -0.634280 0.153020
v -0.167305 -9.548541 14.756937
vn -0.757808 -0.634280 0.153020
v -0.479194 -9.075774 15.172012
vn -0.757808 -0.634280 0.153020
v -0.481398 -9.185472 14.706395
vn -0.758656 -0.649818 0.046669
v -0.167305 -9.548541 14.756937
vn -0.758656 -0.649818 0.046669
v -0.481398 -9.185472 14.706395
vn -0.758656 -0.649818 0.046669
v -0.482654 -9.214229 14.285547
vn -0.366068 -0.928348 0.064529
v -0.482654 -9.214229 14.285547
vn -0.366068 -0.928348 0.064529
v -0.481398 -9.185472 14.706395
vn -0.366068 -0.928348 0.064529
v -0.931505 -9.037063 14.288062
vn -0.684418 -0.182952 0.705762
v -0.230041 -7.467268 17.099615
vn -0.684418 -0.182952 0.705762
v -0.330092 -7.079603 17.103083
vn -0.684418 -0.182952 0.705762
v -0.465883 -7.512986 16.859055
vn -0.593852 -0.245384 0.766242
v -0.465883 -7.512986 16.859055
vn -0.593852 -0.245384 0.766242
v -0.330092 -7.079603 17.103083
vn -0.593852 -0.245384 0.766242
v -0.466077 -7.052905 17.006243
vn -0.449010 -0.272433 0.850982
v -0.465883 -7.512986 16.859055
vn -0.449010 -0.272433 0.850982
v -0.466077 -7.052905 17.006243
vn -0.449010 -0.272433 0.850982
v -0.617011 -7.031467 16.933468
vn -0.365656 -0.928546 0.064016
v -0.931505 -9.037063 14.288062
vn -0.365656 -0.928546 0.064016
v -0.481398 -9.185472 14.706395
vn -0.365656 -0.928546 0.064016
v -0.930587 -9.010138 14.683845
vn -0.364453 -0.906020 0.215180
v -0.930587 -9.010138 14.683845
vn -0.364453 -0.906020 0.215180
v -0.481398 -9.185472 14.706395
vn -0.364453 -0.906020 0.215180
v -0.479194 -9.075774 15.172012
vn -0.362452 -0.907300 0.213158
v -0.930587 -9.010138 14.683845
vn -0.362452 -0.907300 0.213158
v -0.479194 -9.075774 15.172012
vn -0.362452 -0.907300 0.213158
v -0.929781 -8.907582 15.121739
vn -0.360933 -0.857021 0.367754
v -0.929781 -8.907582 15.121739
vn -0.360933 -0.857021 0.367754
v -0.479194 -9.075774 15.172012
vn -0.360933 -0.857021 0.367754
v -0.476453 -8.892633 15.601497
vn -0.357191 -0.860053 0.364313
v -0.929781 -8.907582 15.121739
vn -0.357191 -0.860053 0.364313
v -0.476453 -8.892633 15.601497
vn -0.357191 -0.860053 0.364313
v -0.929346 -8.736428 15.526220
vn -0.355015 -0.783653 0.509756
v -0.929346 -8.736428 15.526220
vn -0.355015 -0.783653 0.509756
v -0.476453 -8.892633 15.601497
vn -0.355015 -0.783653 0.509756
v -0.473172 -8.632484 16.003712
vn -0.350059 -0.788285 0.506029
v -0.929346 -8.736428 15.526220
vn -0.350059 -0.788285 0.506029
v -0.473172 -8.632484 16.003712
vn -0.350059 -0.788285 0.506029
v -0.929730 -8.492716 15.905605
vn -0.347416 -0.686436 0.638834
v -0.929730 -8.492716 15.905605
vn -0.347416 -0.686436 0.638834
v -0.473172 -8.632484 16.003712
vn -0.347416 -0.686436 0.638834
v -0.470057 -8.311345 16.350473
vn -0.339878 -0.694382 0.634284
v -0.929730 -8.492716 15.905605
vn -0.339878 -0.694382 0.634284
v -0.470057 -8.311345 16.350473
vn -0.339878 -0.694382 0.634284
v -0.931244 -8.191744 16.234282
vn -0.336640 -0.569796 0.749671
v -0.931244 -8.191744 16.234282
vn -0.336640 -0.569796 0.749671
v -0.470057 -8.311345 16.350473
vn -0.336640 -0.569796 0.749671
v -0.467329 -7.929293 16.642082
vn -0.326599 -0.581030 0.745478
v -0.931244 -8.191744 16.234282
vn -0.326599 -0.581030 0.745478
v -0.467329 -7.929293 16.642082
vn -0.326599 -0.581030 0.745478
v -0.934603 -7.833155 16.512297
vn -0.323037 -0.436517 0.839702
v -0.934603 -7.833155 16.512297
vn -0.323037 -0.436517 0.839702
v -0.467329 -7.929293 16.642082
vn -0.323037 -0.436517 0.839702
v -0.465883 -7.512986 16.859055
vn -0.310967 -0.450891 0.836658
v -0.934603 -7.833155 16.512297
vn -0.310967 -0.450891 0.836658
v -0.465883 -7.512986 16.859055
vn -0.310967 -0.450891 0.836658
v -0.940396 -7.441471 16.721230
vn -0.303816 -0.237922 0.922545
v -0.940396 -7.441471 16.721230
vn -0.303816 -0.237922 0.922545
v -0.465883 -7.512986 16.859055
vn -0.303816 -0.237922 0.922545
v -0.617011 -7.031467 16.933468
vn -0.210212 -0.313545 0.926013
v -0.940396 -7.441471 16.721230
vn -0.210212 -0.313545 0.926013
v -0.617011 -7.031467 16.933468
vn -0.210212 -0.313545 0.926013
v -0.950106 -7.007061 16.866116
vn -0.367171 -0.930128 -0.006917
v -0.931505 -9.037063 14.288062
vn -0.367171 -0.930128 -0.006917
v -0.996285 -8.799541 -14.210835
vn -0.367171 -0.930128 -0.006917
v -0.482654 -9.214229 14.285547
vn -0.367226 -0.930106 -0.006916
v -0.482654 -9.214229 14.285547
vn -0.367226 -0.930106 -0.006916
v -0.996285 -8.799541 -14.210835
vn -0.367226 -0.930106 -0.006916
v -0.547511 -8.976708 -14.213341
vn -0.760074 -0.649826 -0.003686
v -0.482654 -9.214229 14.285547
vn -0.760074 -0.649826 -0.003686
v -0.547511 -8.976708 -14.213341
vn -0.760074 -0.649826 -0.003686
v -0.169138 -9.580914 14.281748
vn -0.760016 -0.649894 -0.003688
v -0.169138 -9.580914 14.281748
vn -0.760016 -0.649894 -0.003688
v -0.547511 -8.976708 -14.213341
vn -0.760016 -0.649894 -0.003688
v -0.233936 -9.343396 -14.217086
vn -0.975879 -0.218313 0.000399
v -0.169138 -9.580914 14.281748
vn -0.975879 -0.218313 0.000399
v -0.233936 -9.343396 -14.217086
vn -0.975879 -0.218313 0.000399
v -0.063815 -10.051725 14.277583
vn -0.975838 -0.218494 0.000395
v -0.063815 -10.051725 14.277583
vn -0.975838 -0.218494 0.000395
v -0.233936 -9.343396 -14.217086
vn -0.975838 -0.218494 0.000395
v -0.128562 -9.814023 -14.221242
vn -0.910734 -0.188018 -0.367714
v -0.210849 -7.568454 -17.002474
vn -0.910734 -0.188018 -0.367714
v -0.168949 -7.768080 -17.004179
vn -0.910734 -0.188018 -0.367714
v -0.211322 -7.852631 -16.855999
vn -0.943903 -0.085810 -0.318880
v -0.211322 -7.852631 -16.855999
vn -0.943903 -0.085810 -0.318880
v -0.168949 -7.768080 -17.004179
vn -0.943903 -0.085810 -0.318880
v -0.103749 -8.463744 -17.009972
vn -0.974084 -0.123765 -0.189324
v -0.211322 -7.852631 -16.855999
vn -0.974084 -0.123765 -0.189324
v -0.103749 -8.463744 -17.009972
vn -0.974084 -0.123765 -0.189324
v -0.218757 -8.288132 -16.533049
vn -0.366470 -0.927190 -0.077578
v -0.547511 -8.976708 -14.213341
vn -0.366470 -0.927190 -0.077578
v -0.996285 -8.799541 -14.210835
vn -0.366470 -0.927190 -0.077578
v -0.997227 -8.766082 -14.606271
vn -0.759165 -0.648652 -0.054025
v -0.233936 -9.343396 -14.217086
vn -0.759165 -0.648652 -0.054025
v -0.547511 -8.976708 -14.213341
vn -0.759165 -0.648652 -0.054025
v -0.548127 -8.940959 -14.633902
vn -0.975721 -0.218284 -0.017915
v -0.128562 -9.814023 -14.221242
vn -0.975721 -0.218284 -0.017915
v -0.234265 -9.302923 -14.691681
vn -0.975721 -0.218284 -0.017915
v -0.128814 -9.768136 -14.766637
vn -0.975634 -0.212111 -0.056106
v -0.128814 -9.768136 -14.766637
vn -0.975634 -0.212111 -0.056106
v -0.234265 -9.302923 -14.691681
vn -0.975634 -0.212111 -0.056106
v -0.232878 -9.170855 -15.215100
vn -0.975510 -0.212524 -0.056685
v -0.128814 -9.768136 -14.766637
vn -0.975510 -0.212524 -0.056685
v -0.232878 -9.170855 -15.215100
vn -0.975510 -0.212524 -0.056685
v -0.126755 -9.617104 -15.368331
vn -0.975321 -0.199359 -0.094894
v -0.126755 -9.617104 -15.368331
vn -0.975321 -0.199359 -0.094894
v -0.232878 -9.170855 -15.215100
vn -0.975321 -0.199359 -0.094894
v -0.229777 -8.956741 -15.696794
vn -0.975141 -0.199794 -0.095826
v -0.126755 -9.617104 -15.368331
vn -0.975141 -0.199794 -0.095826
v -0.229777 -8.956741 -15.696794
vn -0.975141 -0.199794 -0.095826
v -0.122398 -9.372465 -15.922724
vn -0.974792 -0.180530 -0.131108
v -0.122398 -9.372465 -15.922724
vn -0.974792 -0.180530 -0.131108
v -0.229777 -8.956741 -15.696794
vn -0.974792 -0.180530 -0.131108
v -0.224947 -8.656197 -16.146545
vn -0.974467 -0.181023 -0.132834
v -0.122398 -9.372465 -15.922724
vn -0.974467 -0.181023 -0.132834
v -0.224947 -8.656197 -16.146545
vn -0.974467 -0.181023 -0.132834
v -0.115604 -9.028994 -16.440643
vn -0.973989 -0.156099 -0.164249
v -0.115604 -9.028994 -16.440643
vn -0.973989 -0.156099 -0.164249
v -0.224947 -8.656197 -16.146545
vn -0.973989 -0.156099 -0.164249
v -0.218757 -8.288132 -16.533049
vn -0.973606 -0.156304 -0.166314
v -0.115604 -9.028994 -16.440643
vn -0.973606 -0.156304 -0.166314
v -0.218757 -8.288132 -16.533049
vn -0.973606 -0.156304 -0.166314
v -0.106846 -8.608094 -16.887476
vn -0.973360 -0.135853 -0.184698
v -0.106846 -8.608094 -16.887476
vn -0.973360 -0.135853 -0.184698
v -0.218757 -8.288132 -16.533049
vn -0.973360 -0.135853 -0.184698
v -0.103749 -8.463744 -17.009972
vn -0.975716 -0.218305 -0.017938
v -0.128562 -9.814023 -14.221242
vn -0.975716 -0.218305 -0.017938
v -0.233936 -9.343396 -14.217086
vn -0.975716 -0.218305 -0.017938
v -0.234265 -9.302923 -14.691681
vn -0.758704 -0.649124 -0.054829
v -0.234265 -9.302923 -14.691681
vn -0.758704 -0.649124 -0.054829
v -0.233936 -9.343396 -14.217086
vn -0.758704 -0.649124 -0.054829
v -0.548127 -8.940959 -14.633902
vn -0.758226 -0.631699 -0.161400
v -0.234265 -9.302923 -14.691681
vn -0.758226 -0.631699 -0.161400
v -0.548127 -8.940959 -14.633902
vn -0.758226 -0.631699 -0.161400
v -0.232878 -9.170855 -15.215100
vn -0.757556 -0.632695 -0.160642
v -0.232878 -9.170855 -15.215100
vn -0.757556 -0.632695 -0.160642
v -0.548127 -8.940959 -14.633902
vn -0.757556 -0.632695 -0.160642
v -0.547999 -8.823478 -15.097212
vn -0.757002 -0.595261 -0.269467
v -0.232878 -9.170855 -15.215100
vn -0.757002 -0.595261 -0.269467
v -0.547999 -8.823478 -15.097212
vn -0.757002 -0.595261 -0.269467
v -0.229777 -8.956741 -15.696794
vn -0.755487 -0.597797 -0.268100
v -0.229777 -8.956741 -15.696794
vn -0.755487 -0.597797 -0.268100
v -0.547999 -8.823478 -15.097212
vn -0.755487 -0.597797 -0.268100
v -0.547157 -8.633359 -15.523502
vn -0.754414 -0.541987 -0.370283
v -0.229777 -8.956741 -15.696794
vn -0.754414 -0.541987 -0.370283
v -0.547157 -8.633359 -15.523502
vn -0.754414 -0.541987 -0.370283
v -0.224947 -8.656197 -16.146545
vn -0.752037 -0.546218 -0.368899
v -0.224947 -8.656197 -16.146545
vn -0.752037 -0.546218 -0.368899
v -0.547157 -8.633359 -15.523502
vn -0.752037 -0.546218 -0.368899
v -0.545780 -8.366402 -15.921585
vn -0.750620 -0.472439 -0.461921
v -0.224947 -8.656197 -16.146545
vn -0.750620 -0.472439 -0.461921
v -0.545780 -8.366402 -15.921585
vn -0.750620 -0.472439 -0.461921
v -0.218757 -8.288132 -16.533049
vn -0.747662 -0.477953 -0.461044
v -0.218757 -8.288132 -16.533049
vn -0.747662 -0.477953 -0.461044
v -0.545780 -8.366402 -15.921585
vn -0.747662 -0.477953 -0.461044
v -0.544180 -8.039585 -16.262981
vn -0.745815 -0.388534 -0.541111
v -0.218757 -8.288132 -16.533049
vn -0.745815 -0.388534 -0.541111
v -0.544180 -8.039585 -16.262981
vn -0.745815 -0.388534 -0.541111
v -0.211322 -7.852631 -16.855999
vn -0.741617 -0.396344 -0.541217
v -0.211322 -7.852631 -16.855999
vn -0.741617 -0.396344 -0.541217
v -0.544180 -8.039585 -16.262981
vn -0.741617 -0.396344 -0.541217
v -0.542804 -7.652761 -16.548147
vn -0.740420 -0.306974 -0.597951
v -0.211322 -7.852631 -16.855999
vn -0.740420 -0.306974 -0.597951
v -0.542804 -7.652761 -16.548147
vn -0.740420 -0.306974 -0.597951
v -0.210849 -7.568454 -17.002474
vn -0.743293 -0.298791 -0.598532
v -0.210849 -7.568454 -17.002474
vn -0.743293 -0.298791 -0.598532
v -0.542804 -7.652761 -16.548147
vn -0.743293 -0.298791 -0.598532
v -0.542247 -7.232861 -16.758455
vn -0.688240 -0.166133 -0.706205
v -0.210849 -7.568454 -17.002474
vn -0.688240 -0.166133 -0.706205
v -0.542247 -7.232861 -16.758455
vn -0.688240 -0.166133 -0.706205
v -0.307619 -7.183086 -16.998823
vn -0.676591 -0.213667 -0.704678
v -0.307619 -7.183086 -16.998823
vn -0.676591 -0.213667 -0.704678
v -0.542247 -7.232861 -16.758455
vn -0.676591 -0.213667 -0.704678
v -0.543177 -6.770343 -16.897802
vn -0.596741 -0.147517 -0.788758
v -0.307619 -7.183086 -16.998823
vn -0.596741 -0.147517 -0.788758
v -0.543177 -6.770343 -16.897802
vn -0.596741 -0.147517 -0.788758
v -0.407671 -6.795523 -16.995613
vn -0.365920 -0.927347 -0.078291
v -0.547511 -8.976708 -14.213341
vn -0.365920 -0.927347 -0.078291
v -0.997227 -8.766082 -14.606271
vn -0.365920 -0.927347 -0.078291
v -0.548127 -8.940959 -14.633902
vn -0.365496 -0.902849 -0.226442
v -0.548127 -8.940959 -14.633902
vn -0.365496 -0.902849 -0.226442
v -0.997227 -8.766082 -14.606271
vn -0.365496 -0.902849 -0.226442
v -0.998424 -8.656234 -15.042318
vn -0.363240 -0.903090 -0.229097
v -0.548127 -8.940959 -14.633902
vn -0.363240 -0.903090 -0.229097
v -0.998424 -8.656234 -15.042318
vn -0.363240 -0.903090 -0.229097
v -0.547999 -8.823478 -15.097212
vn -0.362445 -0.852546 -0.376561
v -0.547999 -8.823478 -15.097212
vn -0.362445 -0.852546 -0.376561
v -0.998424 -8.656234 -15.042318
vn -0.362445 -0.852546 -0.376561
v -0.999850 -8.478363 -15.443649
vn -0.358935 -0.852166 -0.380761
v -0.547999 -8.823478 -15.097212
vn -0.358935 -0.852166 -0.380761
v -0.999850 -8.478363 -15.443649
vn -0.358935 -0.852166 -0.380761
v -0.547157 -8.633359 -15.523502
vn -0.357540 -0.778471 -0.515896
v -0.547157 -8.633359 -15.523502
vn -0.357540 -0.778471 -0.515896
v -0.999850 -8.478363 -15.443649
vn -0.357540 -0.778471 -0.515896
v -1.001904 -8.228425 -15.819374
vn -0.351995 -0.776820 -0.522160
v -0.547157 -8.633359 -15.523502
vn -0.351995 -0.776820 -0.522160
v -1.001904 -8.228425 -15.819374
vn -0.351995 -0.776820 -0.522160
v -0.545780 -8.366402 -15.921585
vn -0.350170 -0.681797 -0.642288
v -0.545780 -8.366402 -15.921585
vn -0.350170 -0.681797 -0.642288
v -1.001904 -8.228425 -15.819374
vn -0.350170 -0.681797 -0.642288
v -1.004894 -7.922010 -16.143007
vn -0.342410 -0.677896 -0.650548
v -0.545780 -8.366402 -15.921585
vn -0.342410 -0.677896 -0.650548
v -1.004894 -7.922010 -16.143007
vn -0.342410 -0.677896 -0.650548
v -0.544180 -8.039585 -16.262981
vn -0.340004 -0.565730 -0.751231
v -0.544180 -8.039585 -16.262981
vn -0.340004 -0.565730 -0.751231
v -1.004894 -7.922010 -16.143007
vn -0.340004 -0.565730 -0.751231
v -1.009492 -7.558826 -16.414431
vn -0.330412 -0.559295 -0.760274
v -0.544180 -8.039585 -16.262981
vn -0.330412 -0.559295 -0.760274
v -1.009492 -7.558826 -16.414431
vn -0.330412 -0.559295 -0.760274
v -0.542804 -7.652761 -16.548147
vn -0.327870 -0.435551 -0.838330
v -0.542804 -7.652761 -16.548147
vn -0.327870 -0.435551 -0.838330
v -1.009492 -7.558826 -16.414431
vn -0.327870 -0.435551 -0.838330
v -1.016283 -7.163625 -16.617100
vn -0.315117 -0.424673 -0.848737
v -0.542804 -7.652761 -16.548147
vn -0.315117 -0.424673 -0.848737
v -1.016283 -7.163625 -16.617100
vn -0.315117 -0.424673 -0.848737
v -0.542247 -7.232861 -16.758455
vn -0.312225 -0.292010 -0.904016
v -0.542247 -7.232861 -16.758455
vn -0.312225 -0.292010 -0.904016
v -1.016283 -7.163625 -16.617100
vn -0.312225 -0.292010 -0.904016
v -1.026533 -6.726888 -16.754631
vn -0.295704 -0.276118 -0.914504
v -0.542247 -7.232861 -16.758455
vn -0.295704 -0.276118 -0.914504
v -1.026533 -6.726888 -16.754631
vn -0.295704 -0.276118 -0.914504
v -0.543177 -6.770343 -16.897802
vn -0.293463 -0.157745 -0.942866
v -0.543177 -6.770343 -16.897802
vn -0.293463 -0.157745 -0.942866
v -1.026533 -6.726888 -16.754631
vn -0.293463 -0.157745 -0.942866
v -1.017433 -5.781676 -16.915600
vn -0.021735 0.000994 -0.999763
v -1.013969 -4.775155 -16.976152
vn -0.021735 0.000994 -0.999763
v -1.014258 -4.640964 -16.976011
vn -0.021735 0.000994 -0.999763
v -1.008677 -4.659441 -16.976152
vn -0.596840 -0.150617 -0.788097
v -0.407671 -6.795523 -16.995613
vn -0.596840 -0.150617 -0.788097
v -0.543177 -6.770343 -16.897802
vn -0.596840 -0.150617 -0.788097
v -0.669820 -5.803171 -16.986734
vn -0.206019 -0.116316 -0.971610
v -0.669820 -5.803171 -16.986734
vn -0.206019 -0.116316 -0.971610
v -0.543177 -6.770343 -16.897802
vn -0.206019 -0.116316 -0.971610
v -1.017433 -5.781676 -16.915600
vn -0.203098 -0.047993 -0.977981
v -0.669820 -5.803171 -16.986734
vn -0.203098 -0.047993 -0.977981
v -1.017433 -5.781676 -16.915600
vn -0.203098 -0.047993 -0.977981
v -0.694531 -5.716968 -16.985834
vn -0.201039 -0.058135 -0.977857
v -0.694531 -5.716968 -16.985834
vn -0.201039 -0.058135 -0.977857
v -1.017433 -5.781676 -16.915600
vn -0.201039 -0.058135 -0.977857
v -1.013969 -4.775155 -16.976152
vn -0.026178 0.001398 -0.999656
v -0.694531 -5.716968 -16.985834
vn -0.026178 0.001398 -0.999656
v -1.013969 -4.775155 -16.976152
vn -0.026178 0.001398 -0.999656
v -0.973317 -4.777106 -16.977219
vn -0.026188 0.001198 -0.999656
v -0.973317 -4.777106 -16.977219
vn -0.026188 0.001198 -0.999656
v -1.013969 -4.775155 -16.976152
vn -0.026188 0.001198 -0.999656
v -1.008677 -4.659441 -16.976152
vn 0.203093 -0.187572 0.961025
v 37.633186 -7.928696 16.838863
vn 0.203093 -0.187572 0.961025
v 37.966492 -7.920061 16.770111
vn 0.203093 -0.187572 0.961025
v 38.001709 -6.978311 16.946480
vn 0.030746 -0.016752 0.999387
v 38.045509 -5.973903 17.024158
vn 0.030746 -0.016752 0.999387
v 38.052330 -5.839815 17.026197
vn 0.030746 -0.016752 0.999387
v 38.045628 -5.858123 17.026096
vn 0.518584 -0.169696 0.838018
v 37.345264 -7.963607 17.009968
vn 0.518584 -0.169696 0.838018
v 37.633186 -7.928696 16.838863
vn 0.518584 -0.169696 0.838018
v 37.653671 -6.984641 17.017357
vn 0.199312 -0.186226 0.962078
v 37.653671 -6.984641 17.017357
vn 0.199312 -0.186226 0.962078
v 37.633186 -7.928696 16.838863
vn 0.199312 -0.186226 0.962078
v 38.001709 -6.978311 16.946480
vn 0.200305 -0.077547 0.976660
v 37.653671 -6.984641 17.017357
vn 0.200305 -0.077547 0.976660
v 38.001709 -6.978311 16.946480
vn 0.200305 -0.077547 0.976660
v 37.682442 -6.899559 17.018211
vn 0.198623 -0.084180 0.976454
v 37.682442 -6.899559 17.018211
vn 0.198623 -0.084180 0.976454
v 38.001709 -6.978311 16.946480
vn 0.198623 -0.084180 0.976454
v 38.045509 -5.973903 17.024158
vn 0.025837 -0.016556 0.999529
v 37.682442 -6.899559 17.018211
vn 0.025837 -0.016556 0.999529
v 38.045509 -5.973903 17.024158
vn 0.025837 -0.016556 0.999529
v 38.004787 -5.973921 17.025211
vn 0.025837 -0.016749 0.999526
v 38.004787 -5.973921 17.025211
vn 0.025837 -0.016749 0.999526
v 38.045509 -5.973903 17.024158
vn 0.025837 -0.016749 0.999526
v 38.045628 -5.858123 17.026096
vn 0.727619 -0.684174 0.049762
v 37.053226 -10.454171 14.189912
vn 0.727619 -0.684174 0.049762
v 37.383644 -10.102611 14.192114
vn 0.727619 -0.684174 0.049762
v 37.386246 -10.065162 14.668986
vn 0.899232 -0.236751 0.367874
v 37.112247 -8.726350 17.004128
vn 0.899232 -0.236751 0.367874
v 37.060902 -8.923853 17.002531
vn 0.899232 -0.236751 0.367874
v 37.100075 -8.990809 16.863689
vn 0.934887 -0.134334 0.328543
v 37.100075 -8.990809 16.863689
vn 0.934887 -0.134334 0.328543
v 37.060902 -8.923853 17.002531
vn 0.934887 -0.134334 0.328543
v 36.963367 -9.615688 16.997198
vn 0.966920 -0.171120 0.189167
v 37.100075 -8.990809 16.863689
vn 0.966920 -0.171120 0.189167
v 36.963367 -9.615688 16.997198
vn 0.966920 -0.171120 0.189167
v 37.087650 -9.405427 16.552132
vn 0.202720 -0.210581 0.956326
v 37.966492 -7.920061 16.770111
vn 0.202720 -0.210581 0.956326
v 37.633186 -7.928696 16.838863
vn 0.202720 -0.210581 0.956326
v 37.460609 -8.374357 16.777313
vn 0.965857 -0.183251 0.183139
v 36.963367 -9.615688 16.997198
vn 0.965857 -0.183251 0.183139
v 36.960705 -9.721031 16.905819
vn 0.965857 -0.183251 0.183139
v 37.087650 -9.405427 16.552132
vn 0.965160 -0.202486 0.165725
v 37.087650 -9.405427 16.552132
vn 0.965160 -0.202486 0.165725
v 36.960705 -9.721031 16.905819
vn 0.965160 -0.202486 0.165725
v 36.949593 -10.146432 16.450773
vn 0.965580 -0.202265 0.163535
v 37.087650 -9.405427 16.552132
vn 0.965580 -0.202265 0.163535
v 36.949593 -10.146432 16.450773
vn 0.965580 -0.202265 0.163535
v 37.076397 -9.777505 16.158361
vn 0.964917 -0.226758 0.132345
v 37.076397 -9.777505 16.158361
vn 0.964917 -0.226758 0.132345
v 36.949593 -10.146432 16.450773
vn 0.964917 -0.226758 0.132345
v 36.940647 -10.475102 15.952874
vn 0.965321 -0.226230 0.130286
v 37.076397 -9.777505 16.158361
vn 0.965321 -0.226230 0.130286
v 36.940647 -10.475102 15.952874
vn 0.965321 -0.226230 0.130286
v 37.067345 -10.065049 15.726138
vn 0.964733 -0.245322 0.095429
v 37.067345 -10.065049 15.726138
vn 0.964733 -0.245322 0.095429
v 36.940647 -10.475102 15.952874
vn 0.964733 -0.245322 0.095429
v 36.933167 -10.725658 15.384389
vn 0.964888 -0.244988 0.094723
v 37.067345 -10.065049 15.726138
vn 0.964888 -0.244988 0.094723
v 36.933167 -10.725658 15.384389
vn 0.964888 -0.244988 0.094723
v 37.060131 -10.284375 15.232386
vn 0.964490 -0.257944 0.056780
v 37.060131 -10.284375 15.232386
vn 0.964490 -0.257944 0.056780
v 36.933167 -10.725658 15.384389
vn 0.964490 -0.257944 0.056780
v 36.928295 -10.871387 14.805069
vn 0.964472 -0.257995 0.056856
v 37.060131 -10.284375 15.232386
vn 0.964472 -0.257995 0.056856
v 36.928295 -10.871387 14.805069
vn 0.964472 -0.257995 0.056856
v 37.055706 -10.411996 14.728358
vn 0.964209 -0.264608 0.016818
v 37.055706 -10.411996 14.728358
vn 0.964209 -0.264608 0.016818
v 36.928295 -10.871387 14.805069
vn 0.964209 -0.264608 0.016818
v 36.925873 -10.919549 14.186351
vn 0.964375 -0.264038 0.016245
v 36.925873 -10.919549 14.186351
vn 0.964375 -0.264038 0.016245
v 37.053226 -10.454171 14.189912
vn 0.964375 -0.264038 0.016245
v 37.055706 -10.411996 14.728358
vn 0.727273 -0.684504 0.050270
v 37.055706 -10.411996 14.728358
vn 0.727273 -0.684504 0.050270
v 37.053226 -10.454171 14.189912
vn 0.727273 -0.684504 0.050270
v 37.386246 -10.065162 14.668986
vn 0.728036 -0.666061 0.162254
v 37.055706 -10.411996 14.728358
vn 0.728036 -0.666061 0.162254
v 37.386246 -10.065162 14.668986
vn 0.728036 -0.666061 0.162254
v 37.060131 -10.284375 15.232386
vn 0.727059 -0.667390 0.161172
v 37.060131 -10.284375 15.232386
vn 0.727059 -0.667390 0.161172
v 37.386246 -10.065162 14.668986
vn 0.727059 -0.667390 0.161172
v 37.391319 -9.951856 15.115280
vn 0.728102 -0.630329 0.269354
v 37.060131 -10.284375 15.232386
vn 0.728102 -0.630329 0.269354
v 37.391319 -9.951856 15.115280
vn 0.728102 -0.630329 0.269354
v 37.067345 -10.065049 15.726138
vn 0.726302 -0.633021 0.267900
v 37.067345 -10.065049 15.726138
vn 0.726302 -0.633021 0.267900
v 37.391319 -9.951856 15.115280
vn 0.726302 -0.633021 0.267900
v 37.399734 -9.757101 15.552649
vn 0.727955 -0.577776 0.369129
v 37.067345 -10.065049 15.726138
vn 0.727955 -0.577776 0.369129
v 37.399734 -9.757101 15.552649
vn 0.727955 -0.577776 0.369129
v 37.076397 -9.777505 16.158361
vn 0.725453 -0.581847 0.367657
v 37.076397 -9.777505 16.158361
vn 0.725453 -0.581847 0.367657
v 37.399734 -9.757101 15.552649
vn 0.725453 -0.581847 0.367657
v 37.410759 -9.501863 15.934836
vn 0.727346 -0.509065 0.460240
v 37.076397 -9.777505 16.158361
vn 0.727346 -0.509065 0.460240
v 37.410759 -9.501863 15.934836
vn 0.727346 -0.509065 0.460240
v 37.087650 -9.405427 16.552132
vn 0.723888 -0.514788 0.459325
v 37.087650 -9.405427 16.552132
vn 0.723888 -0.514788 0.459325
v 37.410759 -9.501863 15.934836
vn 0.723888 -0.514788 0.459325
v 37.424648 -9.171665 16.283010
vn 0.726317 -0.426697 0.538882
v 37.087650 -9.405427 16.552132
vn 0.726317 -0.426697 0.538882
v 37.424648 -9.171665 16.283010
vn 0.726317 -0.426697 0.538882
v 37.100075 -8.990809 16.863689
vn 0.721924 -0.434225 0.538771
v 37.100075 -8.990809 16.863689
vn 0.721924 -0.434225 0.538771
v 37.424648 -9.171665 16.283010
vn 0.721924 -0.434225 0.538771
v 37.440861 -8.803565 16.557961
vn 0.724735 -0.348889 0.594169
v 37.100075 -8.990809 16.863689
vn 0.724735 -0.348889 0.594169
v 37.440861 -8.803565 16.557961
vn 0.724735 -0.348889 0.594169
v 37.112247 -8.726350 17.004128
vn 0.728977 -0.337816 0.595377
v 37.112247 -8.726350 17.004128
vn 0.728977 -0.337816 0.595377
v 37.440861 -8.803565 16.557961
vn 0.728977 -0.337816 0.595377
v 37.460609 -8.374357 16.777313
vn 0.673012 -0.208873 0.709526
v 37.112247 -8.726350 17.004128
vn 0.673012 -0.208873 0.709526
v 37.460609 -8.374357 16.777313
vn 0.673012 -0.208873 0.709526
v 37.227146 -8.346022 17.007103
vn 0.637689 -0.342247 0.690086
v 37.227146 -8.346022 17.007103
vn 0.637689 -0.342247 0.690086
v 37.460609 -8.374357 16.777313
vn 0.637689 -0.342247 0.690086
v 37.633186 -7.928696 16.838863
vn 0.518579 -0.166458 0.838670
v 37.227146 -8.346022 17.007103
vn 0.518579 -0.166458 0.838670
v 37.633186 -7.928696 16.838863
vn 0.518579 -0.166458 0.838670
v 37.345264 -7.963607 17.009968
vn 0.297513 -0.317023 0.900546
v 37.966492 -7.920061 16.770111
vn 0.297513 -0.317023 0.900546
v 37.460609 -8.374357 16.777313
vn 0.297513 -0.317023 0.900546
v 37.937782 -8.326827 16.636402
vn 0.294078 -0.445649 0.845527
v 37.937782 -8.326827 16.636402
vn 0.294078 -0.445649 0.845527
v 37.460609 -8.374357 16.777313
vn 0.294078 -0.445649 0.845527
v 37.440861 -8.803565 16.557961
vn 0.306394 -0.456779 0.835150
v 37.937782 -8.326827 16.636402
vn 0.306394 -0.456779 0.835150
v 37.440861 -8.803565 16.557961
vn 0.306394 -0.456779 0.835150
v 37.911736 -8.730291 16.425285
vn 0.303350 -0.578771 0.756970
v 37.911736 -8.730291 16.425285
vn 0.303350 -0.578771 0.756970
v 37.440861 -8.803565 16.557961
vn 0.303350 -0.578771 0.756970
v 37.424648 -9.171665 16.283010
vn 0.313109 -0.586357 0.747093
v 37.911736 -8.730291 16.425285
vn 0.313109 -0.586357 0.747093
v 37.424648 -9.171665 16.283010
vn 0.313109 -0.586357 0.747093
v 37.890850 -9.075653 16.162981
vn 0.310085 -0.695973 0.647664
v 37.890850 -9.075653 16.162981
vn 0.310085 -0.695973 0.647664
v 37.424648 -9.171665 16.283010
vn 0.310085 -0.695973 0.647664
v 37.410759 -9.501863 15.934836
vn 0.317454 -0.700009 0.639695
v 37.890850 -9.075653 16.162981
vn 0.317454 -0.700009 0.639695
v 37.410759 -9.501863 15.934836
vn 0.317454 -0.700009 0.639695
v 37.872906 -9.384964 15.833411
vn 0.314994 -0.793437 0.520803
v 37.872906 -9.384964 15.833411
vn 0.314994 -0.793437 0.520803
v 37.410759 -9.501863 15.934836
vn 0.314994 -0.793437 0.520803
v 37.399734 -9.757101 15.552649
vn 0.320328 -0.795436 0.514463
v 37.872906 -9.384964 15.833411
vn 0.320328 -0.795436 0.514463
v 37.399734 -9.757101 15.552649
vn 0.320328 -0.795436 0.514463
v 37.859665 -9.623804 15.472375
vn 0.318082 -0.868340 0.380539
v 37.859665 -9.623804 15.472375
vn 0.318082 -0.868340 0.380539
v 37.399734 -9.757101 15.552649
vn 0.318082 -0.868340 0.380539
v 37.391319 -9.951856 15.115280
vn 0.322050 -0.868914 0.375862
v 37.859665 -9.623804 15.472375
vn 0.322050 -0.868914 0.375862
v 37.391319 -9.951856 15.115280
vn 0.322050 -0.868914 0.375862
v 37.849449 -9.805804 15.060382
vn 0.320495 -0.918986 0.229670
v 37.849449 -9.805804 15.060382
vn 0.320495 -0.918986 0.229670
v 37.391319 -9.951856 15.115280
vn 0.320495 -0.918986 0.229670
v 37.386246 -10.065162 14.668986
vn 0.322651 -0.918882 0.227050
v 37.849449 -9.805804 15.060382
vn 0.322651 -0.918882 0.227050
v 37.386246 -10.065162 14.668986
vn 0.322651 -0.918882 0.227050
v 37.843132 -9.911705 14.640775
vn 0.321575 -0.944113 0.072389
v 37.843132 -9.911705 14.640775
vn 0.321575 -0.944113 0.072389
v 37.386246 -10.065162 14.668986
vn 0.321575 -0.944113 0.072389
v 37.383644 -10.102611 14.192114
vn 0.322359 -0.943913 0.071502
v 37.843132 -9.911705 14.640775
vn 0.322359 -0.943913 0.071502
v 37.383644 -10.102611 14.192114
vn 0.322359 -0.943913 0.071502
v 37.840248 -9.946657 14.192356
vn 0.964534 -0.263923 -0.004393
v 36.925873 -10.919549 14.186351
vn 0.964534 -0.263923 -0.004393
v 36.861130 -10.681790 -14.312412
vn 0.964534 -0.263923 -0.004393
v 37.053226 -10.454171 14.189912
vn 0.964503 -0.264034 -0.004392
v 37.053226 -10.454171 14.189912
vn 0.964503 -0.264034 -0.004392
v 36.861130 -10.681790 -14.312412
vn 0.964503 -0.264034 -0.004392
v 36.988480 -10.216648 -14.308986
vn 0.728681 -0.684814 -0.007363
v 37.053226 -10.454171 14.189912
vn 0.728681 -0.684814 -0.007363
v 36.988480 -10.216648 -14.308986
vn 0.728681 -0.684814 -0.007363
v 37.383644 -10.102611 14.192114
vn 0.728836 -0.684649 -0.007366
v 37.383644 -10.102611 14.192114
vn 0.728836 -0.684649 -0.007366
v 36.988480 -10.216648 -14.308986
vn 0.728836 -0.684649 -0.007366
v 37.318905 -9.864922 -14.306649
vn 0.323212 -0.946287 -0.008627
v 37.383644 -10.102611 14.192114
vn 0.323212 -0.946287 -0.008627
v 37.318905 -9.864922 -14.306649
vn 0.323212 -0.946287 -0.008627
v 37.840248 -9.946657 14.192356
vn 0.322902 -0.946393 -0.008621
v 37.840248 -9.946657 14.192356
vn 0.322902 -0.946393 -0.008621
v 37.318905 -9.864922 -14.306649
vn 0.322902 -0.946393 -0.008621
v 37.775505 -9.709134 -14.306541
vn 0.727507 -0.683018 -0.064963
v 37.318905 -9.864922 -14.306649
vn 0.727507 -0.683018 -0.064963
v 36.988480 -10.216648 -14.308986
vn 0.727507 -0.683018 -0.064963
v 36.988491 -10.165496 -14.846673
vn 0.622812 -0.365877 -0.691548
v 37.149414 -8.061830 -17.091457
vn 0.622812 -0.365877 -0.691548
v 37.383904 -8.094056 -16.863226
vn 0.622812 -0.365877 -0.691548
v 37.365166 -8.526792 -16.651154
vn 0.668804 -0.201551 -0.715597
v 37.149414 -8.061830 -17.091457
vn 0.668804 -0.201551 -0.715597
v 37.267769 -7.679420 -17.088547
vn 0.668804 -0.201551 -0.715597
v 37.383904 -8.094056 -16.863226
vn 0.582601 -0.256011 -0.771385
v 37.383904 -8.094056 -16.863226
vn 0.582601 -0.256011 -0.771385
v 37.267769 -7.679420 -17.088547
vn 0.582601 -0.256011 -0.771385
v 37.404537 -7.660607 -16.991497
vn 0.436604 -0.274340 -0.856805
v 37.383904 -8.094056 -16.863226
vn 0.436604 -0.274340 -0.856805
v 37.404537 -7.660607 -16.991497
vn 0.436604 -0.274340 -0.856805
v 37.556465 -7.647485 -16.918280
vn 0.321209 -0.942796 -0.089224
v 37.775505 -9.709134 -14.306541
vn 0.321209 -0.942796 -0.089224
v 37.319096 -9.819555 -14.782857
vn 0.321209 -0.942796 -0.089224
v 37.776367 -9.666471 -14.754247
vn 0.321517 -0.914470 -0.245705
v 37.776367 -9.666471 -14.754247
vn 0.321517 -0.914470 -0.245705
v 37.319096 -9.819555 -14.782857
vn 0.321517 -0.914470 -0.245705
v 37.322369 -9.698977 -15.227344
vn 0.319174 -0.915918 -0.243357
v 37.776367 -9.666471 -14.754247
vn 0.319174 -0.915918 -0.243357
v 37.322369 -9.698977 -15.227344
vn 0.319174 -0.915918 -0.243357
v 37.780769 -9.553844 -15.172362
vn 0.319994 -0.860634 -0.396122
v 37.780769 -9.553844 -15.172362
vn 0.319994 -0.860634 -0.396122
v 37.322369 -9.698977 -15.227344
vn 0.319994 -0.860634 -0.396122
v 37.328781 -9.496811 -15.661400
vn 0.315624 -0.863916 -0.392467
v 37.780769 -9.553844 -15.172362
vn 0.315624 -0.863916 -0.392467
v 37.328781 -9.496811 -15.661400
vn 0.315624 -0.863916 -0.392467
v 37.789139 -9.365031 -15.581254
vn 0.317295 -0.783536 -0.534224
v 37.789139 -9.365031 -15.581254
vn 0.317295 -0.783536 -0.534224
v 37.328781 -9.496811 -15.661400
vn 0.317295 -0.783536 -0.534224
v 37.338097 -9.235354 -16.039339
vn 0.312186 -0.788112 -0.530490
v 37.789139 -9.365031 -15.581254
vn 0.312186 -0.788112 -0.530490
v 37.338097 -9.235354 -16.039339
vn 0.312186 -0.788112 -0.530490
v 37.800877 -9.120173 -15.938114
vn 0.314231 -0.683686 -0.658660
v 37.800877 -9.120173 -15.938114
vn 0.314231 -0.683686 -0.658660
v 37.338097 -9.235354 -16.039339
vn 0.314231 -0.683686 -0.658660
v 37.350574 -8.899472 -16.382029
vn 0.306510 -0.691121 -0.654525
v 37.800877 -9.120173 -15.938114
vn 0.306510 -0.691121 -0.654525
v 37.350574 -8.899472 -16.382029
vn 0.306510 -0.691121 -0.654525
v 37.817215 -8.805465 -16.262770
vn 0.309311 -0.564660 -0.765170
v 37.817215 -8.805465 -16.262770
vn 0.309311 -0.564660 -0.765170
v 37.350574 -8.899472 -16.382029
vn 0.309311 -0.564660 -0.765170
v 37.365166 -8.526792 -16.651154
vn 0.299343 -0.575298 -0.761200
v 37.817215 -8.805465 -16.262770
vn 0.299343 -0.575298 -0.761200
v 37.365166 -8.526792 -16.651154
vn 0.299343 -0.575298 -0.761200
v 37.836617 -8.455845 -16.519375
vn 0.302481 -0.429982 -0.850659
v 37.836617 -8.455845 -16.519375
vn 0.302481 -0.429982 -0.850659
v 37.365166 -8.526792 -16.651154
vn 0.302481 -0.429982 -0.850659
v 37.383904 -8.094056 -16.863226
vn 0.289255 -0.444037 -0.848035
v 37.836617 -8.455845 -16.519375
vn 0.289255 -0.444037 -0.848035
v 37.383904 -8.094056 -16.863226
vn 0.289255 -0.444037 -0.848035
v 37.861847 -8.048820 -16.723890
vn 0.292324 -0.227472 -0.928872
v 37.861847 -8.048820 -16.723890
vn 0.292324 -0.227472 -0.928872
v 37.383904 -8.094056 -16.863226
vn 0.292324 -0.227472 -0.928872
v 37.556465 -7.647485 -16.918280
vn 0.195859 -0.302743 -0.932730
v 37.861847 -8.048820 -16.723890
vn 0.195859 -0.302743 -0.932730
v 37.556465 -7.647485 -16.918280
vn 0.195859 -0.302743 -0.932730
v 37.890293 -7.639888 -16.850647
vn 0.321630 -0.942610 -0.089671
v 37.775505 -9.709134 -14.306541
vn 0.321630 -0.942610 -0.089671
v 37.318905 -9.864922 -14.306649
vn 0.321630 -0.942610 -0.089671
v 37.319096 -9.819555 -14.782857
vn 0.727374 -0.683176 -0.064793
v 37.319096 -9.819555 -14.782857
vn 0.727374 -0.683176 -0.064793
v 37.318905 -9.864922 -14.306649
vn 0.727374 -0.683176 -0.064793
v 36.988491 -10.165496 -14.846673
vn 0.727735 -0.663271 -0.174568
v 37.319096 -9.819555 -14.782857
vn 0.727735 -0.663271 -0.174568
v 36.988491 -10.165496 -14.846673
vn 0.727735 -0.663271 -0.174568
v 37.322369 -9.698977 -15.227344
vn 0.726594 -0.664015 -0.176480
v 37.322369 -9.698977 -15.227344
vn 0.726594 -0.664015 -0.176480
v 36.988491 -10.165496 -14.846673
vn 0.726594 -0.664015 -0.176480
v 36.990887 -10.029509 -15.348454
vn 0.727177 -0.626313 -0.280971
v 37.322369 -9.698977 -15.227344
vn 0.727177 -0.626313 -0.280971
v 36.990887 -10.029509 -15.348454
vn 0.727177 -0.626313 -0.280971
v 37.328781 -9.496811 -15.661400
vn 0.725529 -0.626941 -0.283819
v 37.328781 -9.496811 -15.661400
vn 0.725529 -0.626941 -0.283819
v 36.990887 -10.029509 -15.348454
vn 0.725529 -0.626941 -0.283819
v 36.995770 -9.801897 -15.838759
vn 0.726738 -0.573164 -0.378596
v 37.328781 -9.496811 -15.661400
vn 0.726738 -0.573164 -0.378596
v 36.995770 -9.801897 -15.838759
vn 0.726738 -0.573164 -0.378596
v 37.338097 -9.235354 -16.039339
vn 0.724007 -0.573288 -0.383608
v 37.338097 -9.235354 -16.039339
vn 0.724007 -0.573288 -0.383608
v 36.995770 -9.801897 -15.838759
vn 0.724007 -0.573288 -0.383608
v 37.002728 -9.507298 -16.265894
vn 0.725413 -0.504591 -0.468149
v 37.338097 -9.235354 -16.039339
vn 0.725413 -0.504591 -0.468149
v 37.002728 -9.507298 -16.265894
vn 0.725413 -0.504591 -0.468149
v 37.350574 -8.899472 -16.382029
vn 0.721997 -0.503801 -0.474241
v 37.350574 -8.899472 -16.382029
vn 0.721997 -0.503801 -0.474241
v 37.002728 -9.507298 -16.265894
vn 0.721997 -0.503801 -0.474241
v 37.012222 -9.128838 -16.653486
vn 0.723931 -0.422282 -0.545530
v 37.350574 -8.899472 -16.382029
vn 0.723931 -0.422282 -0.545530
v 37.012222 -9.128838 -16.653486
vn 0.723931 -0.422282 -0.545530
v 37.365166 -8.526792 -16.651154
vn 0.719865 -0.419870 -0.552724
v 37.365166 -8.526792 -16.651154
vn 0.719865 -0.419870 -0.552724
v 37.012222 -9.128838 -16.653486
vn 0.719865 -0.419870 -0.552724
v 37.023010 -8.708948 -16.958399
vn 0.719061 -0.271952 -0.639525
v 37.365166 -8.526792 -16.651154
vn 0.719061 -0.271952 -0.639525
v 37.023010 -8.708948 -16.958399
vn 0.719061 -0.271952 -0.639525
v 37.149414 -8.061830 -17.091457
vn 0.901773 -0.248812 -0.353408
v 37.149414 -8.061830 -17.091457
vn 0.901773 -0.248812 -0.353408
v 37.023010 -8.708948 -16.958399
vn 0.901773 -0.248812 -0.353408
v 36.961723 -8.735023 -17.096428
vn 0.915819 -0.113615 -0.385184
v 36.961723 -8.735023 -17.096428
vn 0.915819 -0.113615 -0.385184
v 37.023010 -8.708948 -16.958399
vn 0.915819 -0.113615 -0.385184
v 36.885700 -9.331316 -17.101295
vn 0.965923 -0.167876 -0.197002
v 36.885700 -9.331316 -17.101295
vn 0.965923 -0.167876 -0.197002
v 37.023010 -8.708948 -16.958399
vn 0.965923 -0.167876 -0.197002
v 37.012222 -9.128838 -16.653486
vn 0.964939 -0.179562 -0.191440
v 36.885700 -9.331316 -17.101295
vn 0.964939 -0.179562 -0.191440
v 37.012222 -9.128838 -16.653486
vn 0.964939 -0.179562 -0.191440
v 36.883537 -9.438357 -17.011805
vn 0.964251 -0.201019 -0.172659
v 36.883537 -9.438357 -17.011805
vn 0.964251 -0.201019 -0.172659
v 37.012222 -9.128838 -16.653486
vn 0.964251 -0.201019 -0.172659
v 37.002728 -9.507298 -16.265894
vn 0.964805 -0.198469 -0.172512
v 36.883537 -9.438357 -17.011805
vn 0.964805 -0.198469 -0.172512
v 37.002728 -9.507298 -16.265894
vn 0.964805 -0.198469 -0.172512
v 36.874569 -9.871282 -16.563887
vn 0.964256 -0.225206 -0.139618
v 36.874569 -9.871282 -16.563887
vn 0.964256 -0.225206 -0.139618
v 37.002728 -9.507298 -16.265894
vn 0.964256 -0.225206 -0.139618
v 36.995770 -9.801897 -15.838759
vn 0.964624 -0.223481 -0.139844
v 36.874569 -9.871282 -16.563887
vn 0.964624 -0.223481 -0.139844
v 36.995770 -9.801897 -15.838759
vn 0.964624 -0.223481 -0.139844
v 36.867897 -10.208197 -16.071495
vn 0.964202 -0.244053 -0.103698
v 36.867897 -10.208197 -16.071495
vn 0.964202 -0.244053 -0.103698
v 36.995770 -9.801897 -15.838759
vn 0.964202 -0.244053 -0.103698
v 36.990887 -10.029509 -15.348454
vn 0.964409 -0.243119 -0.103964
v 36.867897 -10.208197 -16.071495
vn 0.964409 -0.243119 -0.103964
v 36.990887 -10.029509 -15.348454
vn 0.964409 -0.243119 -0.103964
v 36.863174 -10.468216 -15.507264
vn 0.964183 -0.257131 -0.065075
v 36.863174 -10.468216 -15.507264
vn 0.964183 -0.257131 -0.065075
v 36.990887 -10.029509 -15.348454
vn 0.964183 -0.257131 -0.065075
v 36.988491 -10.165496 -14.846673
vn 0.964301 -0.256623 -0.065330
v 36.863174 -10.468216 -15.507264
vn 0.964301 -0.256623 -0.065330
v 36.988491 -10.165496 -14.846673
vn 0.964301 -0.256623 -0.065330
v 36.860950 -10.623430 -14.930397
vn 0.964209 -0.263954 -0.025091
v 36.860950 -10.623430 -14.930397
vn 0.964209 -0.263954 -0.025091
v 36.988491 -10.165496 -14.846673
vn 0.964209 -0.263954 -0.025091
v 36.988480 -10.216648 -14.308986
vn 0.964246 -0.263810 -0.025192
v 36.860950 -10.623430 -14.930397
vn 0.964246 -0.263810 -0.025192
v 36.988480 -10.216648 -14.308986
vn 0.964246 -0.263810 -0.025192
v 36.861130 -10.681790 -14.312412
vn 0.348110 -0.112579 -0.930669
v 37.717243 -6.288879 -17.078005
vn 0.348110 -0.112579 -0.930669
v 37.587635 -6.695092 -17.077345
vn 0.348110 -0.112579 -0.930669
v 37.577148 -6.697061 -17.081030
vn -0.017209 0.002303 -0.999849
v 37.974842 -5.555620 -17.072439
vn -0.017209 0.002303 -0.999849
v 37.968254 -5.689717 -17.072636
vn -0.017209 0.002303 -0.999849
v 37.968395 -5.573881 -17.072371
vn 0.354393 -0.165316 -0.920368
v 37.587635 -6.695092 -17.077345
vn 0.354393 -0.165316 -0.920368
v 37.556465 -7.647485 -16.918280
vn 0.354393 -0.165316 -0.920368
v 37.577148 -6.697061 -17.081030
vn 0.439721 -0.160878 -0.883608
v 37.577148 -6.697061 -17.081030
vn 0.439721 -0.160878 -0.883608
v 37.556465 -7.647485 -16.918280
vn 0.439721 -0.160878 -0.883608
v 37.404537 -7.660607 -16.991497
vn 0.585632 -0.178384 -0.790705
v 37.577148 -6.697061 -17.081030
vn 0.585632 -0.178384 -0.790705
v 37.404537 -7.660607 -16.991497
vn 0.585632 -0.178384 -0.790705
v 37.267769 -7.679420 -17.088547
vn 0.015986 0.002264 -0.999870
v 37.968395 -5.573881 -17.072371
vn 0.015986 0.002264 -0.999870
v 37.968254 -5.689717 -17.072636
vn 0.015986 0.002264 -0.999870
v 37.717243 -6.288879 -17.078005
vn 0.181859 -0.067396 -0.981012
v 37.717243 -6.288879 -17.078005
vn 0.181859 -0.067396 -0.981012
v 37.968254 -5.689717 -17.072636
vn 0.181859 -0.067396 -0.981012
v 37.924568 -6.695320 -17.011648
vn 0.190967 -0.062520 -0.979604
v 37.717243 -6.288879 -17.078005
vn 0.190967 -0.062520 -0.979604
v 37.924568 -6.695320 -17.011648
vn 0.190967 -0.062520 -0.979604
v 37.587635 -6.695092 -17.077345
vn 0.188429 -0.171657 -0.966969
v 37.587635 -6.695092 -17.077345
vn 0.188429 -0.171657 -0.966969
v 37.924568 -6.695320 -17.011648
vn 0.188429 -0.171657 -0.966969
v 37.890293 -7.639888 -16.850647
vn 0.199415 -0.167773 -0.965446
v 37.587635 -6.695092 -17.077345
vn 0.199415 -0.167773 -0.965446
v 37.890293 -7.639888 -16.850647
vn 0.199415 -0.167773 -0.965446
v 37.556465 -7.647485 -16.918280
vn 0.786486 0.612237 -0.081268
v 31.376291 7.088786 -15.390867
vn 0.786486 0.612237 -0.081268
v 31.589239 6.832973 -15.257195
vn 0.786486 0.612237 -0.081268
v 31.517017 6.834055 -15.947987
vn 0.787075 0.611472 -0.081331
v 31.517017 6.834055 -15.947987
vn 0.787075 0.611472 -0.081331
v 31.589239 6.832973 -15.257195
vn 0.787075 0.611472 -0.081331
v 31.940523 6.260485 -16.161818
vn 0.695216 0.637280 -0.332490
v 31.517017 6.834055 -15.947987
vn 0.695216 0.637280 -0.332490
v 31.940523 6.260485 -16.161818
vn 0.695216 0.637280 -0.332490
v 31.884283 6.297079 -16.209274
vn 0.663898 0.707971 -0.240866
v 31.884283 6.297079 -16.209274
vn 0.663898 0.707971 -0.240866
v 31.940523 6.260485 -16.161818
vn 0.663898 0.707971 -0.240866
v 32.247242 5.900568 -16.374308
vn 0.515056 0.726186 -0.455379
v 32.223675 6.150730 -16.002031
vn 0.515056 0.726186 -0.455379
v 32.620373 5.557238 -16.499779
vn 0.515056 0.726186 -0.455379
v 32.247242 5.900568 -16.374308
vn 0.186524 0.484440 -0.854708
v 33.670845 4.739920 -16.737898
vn 0.186524 0.484440 -0.854708
v 33.658989 4.748650 -16.735538
vn 0.186524 0.484440 -0.854708
v 33.129597 5.451573 -16.452660
vn 0.200408 0.491903 -0.847271
v 33.129597 5.451573 -16.452660
vn 0.200408 0.491903 -0.847271
v 33.658989 4.748650 -16.735538
vn 0.200408 0.491903 -0.847271
v 33.214283 5.079501 -16.648643
vn 0.776534 0.629215 -0.032924
v 31.376291 7.088786 -15.390867
vn 0.776534 0.629215 -0.032924
v 31.258539 7.299038 -14.149969
vn 0.776534 0.629215 -0.032924
v 31.589239 6.832973 -15.257195
vn 0.780004 0.625049 -0.030134
v 31.589239 6.832973 -15.257195
vn 0.780004 0.625049 -0.030134
v 31.258539 7.299038 -14.149969
vn 0.780004 0.625049 -0.030134
v 31.475677 7.027935 -14.152730
vn 0.590270 0.803124 -0.081077
v 31.589239 6.832973 -15.257195
vn 0.590270 0.803124 -0.081077
v 31.475677 7.027935 -14.152730
vn 0.590270 0.803124 -0.081077
v 31.616055 6.924646 -14.153887
vn 0.531708 0.718157 -0.448930
v 32.247242 5.900568 -16.374308
vn 0.531708 0.718157 -0.448930
v 31.940523 6.260485 -16.161818
vn 0.531708 0.718157 -0.448930
v 32.223675 6.150730 -16.002031
vn 0.493915 0.808532 -0.319881
v 32.223675 6.150730 -16.002031
vn 0.493915 0.808532 -0.319881
v 31.940523 6.260485 -16.161818
vn 0.493915 0.808532 -0.319881
v 31.589239 6.832973 -15.257195
vn 0.538111 0.797680 -0.272294
v 32.223675 6.150730 -16.002031
vn 0.538111 0.797680 -0.272294
v 31.589239 6.832973 -15.257195
vn 0.538111 0.797680 -0.272294
v 31.887442 6.671666 -15.140431
vn 0.499294 0.862372 -0.083788
v 31.887442 6.671666 -15.140431
vn 0.499294 0.862372 -0.083788
v 31.589239 6.832973 -15.257195
vn 0.499294 0.862372 -0.083788
v 31.616055 6.924646 -14.153887
vn 0.441292 0.890953 -0.107073
v 31.887442 6.671666 -15.140431
vn 0.441292 0.890953 -0.107073
v 31.616055 6.924646 -14.153887
vn 0.441292 0.890953 -0.107073
v 31.772024 6.847272 -14.154898
vn 0.187139 0.490811 -0.850931
v 33.214283 5.079501 -16.648643
vn 0.187139 0.490811 -0.850931
v 33.010540 5.236934 -16.602644
vn 0.187139 0.490811 -0.850931
v 33.129597 5.451573 -16.452660
vn 0.183159 0.492814 -0.850639
v 33.129597 5.451573 -16.452660
vn 0.183159 0.492814 -0.850639
v 33.010540 5.236934 -16.602644
vn 0.183159 0.492814 -0.850639
v 32.848713 5.366276 -16.562555
vn 0.116043 0.618830 -0.776906
v 33.129597 5.451573 -16.452660
vn 0.116043 0.618830 -0.776906
v 32.848713 5.366276 -16.562555
vn 0.116043 0.618830 -0.776906
v 32.870014 5.792203 -16.220110
vn 0.287439 0.591379 -0.753425
v 32.870014 5.792203 -16.220110
vn 0.287439 0.591379 -0.753425
v 32.848713 5.366276 -16.562555
vn 0.287439 0.591379 -0.753425
v 32.620373 5.557238 -16.499779
vn 0.078761 0.727529 -0.681541
v 32.870014 5.792203 -16.220110
vn 0.078761 0.727529 -0.681541
v 32.620373 5.557238 -16.499779
vn 0.078761 0.727529 -0.681541
v 32.583263 6.168062 -15.852027
vn 0.240380 0.713045 -0.658623
v 32.583263 6.168062 -15.852027
vn 0.240380 0.713045 -0.658623
v 32.620373 5.557238 -16.499779
vn 0.240380 0.713045 -0.658623
v 32.223675 6.150730 -16.002031
vn 0.157997 0.863730 -0.478547
v 32.583263 6.168062 -15.852027
vn 0.157997 0.863730 -0.478547
v 32.223675 6.150730 -16.002031
vn 0.157997 0.863730 -0.478547
v 32.311638 6.523078 -15.300939
vn 0.124000 0.869827 -0.477520
v 32.311638 6.523078 -15.300939
vn 0.124000 0.869827 -0.477520
v 32.223675 6.150730 -16.002031
vn 0.124000 0.869827 -0.477520
v 31.887442 6.671666 -15.140431
vn 0.202126 0.924901 -0.322029
v 32.311638 6.523078 -15.300939
vn 0.202126 0.924901 -0.322029
v 31.887442 6.671666 -15.140431
vn 0.202126 0.924901 -0.322029
v 32.232708 6.625735 -15.055637
vn 0.167346 0.973809 -0.153919
v 32.232708 6.625735 -15.055637
vn 0.167346 0.973809 -0.153919
v 31.887442 6.671666 -15.140431
vn 0.167346 0.973809 -0.153919
v 31.772024 6.847272 -14.154898
vn 0.194020 0.971015 -0.139589
v 32.232708 6.625735 -15.055637
vn 0.194020 0.971015 -0.139589
v 31.772024 6.847272 -14.154898
vn 0.194020 0.971015 -0.139589
v 32.112808 6.778989 -14.156222
vn 0.780521 0.625121 0.003429
v 31.258539 7.299038 -14.149969
vn 0.780521 0.625121 0.003429
v 31.323460 7.061646 14.348808
vn 0.780521 0.625121 0.003429
v 31.475677 7.027935 -14.152730
vn 0.780909 0.624635 0.003432
v 31.475677 7.027935 -14.152730
vn 0.780909 0.624635 0.003432
v 31.323460 7.061646 14.348808
vn 0.780909 0.624635 0.003432
v 31.540424 6.790414 14.346164
vn 0.592675 0.805424 0.005366
v 31.475677 7.027935 -14.152730
vn 0.592675 0.805424 0.005366
v 31.540424 6.790414 14.346164
vn 0.592675 0.805424 0.005366
v 31.616055 6.924646 -14.153887
vn 0.592659 0.805436 0.005366
v 31.616055 6.924646 -14.153887
vn 0.592659 0.805436 0.005366
v 31.540424 6.790414 14.346164
vn 0.592659 0.805436 0.005366
v 31.680784 6.687142 14.344767
vn 0.444429 0.895791 0.006456
v 31.616055 6.924646 -14.153887
vn 0.444429 0.895791 0.006456
v 31.680784 6.687142 14.344767
vn 0.444429 0.895791 0.006456
v 31.772024 6.847272 -14.154898
vn 0.444182 0.895913 0.006456
v 31.772024 6.847272 -14.154898
vn 0.444182 0.895913 0.006456
v 31.680784 6.687142 14.344767
vn 0.444182 0.895913 0.006456
v 31.836771 6.609812 14.344001
vn 0.196488 0.980476 0.007723
v 31.772024 6.847272 -14.154898
vn 0.196488 0.980476 0.007723
v 31.836771 6.609812 14.344001
vn 0.196488 0.980476 0.007723
v 32.112808 6.778989 -14.156222
vn 0.196647 0.980444 0.007725
v 32.112808 6.778989 -14.156222
vn 0.196647 0.980444 0.007725
v 31.836771 6.609812 14.344001
vn 0.196647 0.980444 0.007725
v 32.177551 6.541472 14.342613
vn 0.749484 0.603700 0.271700
v 31.589867 6.566629 16.137739
vn 0.749484 0.603700 0.271700
v 31.810186 6.218151 16.304281
vn 0.749484 0.603700 0.271700
v 31.904865 6.141727 16.212919
vn 0.255469 0.530395 0.808342
v 33.735115 4.468415 16.880962
vn 0.255469 0.530395 0.808342
v 33.747116 4.459747 16.882856
vn 0.255469 0.530395 0.808342
v 33.087379 5.331049 16.519655
vn 0.231692 0.527165 0.817567
v 32.737465 5.244967 16.674322
vn 0.231692 0.527165 0.817567
v 32.921455 5.091291 16.721272
vn 0.231692 0.527165 0.817567
v 33.087379 5.331049 16.519655
vn 0.235355 0.524949 0.817947
v 33.087379 5.331049 16.519655
vn 0.235355 0.524949 0.817947
v 32.921455 5.091291 16.721272
vn 0.235355 0.524949 0.817947
v 33.294445 4.797653 16.802401
vn 0.249160 0.527321 0.812313
v 33.087379 5.331049 16.519655
vn 0.249160 0.527321 0.812313
v 33.294445 4.797653 16.802401
vn 0.249160 0.527321 0.812313
v 33.735115 4.468415 16.880962
vn 0.538830 0.727516 0.424716
v 32.684502 5.290542 16.659805
vn 0.538830 0.727516 0.424716
v 32.205162 6.026313 16.007601
vn 0.538830 0.727516 0.424716
v 32.321754 5.626218 16.545019
vn 0.559022 0.718582 0.413684
v 32.321754 5.626218 16.545019
vn 0.559022 0.718582 0.413684
v 32.205162 6.026313 16.007601
vn 0.559022 0.718582 0.413684
v 31.904865 6.141727 16.212919
vn 0.686549 0.694292 0.215892
v 32.321754 5.626218 16.545019
vn 0.686549 0.694292 0.215892
v 31.904865 6.141727 16.212919
vn 0.686549 0.694292 0.215892
v 31.876623 6.128946 16.343830
vn 0.732733 0.643662 0.220913
v 31.876623 6.128946 16.343830
vn 0.732733 0.643662 0.220913
v 31.904865 6.141727 16.212919
vn 0.732733 0.643662 0.220913
v 31.810186 6.218151 16.304281
vn 0.786258 0.612722 0.079810
v 31.589867 6.566629 16.137739
vn 0.786258 0.612722 0.079810
v 31.608824 6.666245 15.186196
vn 0.786258 0.612722 0.079810
v 31.394760 6.927157 15.291978
vn 0.778556 0.626893 0.029269
v 31.394760 6.927157 15.291978
vn 0.778556 0.626893 0.029269
v 31.608824 6.666245 15.186196
vn 0.778556 0.626893 0.029269
v 31.540424 6.790414 14.346164
vn 0.780689 0.624200 0.029987
v 31.394760 6.927157 15.291978
vn 0.780689 0.624200 0.029987
v 31.540424 6.790414 14.346164
vn 0.780689 0.624200 0.029987
v 31.323460 7.061646 14.348808
vn 0.178939 0.976374 0.121139
v 32.249084 6.443581 15.025954
vn 0.178939 0.976374 0.121139
v 32.177551 6.541472 14.342613
vn 0.178939 0.976374 0.121139
v 31.906097 6.498038 15.093671
vn 0.195530 0.972452 0.126908
v 31.906097 6.498038 15.093671
vn 0.195530 0.972452 0.126908
v 32.177551 6.541472 14.342613
vn 0.195530 0.972452 0.126908
v 31.836771 6.609812 14.344001
vn 0.509740 0.856548 0.080570
v 31.906097 6.498038 15.093671
vn 0.509740 0.856548 0.080570
v 31.836771 6.609812 14.344001
vn 0.509740 0.856548 0.080570
v 31.608824 6.666245 15.186196
vn 0.443599 0.894205 0.060145
v 31.608824 6.666245 15.186196
vn 0.443599 0.894205 0.060145
v 31.836771 6.609812 14.344001
vn 0.443599 0.894205 0.060145
v 31.680784 6.687142 14.344767
vn 0.591612 0.803131 0.070542
v 31.608824 6.666245 15.186196
vn 0.591612 0.803131 0.070542
v 31.680784 6.687142 14.344767
vn 0.591612 0.803131 0.070542
v 31.540424 6.790414 14.346164
vn 0.230998 0.528633 0.816815
v 32.737465 5.244967 16.674322
vn 0.230998 0.528633 0.816815
v 33.087379 5.331049 16.519655
vn 0.230998 0.528633 0.816815
v 32.684502 5.290542 16.659805
vn 0.188090 0.656561 0.730444
v 32.684502 5.290542 16.659805
vn 0.188090 0.656561 0.730444
v 33.087379 5.331049 16.519655
vn 0.188090 0.656561 0.730444
v 32.943058 5.521973 16.385204
vn 0.119305 0.700989 0.703122
v 32.684502 5.290542 16.659805
vn 0.119305 0.700989 0.703122
v 32.943058 5.521973 16.385204
vn 0.119305 0.700989 0.703122
v 32.205162 6.026313 16.007601
vn 0.226469 0.774030 0.591261
v 32.205162 6.026313 16.007601
vn 0.226469 0.774030 0.591261
v 32.943058 5.521973 16.385204
vn 0.226469 0.774030 0.591261
v 32.559856 6.029296 15.867837
vn 0.172691 0.872602 0.456884
v 32.205162 6.026313 16.007601
vn 0.172691 0.872602 0.456884
v 32.559856 6.029296 15.867837
vn 0.172691 0.872602 0.456884
v 32.382030 6.265911 15.483139
vn 0.794089 0.602657 0.078913
v 31.589867 6.566629 16.137739
vn 0.794089 0.602657 0.078913
v 31.904865 6.141727 16.212919
vn 0.794089 0.602657 0.078913
v 31.608824 6.666245 15.186196
vn 0.502508 0.820000 0.274019
v 31.608824 6.666245 15.186196
vn 0.502508 0.820000 0.274019
v 31.904865 6.141727 16.212919
vn 0.502508 0.820000 0.274019
v 32.205162 6.026313 16.007601
vn 0.533918 0.809788 0.243260
v 31.608824 6.666245 15.186196
vn 0.533918 0.809788 0.243260
v 32.205162 6.026313 16.007601
vn 0.533918 0.809788 0.243260
v 31.906097 6.498038 15.093671
vn 0.079985 0.896192 0.436397
v 31.906097 6.498038 15.093671
vn 0.079985 0.896192 0.436397
v 32.205162 6.026313 16.007601
vn 0.079985 0.896192 0.436397
v 32.382030 6.265911 15.483139
vn 0.207277 0.930693 0.301409
v 31.906097 6.498038 15.093671
vn 0.207277 0.930693 0.301409
v 32.382030 6.265911 15.483139
vn 0.207277 0.930693 0.301409
v 32.249084 6.443581 15.025954
vn -0.022969 -0.992256 0.122066
v 30.388231 -12.635829 15.986937
vn -0.022969 -0.992256 0.122066
v 36.886200 -12.788216 15.970923
vn -0.022969 -0.992256 0.122066
v 30.389616 -12.604013 16.245823
vn -0.016834 -0.967910 0.250734
v 30.389616 -12.604013 16.245823
vn -0.016834 -0.967910 0.250734
v 36.886200 -12.788216 15.970923
vn -0.016834 -0.967910 0.250734
v 36.890705 -12.658481 16.472042
vn -0.020810 -0.926836 0.374890
v 30.389616 -12.604013 16.245823
vn -0.020810 -0.926836 0.374890
v 36.890705 -12.658481 16.472042
vn -0.020810 -0.926836 0.374890
v 30.392492 -12.506093 16.488070
vn -0.017344 -0.802335 0.596622
v 30.392492 -12.506093 16.488070
vn -0.017344 -0.802335 0.596622
v 36.890705 -12.658481 16.472042
vn -0.017344 -0.802335 0.596622
v 30.396414 -12.359717 16.685030
vn -0.009795 -0.712845 0.701253
v 30.396414 -12.359717 16.685030
vn -0.009795 -0.712845 0.701253
v 36.890705 -12.658481 16.472042
vn -0.009795 -0.712845 0.701253
v 36.899899 -12.295599 16.841051
vn -0.012297 -0.634101 0.773152
v 30.396414 -12.359717 16.685030
vn -0.012297 -0.634101 0.773152
v 36.899899 -12.295599 16.841051
vn -0.012297 -0.634101 0.773152
v 30.401285 -12.169795 16.840872
vn -0.000198 -0.113201 0.993572
v 30.367672 -11.643585 16.995325
vn -0.000198 -0.113201 0.993572
v 30.375265 -11.849425 16.971874
vn -0.000198 -0.113201 0.993572
v 36.912163 -11.797122 16.979137
vn 0.000950 -0.253106 0.967438
v 36.912163 -11.797122 16.979137
vn 0.000950 -0.253106 0.967438
v 30.375265 -11.849425 16.971874
vn 0.000950 -0.253106 0.967438
v 30.384043 -11.934962 16.949488
vn 0.001261 -0.266993 0.963698
v 36.912163 -11.797122 16.979137
vn 0.001261 -0.266993 0.963698
v 30.384043 -11.934962 16.949488
vn 0.001261 -0.266993 0.963698
v 36.899899 -12.295599 16.841051
vn -0.006669 -0.396527 0.917999
v 36.899899 -12.295599 16.841051
vn -0.006669 -0.396527 0.917999
v 30.384043 -11.934962 16.949488
vn -0.006669 -0.396527 0.917999
v 30.400764 -12.124873 16.867579
vn -0.009917 -0.511079 0.859476
v 36.899899 -12.295599 16.841051
vn -0.009917 -0.511079 0.859476
v 30.400764 -12.124873 16.867579
vn -0.009917 -0.511079 0.859476
v 30.401285 -12.169795 16.840872
vn -0.013786 -0.493373 -0.869708
v 30.324221 -11.888201 -16.957823
vn -0.013786 -0.493373 -0.869708
v 30.323906 -11.842775 -16.983587
vn -0.013786 -0.493373 -0.869708
v 36.823017 -12.013675 -16.989662
vn -0.004665 -0.095558 -0.995413
v 30.298143 -11.565858 -17.083603
vn -0.004665 -0.095558 -0.995413
v 30.290482 -11.359385 -17.103388
vn -0.004665 -0.095558 -0.995413
v 36.834686 -11.512938 -17.119318
vn -0.007492 -0.250495 -0.968089
v 36.823017 -12.013675 -16.989662
vn -0.007492 -0.250495 -0.968089
v 30.323906 -11.842775 -16.983587
vn -0.007492 -0.250495 -0.968089
v 36.834686 -11.512938 -17.119318
vn 0.000013 -0.380770 -0.924670
v 36.834686 -11.512938 -17.119318
vn 0.000013 -0.380770 -0.924670
v 30.323906 -11.842775 -16.983587
vn 0.000013 -0.380770 -0.924670
v 30.306782 -11.651256 -17.062454
vn -0.003355 -0.240704 -0.970593
v 36.834686 -11.512938 -17.119318
vn -0.003355 -0.240704 -0.970593
v 30.306782 -11.651256 -17.062454
vn -0.003355 -0.240704 -0.970593
v 30.298143 -11.565858 -17.083603
vn -0.015822 -0.620560 -0.783999
v 30.324221 -11.888201 -16.957823
vn -0.015822 -0.620560 -0.783999
v 36.823017 -12.013675 -16.989662
vn -0.015822 -0.620560 -0.783999
v 30.320349 -12.080635 -16.805428
vn -0.012987 -0.700920 -0.713121
v 30.320349 -12.080635 -16.805428
vn -0.012987 -0.700920 -0.713121
v 36.823017 -12.013675 -16.989662
vn -0.012987 -0.700920 -0.713121
v 36.815243 -12.382845 -16.626665
vn -0.020136 -0.792957 -0.608945
v 30.320349 -12.080635 -16.805428
vn -0.020136 -0.792957 -0.608945
v 36.815243 -12.382845 -16.626665
vn -0.020136 -0.792957 -0.608945
v 30.317333 -12.230148 -16.610634
vn -0.022585 -0.920002 -0.391263
v 30.317333 -12.230148 -16.610634
vn -0.022585 -0.920002 -0.391263
v 36.815243 -12.382845 -16.626665
vn -0.022585 -0.920002 -0.391263
v 30.315491 -12.332301 -16.370329
vn -0.018018 -0.963566 -0.266864
v 30.315491 -12.332301 -16.370329
vn -0.018018 -0.963566 -0.266864
v 36.815243 -12.382845 -16.626665
vn -0.018018 -0.963566 -0.266864
v 36.813511 -12.520968 -16.127831
vn -0.023571 -0.990057 -0.138677
v 30.315491 -12.332301 -16.370329
vn -0.023571 -0.990057 -0.138677
v 36.813511 -12.520968 -16.127831
vn -0.023571 -0.990057 -0.138677
v 30.315302 -12.368509 -16.111797
vn 0.022990 0.945863 0.323749
v 28.946276 11.770475 10.328045
vn 0.022990 0.945863 0.323749
v 9.451695 12.227839 10.376143
vn 0.022990 0.945863 0.323749
v 9.440562 11.539504 12.387969
vn 0.022993 0.945853 0.323780
v 28.946276 11.770475 10.328045
vn 0.022993 0.945853 0.323780
v 9.440562 11.539504 12.387969
vn 0.022993 0.945853 0.323780
v 28.934961 11.082070 12.339877
vn 0.021218 0.848698 0.528453
v 28.934961 11.082070 12.339877
vn 0.021218 0.848698 0.528453
v 9.440562 11.539504 12.387969
vn 0.021218 0.848698 0.528453
v 9.418631 10.416145 14.192968
vn 0.021219 0.848692 0.528462
v 28.934961 11.082070 12.339877
vn 0.021219 0.848692 0.528462
v 9.418631 10.416145 14.192968
vn 0.021219 0.848692 0.528462
v 28.913214 9.958579 14.145037
vn 0.018351 0.707894 0.706080
v 28.913214 9.958579 14.145037
vn 0.018351 0.707894 0.706080
v 9.418631 10.416145 14.192968
vn 0.018351 0.707894 0.706080
v 9.387122 8.914922 15.698867
vn 0.018342 0.707965 0.706010
v 28.913214 9.958579 14.145037
vn 0.018342 0.707965 0.706010
v 9.387122 8.914922 15.698867
vn 0.018342 0.707965 0.706010
v 28.881699 8.457802 15.650788
vn 0.014535 0.530722 0.847421
v 28.881699 8.457802 15.650788
vn 0.014535 0.530722 0.847421
v 9.387122 8.914922 15.698867
vn 0.014535 0.530722 0.847421
v 9.347657 7.113656 16.827639
vn 0.014539 0.530684 0.847445
v 28.881699 8.457802 15.650788
vn 0.014539 0.530684 0.847445
v 9.347657 7.113656 16.827639
vn 0.014539 0.530684 0.847445
v 28.842237 6.656286 16.779604
vn 0.009984 0.326266 0.945225
v 28.842237 6.656286 16.779604
vn 0.009984 0.326266 0.945225
v 9.347657 7.113656 16.827639
vn 0.009984 0.326266 0.945225
v 9.302207 5.104226 17.521721
vn 0.009986 0.326241 0.945234
v 28.842237 6.656286 16.779604
vn 0.009986 0.326241 0.945234
v 9.302207 5.104226 17.521721
vn 0.009986 0.326241 0.945234
v 28.796782 4.646860 17.473623
vn 0.004918 0.105039 0.994456
v 28.796782 4.646860 17.473623
vn 0.004918 0.105039 0.994456
v 9.302207 5.104226 17.521721
vn 0.004918 0.105039 0.994456
v 9.253177 2.990227 17.745253
vn 0.004917 0.105044 0.994455
v 28.796782 4.646860 17.473623
vn 0.004917 0.105044 0.994455
v 9.253177 2.990227 17.745253
vn 0.004917 0.105044 0.994455
v 28.747517 2.532861 17.697168
vn 0.002271 -0.008333 0.999963
v 28.509731 -7.603758 17.613234
vn 0.002271 -0.008333 0.999963
v 28.747517 2.532861 17.697168
vn 0.002271 -0.008333 0.999963
v 9.015092 -7.146511 17.661327
vn 0.002271 -0.008332 0.999963
v 9.015092 -7.146511 17.661327
vn 0.002271 -0.008332 0.999963
v 28.747517 2.532861 17.697168
vn 0.002271 -0.008332 0.999963
v 9.253177 2.990227 17.745253
vn -0.002272 0.008333 -0.999963
v 8.935101 -6.852639 -17.597075
vn -0.002272 0.008333 -0.999963
v 9.173067 3.284098 -17.513142
vn -0.002272 0.008333 -0.999963
v 28.429676 -7.310005 -17.645170
vn -0.002272 0.008333 -0.999963
v 28.667645 2.826733 -17.561239
vn 0.000404 0.121587 -0.992581
v 28.667645 2.826733 -17.561239
vn 0.000404 0.121587 -0.992581
v 9.173067 3.284098 -17.513142
vn 0.000404 0.121587 -0.992581
v 9.223154 5.394085 -17.254656
vn 0.000404 0.121590 -0.992580
v 28.667645 2.826733 -17.561239
vn 0.000404 0.121590 -0.992580
v 9.223154 5.394085 -17.254656
vn 0.000404 0.121590 -0.992580
v 28.717787 4.936719 -17.302748
vn 0.005705 0.341970 -0.939693
v 28.717787 4.936719 -17.302748
vn 0.005705 0.341970 -0.939693
v 9.223154 5.394085 -17.254656
vn 0.005705 0.341970 -0.939693
v 9.271870 7.391538 -16.527454
vn 0.005704 0.341961 -0.939697
v 28.717787 4.936719 -17.302748
vn 0.005704 0.341961 -0.939697
v 9.271870 7.391538 -16.527454
vn 0.005704 0.341961 -0.939697
v 28.766201 6.934291 -16.575527
vn 0.010707 0.544653 -0.838593
v 28.766201 6.934291 -16.575527
vn 0.010707 0.544653 -0.838593
v 9.271870 7.391538 -16.527454
vn 0.010707 0.544653 -0.838593
v 9.316561 9.174050 -15.369167
vn 0.010710 0.544670 -0.838582
v 28.766201 6.934291 -16.575527
vn 0.010710 0.544670 -0.838582
v 9.316561 9.174050 -15.369167
vn 0.010710 0.544670 -0.838582
v 28.811136 8.716685 -15.417265
vn 0.015169 0.719562 -0.694263
v 28.811136 8.716685 -15.417265
vn 0.015169 0.719562 -0.694263
v 9.316561 9.174050 -15.369167
vn 0.015169 0.719562 -0.694263
v 9.354923 10.649798 -13.838805
vn 0.015167 0.719549 -0.694276
v 28.811136 8.716685 -15.417265
vn 0.015167 0.719549 -0.694276
v 9.354923 10.649798 -13.838805
vn 0.015167 0.719549 -0.694276
v 28.849495 10.192491 -13.886899
vn 0.018845 0.857437 -0.514243
v 28.849495 10.192491 -13.886899
vn 0.018845 0.857437 -0.514243
v 9.354923 10.649798 -13.838805
vn 0.018845 0.857437 -0.514243
v 9.385122 11.742785 -12.015278
vn 0.018836 0.857398 -0.514310
v 28.849495 10.192491 -13.886899
vn 0.018836 0.857398 -0.514310
v 9.385122 11.742785 -12.015278
vn 0.018836 0.857398 -0.514310
v 28.879702 11.285716 -12.063293
vn 0.021542 0.951139 -0.308011
v 28.879702 11.285716 -12.063293
vn 0.021542 0.951139 -0.308011
v 9.385122 11.742785 -12.015278
vn 0.021542 0.951139 -0.308011
v 9.405426 12.397439 -9.992281
vn 0.021560 0.951186 -0.307864
v 28.879702 11.285716 -12.063293
vn 0.021560 0.951186 -0.307864
v 9.405426 12.397439 -9.992281
vn 0.021560 0.951186 -0.307864
v 28.899824 11.940005 -10.040371
vn 0.022841 0.988871 -0.147011
v 28.899824 11.940005 -10.040371
vn 0.022841 0.988871 -0.147011
v 9.405426 12.397439 -9.992281
vn 0.022841 0.988871 -0.147011
v 9.435642 13.150647 -4.921107
vn 0.022833 0.988867 -0.147041
v 28.899824 11.940005 -10.040371
vn 0.022833 0.988867 -0.147041
v 9.435642 13.150647 -4.921107
vn 0.022833 0.988867 -0.147041
v 28.930212 12.693352 -4.969314
vn 0.023321 0.998776 -0.043622
v 28.930212 12.693352 -4.969314
vn 0.023321 0.998776 -0.043622
v 9.435642 13.150647 -4.921107
vn 0.023321 0.998776 -0.043622
v 9.453489 13.373924 0.200676
vn 0.023329 0.998777 -0.043593
v 28.930212 12.693352 -4.969314
vn 0.023329 0.998777 -0.043593
v 9.453489 13.373924 0.200676
vn 0.023329 0.998777 -0.043593
v 28.947819 12.916492 0.152590
vn 0.023564 0.997909 0.060192
v 28.947819 12.916492 0.152590
vn 0.023564 0.997909 0.060192
v 9.453489 13.373924 0.200676
vn 0.023564 0.997909 0.060192
v 9.458890 13.065119 5.318151
vn 0.023561 0.997909 0.060180
v 28.947819 12.916492 0.152590
vn 0.023561 0.997909 0.060180
v 9.458890 13.065119 5.318151
vn 0.023561 0.997909 0.060180
v 28.953463 12.607744 5.270051
vn 0.023543 0.986295 0.163301
v 28.953463 12.607744 5.270051
vn 0.023543 0.986295 0.163301
v 9.458890 13.065119 5.318151
vn 0.023543 0.986295 0.163301
v 9.451695 12.227839 10.376143
vn 0.023542 0.986296 0.163299
v 28.953463 12.607744 5.270051
vn 0.023542 0.986296 0.163299
v 9.451695 12.227839 10.376143
vn 0.023542 0.986296 0.163299
v 28.946276 11.770475 10.328045
vn 0.999721 -0.023409 -0.003196
v 28.443405 -6.776958 -17.131748
vn 0.999721 -0.023409 -0.003196
v 28.435352 -7.092736 -17.337580
vn 0.999721 -0.023409 -0.003196
v 28.452293 -6.407471 -17.057676
vn 0.999708 -0.024143 -0.001398
v 28.452293 -6.407471 -17.057676
vn 0.999708 -0.024143 -0.001398
v 28.435352 -7.092736 -17.337580
vn 0.999708 -0.024143 -0.001398
v 28.429676 -7.310005 -17.645170
vn 0.999722 -0.023428 -0.002498
v 28.452293 -6.407471 -17.057676
vn 0.999722 -0.023428 -0.002498
v 28.429676 -7.310005 -17.645170
vn 0.999722 -0.023428 -0.002498
v 28.668766 2.821925 -16.981352
vn 0.999723 -0.023452 -0.002131
v 28.668766 2.821925 -16.981352
vn 0.999723 -0.023452 -0.002131
v 28.429676 -7.310005 -17.645170
vn 0.999723 -0.023452 -0.002131
v 28.667645 2.826733 -17.561239
vn 0.999720 -0.023582 -0.002132
v 28.668766 2.821925 -16.981352
vn 0.999720 -0.023582 -0.002132
v 28.667645 2.826733 -17.561239
vn 0.999720 -0.023582 -0.002132
v 28.725311 5.187889 -16.636892
vn 0.999722 -0.023458 -0.002450
v 28.725311 5.187889 -16.636892
vn 0.999722 -0.023458 -0.002450
v 28.667645 2.826733 -17.561239
vn 0.999722 -0.023458 -0.002450
v 28.717787 4.936719 -17.302748
vn 0.999721 -0.023487 -0.002439
v 28.725311 5.187889 -16.636892
vn 0.999721 -0.023487 -0.002439
v 28.717787 4.936719 -17.302748
vn 0.999721 -0.023487 -0.002439
v 28.779026 7.373685 -15.667898
vn 0.999727 -0.023172 -0.002908
v 28.779026 7.373685 -15.667898
vn 0.999727 -0.023172 -0.002908
v 28.717787 4.936719 -17.302748
vn 0.999727 -0.023172 -0.002908
v 28.766201 6.934291 -16.575527
vn 0.999736 -0.022787 -0.003094
v 28.779026 7.373685 -15.667898
vn 0.999736 -0.022787 -0.003094
v 28.766201 6.934291 -16.575527
vn 0.999736 -0.022787 -0.003094
v 28.825771 9.217859 -14.145883
vn 0.999722 -0.023431 -0.002474
v 28.509731 -7.603758 17.613234
vn 0.999722 -0.023431 -0.002474
v 28.508408 -7.598940 17.033226
vn 0.999722 -0.023431 -0.002474
v 28.747517 2.532861 17.697168
vn 0.999723 -0.023458 -0.002065
v 28.747517 2.532861 17.697168
vn 0.999723 -0.023458 -0.002065
v 28.508408 -7.598940 17.033226
vn 0.999723 -0.023458 -0.002065
v 28.746433 2.537797 17.117155
vn 0.999721 -0.023516 -0.002065
v 28.747517 2.532861 17.697168
vn 0.999721 -0.023516 -0.002065
v 28.746433 2.537797 17.117155
vn 0.999721 -0.023516 -0.002065
v 28.796782 4.646860 17.473623
vn 0.999722 -0.023451 -0.002448
v 28.796782 4.646860 17.473623
vn 0.999722 -0.023451 -0.002448
v 28.746433 2.537797 17.117155
vn 0.999722 -0.023451 -0.002448
v 28.801313 4.909166 16.811569
vn 0.999722 -0.023462 -0.002453
v 28.796782 4.646860 17.473623
vn 0.999722 -0.023462 -0.002453
v 28.801313 4.909166 16.811569
vn 0.999722 -0.023462 -0.002453
v 28.842237 6.656286 16.779604
vn 0.999722 -0.023462 -0.002445
v 28.842237 6.656286 16.779604
vn 0.999722 -0.023462 -0.002445
v 28.801313 4.909166 16.811569
vn 0.999722 -0.023462 -0.002445
v 28.850700 7.110764 15.879111
vn 0.999723 -0.023416 -0.002422
v 28.842237 6.656286 16.779604
vn 0.999723 -0.023416 -0.002422
v 28.850700 7.110764 15.879111
vn 0.999723 -0.023416 -0.002422
v 28.881699 8.457802 15.650788
vn 0.999723 -0.023416 -0.002423
v 28.881699 8.457802 15.650788
vn 0.999723 -0.023416 -0.002423
v 28.850700 7.110764 15.879111
vn 0.999723 -0.023416 -0.002423
v 28.890871 8.980049 14.387934
vn 0.999723 -0.023429 -0.002428
v 28.881699 8.457802 15.650788
vn 0.999723 -0.023429 -0.002428
v 28.890871 8.980049 14.387934
vn 0.999723 -0.023429 -0.002428
v 28.913214 9.958579 14.145037
vn 0.999721 -0.023461 -0.002557
v 28.913214 9.958579 14.145037
vn 0.999721 -0.023461 -0.002557
v 28.890871 8.980049 14.387934
vn 0.999721 -0.023461 -0.002557
v 28.934961 11.082070 12.339877
vn 0.999728 -0.023204 -0.002294
v 28.934961 11.082070 12.339877
vn 0.999728 -0.023204 -0.002294
v 28.890871 8.980049 14.387934
vn 0.999728 -0.023204 -0.002294
v 28.918890 10.378978 12.448135
vn 0.999728 -0.023208 -0.002319
v 28.934961 11.082070 12.339877
vn 0.999728 -0.023208 -0.002319
v 28.918890 10.378978 12.448135
vn 0.999728 -0.023208 -0.002319
v 28.946276 11.770475 10.328045
vn 0.999722 -0.023433 -0.002467
v 28.946276 11.770475 10.328045
vn 0.999722 -0.023433 -0.002467
v 28.918890 10.378978 12.448135
vn 0.999722 -0.023433 -0.002467
v 28.932688 11.203883 10.203524
vn 0.999722 -0.023432 -0.002471
v 28.946276 11.770475 10.328045
vn 0.999722 -0.023432 -0.002471
v 28.932688 11.203883 10.203524
vn 0.999722 -0.023432 -0.002471
v 28.935551 11.453765 8.992849
vn 0.999724 -0.023370 -0.002480
v 28.895086 11.601054 -8.710770
vn 0.999724 -0.023370 -0.002480
v 28.947819 12.916492 0.152590
vn 0.999724 -0.023370 -0.002480
v 28.935551 11.453765 8.992849
vn 0.999716 -0.023683 -0.002531
v 28.935551 11.453765 8.992849
vn 0.999716 -0.023683 -0.002531
v 28.947819 12.916492 0.152590
vn 0.999716 -0.023683 -0.002531
v 28.953463 12.607744 5.270051
vn 0.999722 -0.023464 -0.002463
v 28.935551 11.453765 8.992849
vn 0.999722 -0.023464 -0.002463
v 28.953463 12.607744 5.270051
vn 0.999722 -0.023464 -0.002463
v 28.946276 11.770475 10.328045
vn 0.999714 -0.023829 -0.002114
v 28.766201 6.934291 -16.575527
vn 0.999714 -0.023829 -0.002114
v 28.811136 8.716685 -15.417265
vn 0.999714 -0.023829 -0.002114
v 28.825771 9.217859 -14.145883
vn 0.999715 -0.023767 -0.002139
v 28.825771 9.217859 -14.145883
vn 0.999715 -0.023767 -0.002139
v 28.811136 8.716685 -15.417265
vn 0.999715 -0.023767 -0.002139
v 28.849495 10.192491 -13.886899
vn 0.999716 -0.023731 -0.002275
v 28.825771 9.217859 -14.145883
vn 0.999716 -0.023731 -0.002275
v 28.849495 10.192491 -13.886899
vn 0.999716 -0.023731 -0.002275
v 28.862671 10.584227 -12.183469
vn 0.999712 -0.023889 -0.002238
v 28.862671 10.584227 -12.183469
vn 0.999712 -0.023889 -0.002238
v 28.849495 10.192491 -13.886899
vn 0.999712 -0.023889 -0.002238
v 28.879702 11.285716 -12.063293
vn 0.999712 -0.023856 -0.002435
v 28.862671 10.584227 -12.183469
vn 0.999712 -0.023856 -0.002435
v 28.879702 11.285716 -12.063293
vn 0.999712 -0.023856 -0.002435
v 28.886965 11.371886 -9.925481
vn 0.999729 -0.023128 -0.002464
v 28.886965 11.371886 -9.925481
vn 0.999729 -0.023128 -0.002464
v 28.879702 11.285716 -12.063293
vn 0.999729 -0.023128 -0.002464
v 28.899824 11.940005 -10.040371
vn 0.999730 -0.023100 -0.002326
v 28.886965 11.371886 -9.925481
vn 0.999730 -0.023100 -0.002326
v 28.899824 11.940005 -10.040371
vn 0.999730 -0.023100 -0.002326
v 28.895086 11.601054 -8.710770
vn 0.999717 -0.023677 -0.002473
v 28.895086 11.601054 -8.710770
vn 0.999717 -0.023677 -0.002473
v 28.899824 11.940005 -10.040371
vn 0.999717 -0.023677 -0.002473
v 28.930212 12.693352 -4.969314
vn 0.999710 -0.023951 -0.002393
v 28.895086 11.601054 -8.710770
vn 0.999710 -0.023951 -0.002393
v 28.930212 12.693352 -4.969314
vn 0.999710 -0.023951 -0.002393
v 28.947819 12.916492 0.152590
vn 0.999721 -0.023503 -0.002497
v 29.311636 -15.588283 13.164671
vn 0.999721 -0.023503 -0.002497
v 29.358686 -13.588726 13.181260
vn 0.999721 -0.023503 -0.002497
v 29.317396 -15.608930 15.664622
vn 0.999724 -0.023363 -0.002383
v 29.317396 -15.608930 15.664622
vn 0.999724 -0.023363 -0.002383
v 29.358686 -13.588726 13.181260
vn 0.999724 -0.023363 -0.002383
v 29.364817 -13.612024 15.981141
vn 0.999724 -0.023346 -0.002488
v 29.317396 -15.608930 15.664622
vn 0.999724 -0.023346 -0.002488
v 29.364817 -13.612024 15.981141
vn 0.999724 -0.023346 -0.002488
v 29.325951 -15.349377 16.666592
vn 0.999725 -0.023320 -0.002422
v 29.325951 -15.349377 16.666592
vn 0.999725 -0.023320 -0.002422
v 29.364817 -13.612024 15.981141
vn 0.999725 -0.023320 -0.002422
v 29.367559 -13.548314 16.499353
vn 0.999726 -0.023312 -0.002327
v 29.325951 -15.349377 16.666592
vn 0.999726 -0.023312 -0.002327
v 29.367559 -13.548314 16.499353
vn 0.999726 -0.023312 -0.002327
v 29.344587 -14.623882 17.404869
vn 0.999723 -0.023410 -0.002444
v 29.344587 -14.623882 17.404869
vn 0.999723 -0.023410 -0.002444
v 29.367559 -13.548314 16.499353
vn 0.999723 -0.023410 -0.002444
v 29.373327 -13.352490 16.983353
vn 0.999718 -0.023557 -0.002889
v 29.344587 -14.623882 17.404869
vn 0.999718 -0.023557 -0.002889
v 29.373327 -13.352490 16.983353
vn 0.999718 -0.023557 -0.002889
v 29.368893 -13.626257 17.681053
vn 0.999713 -0.023752 -0.002965
v 29.368893 -13.626257 17.681053
vn 0.999713 -0.023752 -0.002965
v 29.373327 -13.352490 16.983353
vn 0.999713 -0.023752 -0.002965
v 29.381449 -13.059911 17.377735
vn 0.999722 -0.023439 -0.002379
v 29.368893 -13.626257 17.681053
vn 0.999722 -0.023439 -0.002379
v 29.381449 -13.059911 17.377735
vn 0.999722 -0.023439 -0.002379
v 29.391090 -12.680256 17.688673
vn 0.002281 -0.008348 0.999963
v 29.501743 -7.957880 17.727812
vn 0.002281 -0.008348 0.999963
v 8.507707 -7.465347 17.779804
vn 0.002281 -0.008348 0.999963
v 29.415806 -11.627038 17.697374
vn 0.002285 -0.008328 0.999963
v 29.415806 -11.627038 17.697374
vn 0.002285 -0.008328 0.999963
v 8.507707 -7.465347 17.779804
vn 0.002285 -0.008328 0.999963
v 8.421709 -11.134510 17.749443
vn 0.002298 -0.007750 0.999967
v 29.415806 -11.627038 17.697374
vn 0.002298 -0.007750 0.999967
v 8.421709 -11.134510 17.749443
vn 0.002298 -0.007750 0.999967
v 29.405945 -12.038993 17.694204
vn 0.002247 -0.008941 0.999958
v 29.405945 -12.038993 17.694204
vn 0.002247 -0.008941 0.999958
v 8.421709 -11.134510 17.749443
vn 0.002247 -0.008941 0.999958
v 8.411990 -11.546489 17.745781
vn 0.002261 -0.008335 0.999963
v 29.405945 -12.038993 17.694204
vn 0.002261 -0.008335 0.999963
v 8.411990 -11.546489 17.745781
vn 0.002261 -0.008335 0.999963
v 29.402151 -12.209403 17.692793
vn 0.002308 -0.006844 0.999974
v 29.402151 -12.209403 17.692793
vn 0.002308 -0.006844 0.999974
v 8.411990 -11.546489 17.745781
vn 0.002308 -0.006844 0.999974
v 8.407978 -11.716858 17.744625
vn 0.002274 -0.008283 0.999963
v 29.402151 -12.209403 17.692793
vn 0.002274 -0.008283 0.999963
v 8.407978 -11.716858 17.744625
vn 0.002274 -0.008283 0.999963
v 29.393242 -12.590055 17.689661
vn 0.002255 -0.008753 0.999959
v 29.393242 -12.590055 17.689661
vn 0.002255 -0.008753 0.999959
v 8.407978 -11.716858 17.744625
vn 0.002255 -0.008753 0.999959
v 8.399057 -12.097498 17.741314
vn 0.002202 -0.010996 0.999937
v 29.393242 -12.590055 17.689661
vn 0.002202 -0.010996 0.999937
v 8.399057 -12.097498 17.741314
vn 0.002202 -0.010996 0.999937
v 29.391090 -12.680256 17.688673
vn 0.002331 -0.006348 0.999977
v 29.391090 -12.680256 17.688673
vn 0.002331 -0.006348 0.999977
v 8.399057 -12.097498 17.741314
vn 0.002331 -0.006348 0.999977
v 8.396873 -12.187787 17.740746
vn 0.002290 -0.008108 0.999964
v 29.391090 -12.680256 17.688673
vn 0.002290 -0.008108 0.999964
v 8.396873 -12.187787 17.740746
vn 0.002290 -0.008108 0.999964
v 29.368893 -13.626257 17.681053
vn 0.002272 -0.008367 0.999962
v 29.368893 -13.626257 17.681053
vn 0.002272 -0.008367 0.999962
v 8.396873 -12.187787 17.740746
vn 0.002272 -0.008367 0.999962
v 8.374655 -13.133710 17.732882
vn -0.999721 0.023474 0.002445
v 8.308008 -12.276676 -17.452816
vn -0.999721 0.023474 0.002445
v 8.316298 -11.891921 -17.757641
vn -0.999721 0.023474 0.002445
v 8.294063 -12.838006 -17.765757
vn -0.999722 0.023451 0.002486
v 8.308008 -12.276676 -17.452816
vn -0.999722 0.023451 0.002486
v 8.294063 -12.838006 -17.765757
vn -0.999722 0.023451 0.002486
v 8.301959 -12.575805 -17.063530
vn -0.999723 0.023411 0.002501
v 8.301959 -12.575805 -17.063530
vn -0.999723 0.023411 0.002501
v 8.294063 -12.838006 -17.765757
vn -0.999723 0.023411 0.002501
v 8.271249 -13.839940 -17.506092
vn -0.999723 0.023404 0.002521
v 8.301959 -12.575805 -17.063530
vn -0.999723 0.023404 0.002521
v 8.271249 -13.839940 -17.506092
vn -0.999723 0.023404 0.002521
v 8.298397 -12.779755 -16.582846
vn -0.999722 0.023473 0.002442
v 8.298397 -12.779755 -16.582846
vn -0.999722 0.023473 0.002442
v 8.271249 -13.839940 -17.506092
vn -0.999722 0.023473 0.002442
v 8.255695 -14.577906 -16.780136
vn -0.999722 0.023474 0.002433
v 8.298397 -12.779755 -16.582846
vn -0.999722 0.023474 0.002433
v 8.255695 -14.577906 -16.780136
vn -0.999722 0.023474 0.002433
v 8.297954 -12.852229 -16.065783
vn -0.999722 0.023455 0.002479
v 8.297954 -12.852229 -16.065783
vn -0.999722 0.023455 0.002479
v 8.255695 -14.577906 -16.780136
vn -0.999722 0.023455 0.002479
v 8.251695 -14.853848 -15.782293
vn -0.999722 0.023453 0.002465
v 8.297954 -12.852229 -16.065783
vn -0.999722 0.023453 0.002465
v 8.251695 -14.853848 -15.782293
vn -0.999722 0.023453 0.002465
v 8.370828 -13.119479 16.032963
vn -0.999722 0.023451 0.002465
v 8.370828 -13.119479 16.032963
vn -0.999722 0.023451 0.002465
v 8.251695 -14.853848 -15.782293
vn -0.999722 0.023451 0.002465
v 8.323205 -15.116364 15.716145
vn -0.999722 0.023432 0.002583
v 8.370828 -13.119479 16.032963
vn -0.999722 0.023432 0.002583
v 8.323205 -15.116364 15.716145
vn -0.999722 0.023432 0.002583
v 8.373660 -13.055745 16.550859
vn -0.999721 0.023473 0.002483
v 8.373660 -13.055745 16.550859
vn -0.999721 0.023473 0.002483
v 8.323205 -15.116364 15.716145
vn -0.999721 0.023473 0.002483
v 8.331788 -14.856843 16.718592
vn -0.999722 0.023459 0.002333
v 8.373660 -13.055745 16.550859
vn -0.999722 0.023459 0.002333
v 8.331788 -14.856843 16.718592
vn -0.999722 0.023459 0.002333
v 8.379385 -12.859932 17.034992
vn -0.999722 0.023432 0.002505
v 8.379385 -12.859932 17.034992
vn -0.999722 0.023432 0.002505
v 8.331788 -14.856843 16.718592
vn -0.999722 0.023432 0.002505
v 8.350641 -14.131321 17.456446
vn -0.999723 0.023412 0.002444
v 8.379385 -12.859932 17.034992
vn -0.999723 0.023412 0.002444
v 8.350641 -14.131321 17.456446
vn -0.999723 0.023412 0.002444
v 8.387200 -12.567348 17.429321
vn -0.999723 0.023410 0.002360
v 8.387200 -12.567348 17.429321
vn -0.999723 0.023410 0.002360
v 8.350641 -14.131321 17.456446
vn -0.999723 0.023410 0.002360
v 8.374655 -13.133710 17.732882
vn -0.999722 0.023461 0.002454
v 8.387200 -12.567348 17.429321
vn -0.999722 0.023461 0.002454
v 8.374655 -13.133710 17.732882
vn -0.999722 0.023461 0.002454
v 8.396873 -12.187787 17.740746
vn -0.002271 0.008310 -0.999963
v 29.288124 -13.330556 -17.817524
vn -0.002271 0.008310 -0.999963
v 8.294063 -12.838006 -17.765757
vn -0.002271 0.008310 -0.999963
v 29.310453 -12.384449 -17.809711
vn -0.002278 0.008631 -0.999960
v 29.310453 -12.384449 -17.809711
vn -0.002278 0.008631 -0.999960
v 8.294063 -12.838006 -17.765757
vn -0.002278 0.008631 -0.999960
v 8.316298 -11.891921 -17.757641
vn -0.002222 0.011010 -0.999937
v 29.310453 -12.384449 -17.809711
vn -0.002222 0.011010 -0.999937
v 8.316298 -11.891921 -17.757641
vn -0.002222 0.011010 -0.999937
v 29.312609 -12.294188 -17.808722
vn -0.002326 0.005566 -0.999982
v 29.312609 -12.294188 -17.808722
vn -0.002326 0.005566 -0.999982
v 8.316298 -11.891921 -17.757641
vn -0.002326 0.005566 -0.999982
v 8.318417 -11.801684 -17.757143
vn -0.002262 0.008283 -0.999963
v 29.312609 -12.294188 -17.808722
vn -0.002262 0.008283 -0.999963
v 8.318417 -11.801684 -17.757143
vn -0.002262 0.008283 -0.999963
v 29.321514 -11.913537 -17.805590
vn -0.002262 0.008279 -0.999963
v 29.321514 -11.913537 -17.805590
vn -0.002262 0.008279 -0.999963
v 8.318417 -11.801684 -17.757143
vn -0.002262 0.008279 -0.999963
v 8.327386 -11.421033 -17.754013
vn -0.002263 0.008261 -0.999963
v 29.321514 -11.913537 -17.805590
vn -0.002263 0.008261 -0.999963
v 8.327386 -11.421033 -17.754013
vn -0.002263 0.008261 -0.999963
v 29.325296 -11.743184 -17.804190
vn -0.002263 0.008272 -0.999963
v 29.325296 -11.743184 -17.804190
vn -0.002263 0.008272 -0.999963
v 8.327386 -11.421033 -17.754013
vn -0.002263 0.008272 -0.999963
v 8.331354 -11.250623 -17.752611
vn -0.002273 0.007817 -0.999967
v 29.325296 -11.743184 -17.804190
vn -0.002273 0.007817 -0.999967
v 8.331354 -11.250623 -17.752611
vn -0.002273 0.007817 -0.999967
v 29.335173 -11.330936 -17.800991
vn -0.002269 0.008997 -0.999957
v 29.335173 -11.330936 -17.800991
vn -0.002269 0.008997 -0.999957
v 8.331354 -11.250623 -17.752611
vn -0.002269 0.008997 -0.999957
v 8.341073 -10.838456 -17.748926
vn -0.002284 0.008341 -0.999963
v 29.335173 -11.330936 -17.800991
vn -0.002284 0.008341 -0.999963
v 8.341073 -10.838456 -17.748926
vn -0.002284 0.008341 -0.999963
v 29.421110 -7.662013 -17.770582
vn -0.002281 0.008321 -0.999963
v 29.421110 -7.662013 -17.770582
vn -0.002281 0.008321 -0.999963
v 8.341073 -10.838456 -17.748926
vn -0.002281 0.008321 -0.999963
v 8.427188 -7.169540 -17.718592
vn 0.999719 -0.023567 -0.002449
v 29.298441 -13.368089 -13.317678
vn 0.999719 -0.023567 -0.002449
v 29.251268 -15.367470 -13.334181
vn 0.999719 -0.023567 -0.002449
v 29.292131 -13.344775 -16.117613
vn 0.999722 -0.023439 -0.002356
v 29.292131 -13.344775 -16.117613
vn 0.999722 -0.023439 -0.002356
v 29.251268 -15.367470 -13.334181
vn 0.999722 -0.023439 -0.002356
v 29.245865 -15.346627 -15.834197
vn 0.999721 -0.023465 -0.002544
v 29.292131 -13.344775 -16.117613
vn 0.999721 -0.023465 -0.002544
v 29.245865 -15.346627 -15.834197
vn 0.999721 -0.023465 -0.002544
v 29.292517 -13.272300 -16.634670
vn 0.999722 -0.023437 -0.002469
v 29.292517 -13.272300 -16.634670
vn 0.999722 -0.023437 -0.002469
v 29.245865 -15.346627 -15.834197
vn 0.999722 -0.023437 -0.002469
v 29.249874 -15.070457 -16.831909
vn 0.999722 -0.023442 -0.002422
v 29.292517 -13.272300 -16.634670
vn 0.999722 -0.023442 -0.002422
v 29.249874 -15.070457 -16.831909
vn 0.999722 -0.023442 -0.002422
v 29.296135 -13.068299 -17.115360
vn 0.999722 -0.023455 -0.002515
v 29.296135 -13.068299 -17.115360
vn 0.999722 -0.023455 -0.002515
v 29.249874 -15.070457 -16.831909
vn 0.999722 -0.023455 -0.002515
v 29.265364 -14.332488 -17.557863
vn 0.999722 -0.023455 -0.002516
v 29.296135 -13.068299 -17.115360
vn 0.999722 -0.023455 -0.002516
v 29.265364 -14.332488 -17.557863
vn 0.999722 -0.023455 -0.002516
v 29.302172 -12.769210 -17.504827
vn 0.999721 -0.023444 -0.002827
v 29.302172 -12.769210 -17.504827
vn 0.999721 -0.023444 -0.002827
v 29.265364 -14.332488 -17.557863
vn 0.999721 -0.023444 -0.002827
v 29.288124 -13.330556 -17.817524
vn 0.999719 -0.023573 -0.002595
v 29.302172 -12.769210 -17.504827
vn 0.999719 -0.023573 -0.002595
v 29.288124 -13.330556 -17.817524
vn 0.999719 -0.023573 -0.002595
v 29.310453 -12.384449 -17.809711
vn 0.705299 -0.010679 -0.708829
v 36.813370 -13.606484 -5.836576
vn 0.705299 -0.010679 -0.708829
v 36.766491 -15.605865 -5.853100
vn 0.705299 -0.010679 -0.708829
v 29.298441 -13.368089 -13.317678
vn 0.705282 -0.010790 -0.708845
v 29.298441 -13.368089 -13.317678
vn 0.705282 -0.010790 -0.708845
v 36.766491 -15.605865 -5.853100
vn 0.705282 -0.010790 -0.708845
v 29.251268 -15.367470 -13.334181
vn 0.708521 -0.022523 0.705331
v 29.358686 -13.588726 13.181260
vn 0.708521 -0.022523 0.705331
v 29.311636 -15.588283 13.164671
vn 0.708521 -0.022523 0.705331
v 36.839527 -13.702069 5.662969
vn 0.708520 -0.022518 0.705331
v 36.839527 -13.702069 5.662969
vn 0.708520 -0.022518 0.705331
v 29.311636 -15.588283 13.164671
vn 0.708520 -0.022518 0.705331
v 36.792358 -15.701583 5.646512
vn -0.023485 -0.999690 -0.008283
v 8.251695 -14.853848 -15.782293
vn -0.023485 -0.999690 -0.008283
v 29.245865 -15.346627 -15.834197
vn -0.023485 -0.999690 -0.008283
v 29.251268 -15.367470 -13.334181
vn -0.023486 -0.999690 -0.008278
v 8.251695 -14.853848 -15.782293
vn -0.023486 -0.999690 -0.008278
v 29.251268 -15.367470 -13.334181
vn -0.023486 -0.999690 -0.008278
v 8.323205 -15.116364 15.716145
vn -0.023481 -0.999690 -0.008268
v 36.766491 -15.605865 -5.853100
vn -0.023481 -0.999690 -0.008268
v 36.792358 -15.701583 5.646512
vn -0.023481 -0.999690 -0.008268
v 29.251268 -15.367470 -13.334181
vn -0.023459 -0.999691 -0.008277
v 29.251268 -15.367470 -13.334181
vn -0.023459 -0.999691 -0.008277
v 36.792358 -15.701583 5.646512
vn -0.023459 -0.999691 -0.008277
v 29.311636 -15.588283 13.164671
vn -0.023484 -0.999690 -0.008277
v 29.251268 -15.367470 -13.334181
vn -0.023484 -0.999690 -0.008277
v 29.311636 -15.588283 13.164671
vn -0.023484 -0.999690 -0.008277
v 8.323205 -15.116364 15.716145
vn -0.023475 -0.999691 -0.008202
v 8.323205 -15.116364 15.716145
vn -0.023475 -0.999691 -0.008202
v 29.311636 -15.588283 13.164671
vn -0.023475 -0.999691 -0.008202
v 29.317396 -15.608930 15.664622
vn 0.023465 0.999690 0.008339
v 30.052540 -7.635884 17.117105
vn 0.023465 0.999690 0.008339
v 30.461773 -7.644748 17.028172
vn 0.023465 0.999690 0.008339
v 28.508408 -7.598940 17.033226
vn 0.023470 0.999690 0.008250
v 28.509731 -7.603758 17.613234
vn 0.023470 0.999690 0.008250
v 29.555851 -7.628296 17.610620
vn 0.023470 0.999690 0.008250
v 28.508408 -7.598940 17.033226
vn 0.023536 0.999690 0.008130
v 28.508408 -7.598940 17.033226
vn 0.023536 0.999690 0.008130
v 29.555851 -7.628296 17.610620
vn 0.023536 0.999690 0.008130
v 29.715185 -7.630057 17.365856
vn 0.023462 0.999689 0.008400
v 28.508408 -7.598940 17.033226
vn 0.023462 0.999689 0.008400
v 29.715185 -7.630057 17.365856
vn 0.023462 0.999689 0.008400
v 30.052540 -7.635884 17.117105
vn 0.010178 0.333521 0.942688
v 29.501743 -7.957880 17.727812
vn 0.010178 0.333521 0.942688
v 29.555851 -7.628296 17.610620
vn 0.010178 0.333521 0.942688
v 28.509731 -7.603758 17.613234
vn 0.010158 0.333471 0.942706
v 29.501743 -7.957880 17.727812
vn 0.010158 0.333471 0.942706
v 28.509731 -7.603758 17.613234
vn 0.010158 0.333471 0.942706
v 8.507707 -7.465347 17.779804
vn 0.010160 0.334057 0.942498
v 8.507707 -7.465347 17.779804
vn 0.010160 0.334057 0.942498
v 28.509731 -7.603758 17.613234
vn 0.010160 0.334057 0.942498
v 9.015092 -7.146511 17.661327
vn 0.009722 0.334675 0.942283
v 8.507707 -7.465347 17.779804
vn 0.009722 0.334675 0.942283
v 9.015092 -7.146511 17.661327
vn 0.009722 0.334675 0.942283
v 8.468816 -7.133678 17.662407
vn 0.023500 0.999686 0.008637
v 8.468816 -7.133678 17.662407
vn 0.023500 0.999686 0.008637
v 9.015092 -7.146511 17.661327
vn 0.023500 0.999686 0.008637
v 8.308125 -7.127793 17.418413
vn 0.023563 0.999687 0.008454
v 8.308125 -7.127793 17.418413
vn 0.023563 0.999687 0.008454
v 9.015092 -7.146511 17.661327
vn 0.023563 0.999687 0.008454
v 9.013776 -7.141575 17.081329
vn 0.023362 0.999695 0.008033
v 8.308125 -7.127793 17.418413
vn 0.023362 0.999695 0.008033
v 9.013776 -7.141575 17.081329
vn 0.023362 0.999695 0.008033
v 7.969968 -7.117908 17.171616
vn 0.023432 0.999686 0.008849
v 7.969968 -7.117908 17.171616
vn 0.023432 0.999686 0.008849
v 9.013776 -7.141575 17.081329
vn 0.023432 0.999686 0.008849
v 7.560328 -7.107538 17.084911
vn 0.006041 0.349573 -0.936890
v 8.427188 -7.169540 -17.718592
vn 0.006041 0.349573 -0.936890
v 8.388777 -6.839819 -17.595812
vn 0.006041 0.349573 -0.936890
v 8.935101 -6.852639 -17.597075
vn 0.005885 0.349791 -0.936809
v 8.427188 -7.169540 -17.718592
vn 0.005885 0.349791 -0.936809
v 8.935101 -6.852639 -17.597075
vn 0.005885 0.349791 -0.936809
v 29.421110 -7.662013 -17.770582
vn 0.005908 0.350332 -0.936607
v 29.421110 -7.662013 -17.770582
vn 0.005908 0.350332 -0.936607
v 8.935101 -6.852639 -17.597075
vn 0.005908 0.350332 -0.936607
v 28.429676 -7.310005 -17.645170
vn 0.005645 0.349677 -0.936853
v 29.421110 -7.662013 -17.770582
vn 0.005645 0.349677 -0.936853
v 28.429676 -7.310005 -17.645170
vn 0.005645 0.349677 -0.936853
v 29.475782 -7.334527 -17.648022
vn -0.022090 -0.967766 0.250882
v 8.323205 -15.116364 15.716145
vn -0.022090 -0.967766 0.250882
v 29.317396 -15.608930 15.664622
vn -0.022090 -0.967766 0.250882
v 29.325951 -15.349377 16.666592
vn -0.022084 -0.967802 0.250740
v 8.323205 -15.116364 15.716145
vn -0.022084 -0.967802 0.250740
v 29.325951 -15.349377 16.666592
vn -0.022084 -0.967802 0.250740
v 8.331788 -14.856843 16.718592
vn -0.014991 -0.712986 0.701019
v 8.331788 -14.856843 16.718592
vn -0.014991 -0.712986 0.701019
v 29.325951 -15.349377 16.666592
vn -0.014991 -0.712986 0.701019
v 29.344587 -14.623882 17.404869
vn -0.015000 -0.712768 0.701240
v 8.331788 -14.856843 16.718592
vn -0.015000 -0.712768 0.701240
v 29.344587 -14.623882 17.404869
vn -0.015000 -0.712768 0.701240
v 8.350641 -14.131321 17.456446
vn -0.003890 -0.266716 0.963767
v 8.350641 -14.131321 17.456446
vn -0.003890 -0.266716 0.963767
v 29.344587 -14.623882 17.404869
vn -0.003890 -0.266716 0.963767
v 29.368893 -13.626257 17.681053
vn -0.003884 -0.266946 0.963704
v 8.350641 -14.131321 17.456446
vn -0.003884 -0.266946 0.963704
v 29.368893 -13.626257 17.681053
vn -0.003884 -0.266946 0.963704
v 8.374655 -13.133710 17.732882
vn -0.023275 -0.963540 -0.266550
v 29.245865 -15.346627 -15.834197
vn -0.023275 -0.963540 -0.266550
v 8.251695 -14.853848 -15.782293
vn -0.023275 -0.963540 -0.266550
v 8.255695 -14.577906 -16.780136
vn -0.023262 -0.963474 -0.266788
v 29.245865 -15.346627 -15.834197
vn -0.023262 -0.963474 -0.266788
v 8.255695 -14.577906 -16.780136
vn -0.023262 -0.963474 -0.266788
v 29.249874 -15.070457 -16.831909
vn -0.018204 -0.700971 -0.712957
v 29.249874 -15.070457 -16.831909
vn -0.018204 -0.700971 -0.712957
v 8.255695 -14.577906 -16.780136
vn -0.018204 -0.700971 -0.712957
v 8.271249 -13.839940 -17.506092
vn -0.018204 -0.700970 -0.712958
v 29.249874 -15.070457 -16.831909
vn -0.018204 -0.700970 -0.712958
v 8.271249 -13.839940 -17.506092
vn -0.018204 -0.700970 -0.712958
v 29.265364 -14.332488 -17.557863
vn -0.008269 -0.250690 -0.968032
v 29.265364 -14.332488 -17.557863
vn -0.008269 -0.250690 -0.968032
v 8.271249 -13.839940 -17.506092
vn -0.008269 -0.250690 -0.968032
v 8.294063 -12.838006 -17.765757
vn -0.008268 -0.250687 -0.968033
v 29.265364 -14.332488 -17.557863
vn -0.008268 -0.250687 -0.968033
v 8.294063 -12.838006 -17.765757
vn -0.008268 -0.250687 -0.968033
v 29.288124 -13.330556 -17.817524
vn 0.017568 0.816507 -0.577068
v 29.475782 -7.334527 -17.648022
vn 0.017568 0.816507 -0.577068
v 28.429676 -7.310005 -17.645170
vn 0.017568 0.816507 -0.577068
v 28.435352 -7.092736 -17.337580
vn 0.017860 0.816949 -0.576433
v 29.475782 -7.334527 -17.648022
vn 0.017860 0.816949 -0.576433
v 28.435352 -7.092736 -17.337580
vn 0.017860 0.816949 -0.576433
v 29.701208 -7.122438 -17.340454
vn 0.010905 0.545833 -0.837823
v 29.701208 -7.122438 -17.340454
vn 0.010905 0.545833 -0.837823
v 28.435352 -7.092736 -17.337580
vn 0.010905 0.545833 -0.837823
v 28.443405 -6.776958 -17.131748
vn 0.010723 0.545358 -0.838135
v 29.701208 -7.122438 -17.340454
vn 0.010723 0.545358 -0.838135
v 28.443405 -6.776958 -17.131748
vn 0.010723 0.545358 -0.838135
v 30.026829 -6.814096 -17.135656
vn 0.002189 0.196511 -0.980499
v 30.026829 -6.814096 -17.135656
vn 0.002189 0.196511 -0.980499
v 28.443405 -6.776958 -17.131748
vn 0.002189 0.196511 -0.980499
v 28.452293 -6.407471 -17.057676
vn 0.002209 0.196584 -0.980484
v 30.026829 -6.814096 -17.135656
vn 0.002209 0.196584 -0.980484
v 28.452293 -6.407471 -17.057676
vn 0.002209 0.196584 -0.980484
v 30.405420 -6.453415 -17.062487
vn 0.763748 0.110513 -0.635984
v 29.421110 -7.662013 -17.770582
vn 0.763748 0.110513 -0.635984
v 29.475782 -7.334527 -17.648022
vn 0.763748 0.110513 -0.635984
v 29.701208 -7.122438 -17.340454
vn 0.846622 -0.015421 -0.531972
v 29.421110 -7.662013 -17.770582
vn 0.846622 -0.015421 -0.531972
v 29.701208 -7.122438 -17.340454
vn 0.846622 -0.015421 -0.531972
v 29.335173 -11.330936 -17.800991
vn 0.868590 -0.021370 -0.495070
v 29.335173 -11.330936 -17.800991
vn 0.868590 -0.021370 -0.495070
v 29.701208 -7.122438 -17.340454
vn 0.868590 -0.021370 -0.495070
v 29.542509 -11.339071 -17.436871
vn 0.532879 -0.000707 -0.846191
v 29.542509 -11.339071 -17.436871
vn 0.532879 -0.000707 -0.846191
v 29.701208 -7.122438 -17.340454
vn 0.532879 -0.000707 -0.846191
v 30.026829 -6.814096 -17.135656
vn 0.589558 -0.009337 -0.807672
v 29.542509 -11.339071 -17.436871
vn 0.589558 -0.009337 -0.807672
v 30.026829 -6.814096 -17.135656
vn 0.589558 -0.009337 -0.807672
v 29.880802 -11.348845 -17.189823
vn 0.184420 0.005801 -0.982831
v 29.880802 -11.348845 -17.189823
vn 0.184420 0.005801 -0.982831
v 30.026829 -6.814096 -17.135656
vn 0.184420 0.005801 -0.982831
v 30.405420 -6.453415 -17.062487
vn 0.206520 0.003319 -0.978437
v 29.880802 -11.348845 -17.189823
vn 0.206520 0.003319 -0.978437
v 30.405420 -6.453415 -17.062487
vn 0.206520 0.003319 -0.978437
v 30.290482 -11.359385 -17.103388
vn 0.586300 -0.080921 -0.806042
v 29.542509 -11.339071 -17.436871
vn 0.586300 -0.080921 -0.806042
v 29.880802 -11.348845 -17.189823
vn 0.586300 -0.080921 -0.806042
v 29.872835 -11.597462 -17.170658
vn 0.691007 -0.241604 -0.681276
v 29.822748 -11.946231 -17.070808
vn 0.691007 -0.241604 -0.681276
v 29.451572 -12.127804 -17.382893
vn 0.691007 -0.241604 -0.681276
v 29.467659 -12.066360 -17.388367
vn 0.883648 -0.017537 -0.467823
v 29.335173 -11.330936 -17.800991
vn 0.883648 -0.017537 -0.467823
v 29.526493 -11.660282 -17.427269
vn 0.883648 -0.017537 -0.467823
v 29.325296 -11.743184 -17.804190
vn 0.886555 -0.118990 -0.447060
v 29.325296 -11.743184 -17.804190
vn 0.886555 -0.118990 -0.447060
v 29.526493 -11.660282 -17.427269
vn 0.886555 -0.118990 -0.447060
v 29.514357 -11.790517 -17.416672
vn 0.897837 -0.016325 -0.440025
v 29.325296 -11.743184 -17.804190
vn 0.897837 -0.016325 -0.440025
v 29.514357 -11.790517 -17.416672
vn 0.897837 -0.016325 -0.440025
v 29.321514 -11.913537 -17.805590
vn 0.902038 -0.192360 -0.386425
v 29.321514 -11.913537 -17.805590
vn 0.902038 -0.192360 -0.386425
v 29.514357 -11.790517 -17.416672
vn 0.902038 -0.192360 -0.386425
v 29.467659 -12.066360 -17.388367
vn 0.941380 -0.019252 -0.336798
v 29.321514 -11.913537 -17.805590
vn 0.941380 -0.019252 -0.336798
v 29.467659 -12.066360 -17.388367
vn 0.941380 -0.019252 -0.336798
v 29.312609 -12.294188 -17.808722
vn 0.942437 -0.264910 -0.204045
v 29.312609 -12.294188 -17.808722
vn 0.942437 -0.264910 -0.204045
v 29.467659 -12.066360 -17.388367
vn 0.942437 -0.264910 -0.204045
v 29.451572 -12.127804 -17.382893
vn 0.952694 -0.019423 -0.303311
v 29.312609 -12.294188 -17.808722
vn 0.952694 -0.019423 -0.303311
v 29.451572 -12.127804 -17.382893
vn 0.952694 -0.019423 -0.303311
v 29.310453 -12.384449 -17.809711
vn 0.866972 -0.058027 -0.494967
v 29.335173 -11.330936 -17.800991
vn 0.866972 -0.058027 -0.494967
v 29.542509 -11.339071 -17.436871
vn 0.866972 -0.058027 -0.494967
v 29.526493 -11.660282 -17.427269
vn 0.600739 -0.053799 -0.797633
v 29.526493 -11.660282 -17.427269
vn 0.600739 -0.053799 -0.797633
v 29.542509 -11.339071 -17.436871
vn 0.600739 -0.053799 -0.797633
v 29.872835 -11.597462 -17.170658
vn 0.604996 -0.120425 -0.787069
v 29.526493 -11.660282 -17.427269
vn 0.604996 -0.120425 -0.787069
v 29.872835 -11.597462 -17.170658
vn 0.604996 -0.120425 -0.787069
v 29.514357 -11.790517 -17.416672
vn 0.622763 -0.188819 -0.759285
v 29.514357 -11.790517 -17.416672
vn 0.622763 -0.188819 -0.759285
v 29.872835 -11.597462 -17.170658
vn 0.622763 -0.188819 -0.759285
v 29.866627 -11.696486 -17.151125
vn 0.622489 -0.183452 -0.760823
v 29.514357 -11.790517 -17.416672
vn 0.622489 -0.183452 -0.760823
v 29.866627 -11.696486 -17.151125
vn 0.622489 -0.183452 -0.760823
v 29.467659 -12.066360 -17.388367
vn 0.680063 -0.306312 -0.666098
v 29.467659 -12.066360 -17.388367
vn 0.680063 -0.306312 -0.666098
v 29.866627 -11.696486 -17.151125
vn 0.680063 -0.306312 -0.666098
v 29.835733 -11.902362 -17.087992
vn 0.677804 -0.433304 -0.593995
v 29.467659 -12.066360 -17.388367
vn 0.677804 -0.433304 -0.593995
v 29.835733 -11.902362 -17.087992
vn 0.677804 -0.433304 -0.593995
v 29.822748 -11.946231 -17.070808
vn 0.245419 -0.415702 -0.875763
v 29.822748 -11.946231 -17.070808
vn 0.245419 -0.415702 -0.875763
v 29.835733 -11.902362 -17.087992
vn 0.245419 -0.415702 -0.875763
v 30.324221 -11.888201 -16.957823
vn 0.239105 -0.477783 -0.845312
v 30.324221 -11.888201 -16.957823
vn 0.239105 -0.477783 -0.845312
v 29.835733 -11.902362 -17.087992
vn 0.239105 -0.477783 -0.845312
v 30.323906 -11.842775 -16.983587
vn 0.235198 -0.317043 -0.918785
v 30.323906 -11.842775 -16.983587
vn 0.235198 -0.317043 -0.918785
v 29.835733 -11.902362 -17.087992
vn 0.235198 -0.317043 -0.918785
v 29.866627 -11.696486 -17.151125
vn 0.219538 -0.354635 -0.908866
v 30.323906 -11.842775 -16.983587
vn 0.219538 -0.354635 -0.908866
v 29.866627 -11.696486 -17.151125
vn 0.219538 -0.354635 -0.908866
v 30.306782 -11.651256 -17.062454
vn 0.213318 -0.201931 -0.955887
v 30.306782 -11.651256 -17.062454
vn 0.213318 -0.201931 -0.955887
v 29.866627 -11.696486 -17.151125
vn 0.213318 -0.201931 -0.955887
v 29.872835 -11.597462 -17.170658
vn 0.211145 -0.214787 -0.953564
v 30.306782 -11.651256 -17.062454
vn 0.211145 -0.214787 -0.953564
v 29.872835 -11.597462 -17.170658
vn 0.211145 -0.214787 -0.953564
v 30.298143 -11.565858 -17.083603
vn 0.205688 -0.081765 -0.975196
v 30.298143 -11.565858 -17.083603
vn 0.205688 -0.081765 -0.975196
v 29.872835 -11.597462 -17.170658
vn 0.205688 -0.081765 -0.975196
v 29.880802 -11.348845 -17.189823
vn 0.203560 -0.085901 -0.975287
v 30.298143 -11.565858 -17.083603
vn 0.203560 -0.085901 -0.975287
v 29.880802 -11.348845 -17.189823
vn 0.203560 -0.085901 -0.975287
v 30.290482 -11.359385 -17.103388
vn 0.240924 -0.606110 -0.758015
v 29.822748 -11.946231 -17.070808
vn 0.240924 -0.606110 -0.758015
v 30.324221 -11.888201 -16.957823
vn 0.240924 -0.606110 -0.758015
v 29.818031 -12.164288 -16.897949
vn 0.240566 -0.605572 -0.758558
v 29.818031 -12.164288 -16.897949
vn 0.240566 -0.605572 -0.758558
v 30.324221 -11.888201 -16.957823
vn 0.240566 -0.605572 -0.758558
v 30.320349 -12.080635 -16.805428
vn 0.237206 -0.771662 -0.590146
v 29.818031 -12.164288 -16.897949
vn 0.237206 -0.771662 -0.590146
v 30.320349 -12.080635 -16.805428
vn 0.237206 -0.771662 -0.590146
v 29.814322 -12.334125 -16.677364
vn 0.237788 -0.772290 -0.589089
v 29.814322 -12.334125 -16.677364
vn 0.237788 -0.772290 -0.589089
v 30.320349 -12.080635 -16.805428
vn 0.237788 -0.772290 -0.589089
v 30.317333 -12.230148 -16.610634
vn 0.235206 -0.895725 -0.377300
v 29.814322 -12.334125 -16.677364
vn 0.235206 -0.895725 -0.377300
v 30.317333 -12.230148 -16.610634
vn 0.235206 -0.895725 -0.377300
v 29.812546 -12.449393 -16.404819
vn 0.234414 -0.895302 -0.378793
v 29.812546 -12.449393 -16.404819
vn 0.234414 -0.895302 -0.378793
v 30.317333 -12.230148 -16.610634
vn 0.234414 -0.895302 -0.378793
v 30.315491 -12.332301 -16.370329
vn 0.233464 -0.962872 -0.135547
v 29.812546 -12.449393 -16.404819
vn 0.233464 -0.962872 -0.135547
v 30.315491 -12.332301 -16.370329
vn 0.233464 -0.962872 -0.135547
v 29.812323 -12.490713 -16.111683
vn 0.233911 -0.962884 -0.134684
v 29.812323 -12.490713 -16.111683
vn 0.233911 -0.962884 -0.134684
v 30.315491 -12.332301 -16.370329
vn 0.233911 -0.962884 -0.134684
v 30.315302 -12.368509 -16.111797
vn 0.692648 -0.457477 -0.557632
v 29.451572 -12.127804 -17.382893
vn 0.692648 -0.457477 -0.557632
v 29.822748 -11.946231 -17.070808
vn 0.692648 -0.457477 -0.557632
v 29.445072 -12.416381 -17.154221
vn 0.692496 -0.457295 -0.557969
v 29.445072 -12.416381 -17.154221
vn 0.692496 -0.457295 -0.557969
v 29.822748 -11.946231 -17.070808
vn 0.692496 -0.457295 -0.557969
v 29.818031 -12.164288 -16.897949
vn 0.689917 -0.578958 -0.434537
v 29.445072 -12.416381 -17.154221
vn 0.689917 -0.578958 -0.434537
v 29.818031 -12.164288 -16.897949
vn 0.689917 -0.578958 -0.434537
v 29.440784 -12.640737 -16.862106
vn 0.690049 -0.579039 -0.434219
v 29.440784 -12.640737 -16.862106
vn 0.690049 -0.579039 -0.434219
v 29.818031 -12.164288 -16.897949
vn 0.690049 -0.579039 -0.434219
v 29.814322 -12.334125 -16.677364
vn 0.687954 -0.669928 -0.279134
v 29.440784 -12.640737 -16.862106
vn 0.687954 -0.669928 -0.279134
v 29.814322 -12.334125 -16.677364
vn 0.687954 -0.669928 -0.279134
v 29.438122 -12.793691 -16.501577
vn 0.688077 -0.669920 -0.278850
v 29.438122 -12.793691 -16.501577
vn 0.688077 -0.669920 -0.278850
v 29.814322 -12.334125 -16.677364
vn 0.688077 -0.669920 -0.278850
v 29.812546 -12.449393 -16.404819
vn 0.687361 -0.719394 -0.100037
v 29.438122 -12.793691 -16.501577
vn 0.687361 -0.719394 -0.100037
v 29.812546 -12.449393 -16.404819
vn 0.687361 -0.719394 -0.100037
v 29.437654 -12.848061 -16.113800
vn 0.686956 -0.719657 -0.100918
v 29.437654 -12.848061 -16.113800
vn 0.686956 -0.719657 -0.100918
v 29.812546 -12.449393 -16.404819
vn 0.686956 -0.719657 -0.100918
v 29.812323 -12.490713 -16.111683
vn 0.960841 -0.184503 -0.206743
v 29.310453 -12.384449 -17.809711
vn 0.960841 -0.184503 -0.206743
v 29.451572 -12.127804 -17.382893
vn 0.960841 -0.184503 -0.206743
v 29.302172 -12.769210 -17.504827
vn 0.961003 -0.184721 -0.205793
v 29.302172 -12.769210 -17.504827
vn 0.961003 -0.184721 -0.205793
v 29.451572 -12.127804 -17.382893
vn 0.961003 -0.184721 -0.205793
v 29.445072 -12.416381 -17.154221
vn 0.960051 -0.228925 -0.160921
v 29.302172 -12.769210 -17.504827
vn 0.960051 -0.228925 -0.160921
v 29.445072 -12.416381 -17.154221
vn 0.960051 -0.228925 -0.160921
v 29.296135 -13.068299 -17.115360
vn 0.959908 -0.228942 -0.161747
v 29.296135 -13.068299 -17.115360
vn 0.959908 -0.228942 -0.161747
v 29.445072 -12.416381 -17.154221
vn 0.959908 -0.228942 -0.161747
v 29.440784 -12.640737 -16.862106
vn 0.959214 -0.262743 -0.104284
v 29.296135 -13.068299 -17.115360
vn 0.959214 -0.262743 -0.104284
v 29.440784 -12.640737 -16.862106
vn 0.959214 -0.262743 -0.104284
v 29.292517 -13.272300 -16.634670
vn 0.959192 -0.262779 -0.104397
v 29.292517 -13.272300 -16.634670
vn 0.959192 -0.262779 -0.104397
v 29.440784 -12.640737 -16.862106
vn 0.959192 -0.262779 -0.104397
v 29.438122 -12.793691 -16.501577
vn 0.958935 -0.280979 -0.038669
v 29.292517 -13.272300 -16.634670
vn 0.958935 -0.280979 -0.038669
v 29.438122 -12.793691 -16.501577
vn 0.958935 -0.280979 -0.038669
v 29.292131 -13.344775 -16.117613
vn 0.959042 -0.280678 -0.038197
v 29.292131 -13.344775 -16.117613
vn 0.959042 -0.280678 -0.038197
v 29.438122 -12.793691 -16.501577
vn 0.959042 -0.280678 -0.038197
v 29.437654 -12.848061 -16.113800
vn 0.696192 -0.141164 -0.703839
v 36.813370 -13.606484 -5.836576
vn 0.696192 -0.141164 -0.703839
v 29.298441 -13.368089 -13.317678
vn 0.696192 -0.141164 -0.703839
v 29.338551 -13.110009 -13.329766
vn 0.696171 -0.141324 -0.703828
v 36.813370 -13.606484 -5.836576
vn 0.696171 -0.141324 -0.703828
v 29.338551 -13.110009 -13.329766
vn 0.696171 -0.141324 -0.703828
v 36.819389 -13.347320 -5.882661
vn 0.642729 -0.392118 -0.658136
v 36.819389 -13.347320 -5.882661
vn 0.642729 -0.392118 -0.658136
v 29.338551 -13.110009 -13.329766
vn 0.642729 -0.392118 -0.658136
v 29.443859 -12.870906 -13.369381
vn 0.642641 -0.392381 -0.658065
v 36.819389 -13.347320 -5.882661
vn 0.642641 -0.392381 -0.658065
v 29.443859 -12.870906 -13.369381
vn 0.642641 -0.392381 -0.658065
v 36.824665 -13.105073 -6.021952
vn 0.481988 -0.714623 -0.506953
v 36.824665 -13.105073 -6.021952
vn 0.481988 -0.714623 -0.506953
v 29.443859 -12.870906 -13.369381
vn 0.481988 -0.714623 -0.506953
v 29.818209 -12.512346 -13.518908
vn 0.482371 -0.714138 -0.507273
v 36.824665 -13.105073 -6.021952
vn 0.482371 -0.714138 -0.507273
v 29.818209 -12.512346 -13.518908
vn 0.482371 -0.714138 -0.507273
v 36.832127 -12.734592 -6.536419
vn 0.159892 -0.968394 -0.191435
v 36.832127 -12.734592 -6.536419
vn 0.159892 -0.968394 -0.191435
v 29.818209 -12.512346 -13.518908
vn 0.159892 -0.968394 -0.191435
v 30.320707 -12.388417 -13.726111
vn 0.159656 -0.968475 -0.191225
v 36.832127 -12.734592 -6.536419
vn 0.159656 -0.968475 -0.191225
v 30.320707 -12.388417 -13.726111
vn 0.159656 -0.968475 -0.191225
v 36.833431 -12.594983 -7.242392
vn 0.988107 -0.153727 -0.003507
v 29.298441 -13.368089 -13.317678
vn 0.988107 -0.153727 -0.003507
v 29.292131 -13.344775 -16.117613
vn 0.988107 -0.153727 -0.003507
v 29.338551 -13.110009 -13.329766
vn 0.959618 -0.281199 0.007702
v 29.338551 -13.110009 -13.329766
vn 0.959618 -0.281199 0.007702
v 29.292131 -13.344775 -16.117613
vn 0.959618 -0.281199 0.007702
v 29.437654 -12.848061 -16.113800
vn 0.914824 -0.403816 -0.005430
v 29.338551 -13.110009 -13.329766
vn 0.914824 -0.403816 -0.005430
v 29.437654 -12.848061 -16.113800
vn 0.914824 -0.403816 -0.005430
v 29.443859 -12.870906 -13.369381
vn 0.690184 -0.723594 -0.007584
v 29.443859 -12.870906 -13.369381
vn 0.690184 -0.723594 -0.007584
v 29.437654 -12.848061 -16.113800
vn 0.690184 -0.723594 -0.007584
v 29.812323 -12.490713 -16.111683
vn 0.690106 -0.723669 -0.007605
v 29.443859 -12.870906 -13.369381
vn 0.690106 -0.723669 -0.007605
v 29.812323 -12.490713 -16.111683
vn 0.690106 -0.723669 -0.007605
v 29.818209 -12.512346 -13.518908
vn 0.236080 -0.971695 -0.008643
v 29.818209 -12.512346 -13.518908
vn 0.236080 -0.971695 -0.008643
v 29.812323 -12.490713 -16.111683
vn 0.236080 -0.971695 -0.008643
v 30.315302 -12.368509 -16.111797
vn 0.236079 -0.971695 -0.008643
v 29.818209 -12.512346 -13.518908
vn 0.236079 -0.971695 -0.008643
v 30.315302 -12.368509 -16.111797
vn 0.236079 -0.971695 -0.008643
v 30.320707 -12.388417 -13.726111
vn 0.699481 -0.152048 0.698289
v 29.358686 -13.588726 13.181260
vn 0.699481 -0.152048 0.698289
v 36.839527 -13.702069 5.662969
vn 0.699481 -0.152048 0.698289
v 29.398830 -13.331106 13.197143
vn 0.699343 -0.153072 0.698203
v 29.398830 -13.331106 13.197143
vn 0.699343 -0.153072 0.698203
v 36.839527 -13.702069 5.662969
vn 0.699343 -0.153072 0.698203
v 36.845718 -13.443974 5.713352
vn 0.645461 -0.403732 0.648367
v 29.398830 -13.331106 13.197143
vn 0.645461 -0.403732 0.648367
v 36.845718 -13.443974 5.713352
vn 0.645461 -0.403732 0.648367
v 29.504492 -13.092650 13.240439
vn 0.645755 -0.402865 0.648614
v 36.845718 -13.443974 5.713352
vn 0.645755 -0.402865 0.648614
v 36.851723 -13.204044 5.856397
vn 0.645755 -0.402865 0.648614
v 29.504492 -13.092650 13.240439
vn 0.484572 -0.722555 0.493057
v 29.504492 -13.092650 13.240439
vn 0.484572 -0.722555 0.493057
v 36.851723 -13.204044 5.856397
vn 0.484572 -0.722555 0.493057
v 36.861240 -12.842203 6.377306
vn 0.484495 -0.722665 0.492971
v 29.504492 -13.092650 13.240439
vn 0.484495 -0.722665 0.492971
v 36.861240 -12.842203 6.377306
vn 0.484495 -0.722665 0.492971
v 29.879288 -12.736611 13.394018
vn 0.160343 -0.971573 0.174170
v 29.879288 -12.736611 13.394018
vn 0.160343 -0.971573 0.174170
v 36.861240 -12.842203 6.377306
vn 0.160343 -0.971573 0.174170
v 36.866219 -12.714438 7.085439
vn 0.160905 -0.971369 0.174792
v 29.879288 -12.736611 13.394018
vn 0.160905 -0.971369 0.174792
v 36.866219 -12.714438 7.085439
vn 0.160905 -0.971369 0.174792
v 30.382826 -12.615911 13.601253
vn 0.235960 -0.971724 -0.008648
v 30.382826 -12.615911 13.601253
vn 0.235960 -0.971724 -0.008648
v 30.388231 -12.635829 15.986937
vn 0.235960 -0.971724 -0.008648
v 29.885252 -12.757967 15.987119
vn 0.236417 -0.971614 -0.008546
v 30.382826 -12.615911 13.601253
vn 0.236417 -0.971614 -0.008546
v 29.885252 -12.757967 15.987119
vn 0.236417 -0.971614 -0.008546
v 29.879288 -12.736611 13.394018
vn 0.690555 -0.723240 -0.007545
v 29.879288 -12.736611 13.394018
vn 0.690555 -0.723240 -0.007545
v 29.885252 -12.757967 15.987119
vn 0.690555 -0.723240 -0.007545
v 29.510704 -13.115564 15.984975
vn 0.690348 -0.723437 -0.007603
v 29.879288 -12.736611 13.394018
vn 0.690348 -0.723437 -0.007603
v 29.510704 -13.115564 15.984975
vn 0.690348 -0.723437 -0.007603
v 29.504492 -13.092650 13.240439
vn 0.914619 -0.404281 -0.005446
v 29.504492 -13.092650 13.240439
vn 0.914619 -0.404281 -0.005446
v 29.510704 -13.115564 15.984975
vn 0.914619 -0.404281 -0.005446
v 29.398830 -13.331106 13.197143
vn 0.959334 -0.281777 -0.016712
v 29.398830 -13.331106 13.197143
vn 0.959334 -0.281777 -0.016712
v 29.510704 -13.115564 15.984975
vn 0.959334 -0.281777 -0.016712
v 29.364817 -13.612024 15.981141
vn 0.988102 -0.153759 -0.003443
v 29.398830 -13.331106 13.197143
vn 0.988102 -0.153759 -0.003443
v 29.364817 -13.612024 15.981141
vn 0.988102 -0.153759 -0.003443
v 29.358686 -13.588726 13.181260
vn 0.234396 -0.965096 0.116827
v 29.885252 -12.757967 15.987119
vn 0.234396 -0.965096 0.116827
v 30.388231 -12.635829 15.986937
vn 0.234396 -0.965096 0.116827
v 29.886786 -12.722063 16.280642
vn 0.234671 -0.964968 0.117333
v 29.886786 -12.722063 16.280642
vn 0.234671 -0.964968 0.117333
v 30.388231 -12.635829 15.986937
vn 0.234671 -0.964968 0.117333
v 30.389616 -12.604013 16.245823
vn 0.236753 -0.901839 0.361434
v 29.886786 -12.722063 16.280642
vn 0.236753 -0.901839 0.361434
v 30.389616 -12.604013 16.245823
vn 0.236753 -0.901839 0.361434
v 29.890089 -12.611112 16.555321
vn 0.236898 -0.901705 0.361672
v 29.890089 -12.611112 16.555321
vn 0.236898 -0.901705 0.361672
v 30.389616 -12.604013 16.245823
vn 0.236898 -0.901705 0.361672
v 30.392492 -12.506093 16.488070
vn 0.240433 -0.781842 0.575253
v 29.890089 -12.611112 16.555321
vn 0.240433 -0.781842 0.575253
v 30.392492 -12.506093 16.488070
vn 0.240433 -0.781842 0.575253
v 29.894510 -12.445217 16.778944
vn 0.240842 -0.781285 0.575838
v 29.894510 -12.445217 16.778944
vn 0.240842 -0.781285 0.575838
v 30.392492 -12.506093 16.488070
vn 0.240842 -0.781285 0.575838
v 30.396414 -12.359717 16.685030
vn 0.245056 -0.618004 0.747007
v 29.894510 -12.445217 16.778944
vn 0.245056 -0.618004 0.747007
v 30.396414 -12.359717 16.685030
vn 0.245056 -0.618004 0.747007
v 29.899933 -12.229791 16.955389
vn 0.244564 -0.618817 0.746495
v 29.899933 -12.229791 16.955389
vn 0.244564 -0.618817 0.746495
v 30.396414 -12.359717 16.685030
vn 0.244564 -0.618817 0.746495
v 30.401285 -12.169795 16.840872
vn 0.687739 -0.720852 0.085948
v 29.510704 -13.115564 15.984975
vn 0.687739 -0.720852 0.085948
v 29.885252 -12.757967 15.987119
vn 0.687739 -0.720852 0.085948
v 29.512552 -13.067464 16.373617
vn 0.687075 -0.721635 0.084679
v 29.512552 -13.067464 16.373617
vn 0.687075 -0.721635 0.084679
v 29.885252 -12.757967 15.987119
vn 0.687075 -0.721635 0.084679
v 29.886786 -12.722063 16.280642
vn 0.688752 -0.675095 0.264323
v 29.512552 -13.067464 16.373617
vn 0.688752 -0.675095 0.264323
v 29.886786 -12.722063 16.280642
vn 0.688752 -0.675095 0.264323
v 29.517138 -12.920677 16.736567
vn 0.688792 -0.675030 0.264384
v 29.517138 -12.920677 16.736567
vn 0.688792 -0.675030 0.264384
v 29.886786 -12.722063 16.280642
vn 0.688792 -0.675030 0.264384
v 29.890089 -12.611112 16.555321
vn 0.691645 -0.586442 0.421561
v 29.517138 -12.920677 16.736567
vn 0.691645 -0.586442 0.421561
v 29.890089 -12.611112 16.555321
vn 0.691645 -0.586442 0.421561
v 29.522745 -12.701450 17.032341
vn 0.691574 -0.586583 0.421480
v 29.522745 -12.701450 17.032341
vn 0.691574 -0.586583 0.421480
v 29.890089 -12.611112 16.555321
vn 0.691574 -0.586583 0.421480
v 29.894510 -12.445217 16.778944
vn 0.694695 -0.466289 0.547699
v 29.522745 -12.701450 17.032341
vn 0.694695 -0.466289 0.547699
v 29.894510 -12.445217 16.778944
vn 0.694695 -0.466289 0.547699
v 29.530266 -12.416315 17.265553
vn 0.694772 -0.466118 0.547746
v 29.530266 -12.416315 17.265553
vn 0.694772 -0.466118 0.547746
v 29.894510 -12.445217 16.778944
vn 0.694772 -0.466118 0.547746
v 29.899933 -12.229791 16.955389
vn 0.958951 -0.282022 0.029599
v 29.364817 -13.612024 15.981141
vn 0.958951 -0.282022 0.029599
v 29.510704 -13.115564 15.984975
vn 0.958951 -0.282022 0.029599
v 29.367559 -13.548314 16.499353
vn 0.959141 -0.281305 0.030256
v 29.367559 -13.548314 16.499353
vn 0.959141 -0.281305 0.030256
v 29.510704 -13.115564 15.984975
vn 0.959141 -0.281305 0.030256
v 29.512552 -13.067464 16.373617
vn 0.959671 -0.264395 0.095535
v 29.367559 -13.548314 16.499353
vn 0.959671 -0.264395 0.095535
v 29.512552 -13.067464 16.373617
vn 0.959671 -0.264395 0.095535
v 29.373327 -13.352490 16.983353
vn 0.959494 -0.265186 0.095125
v 29.373327 -13.352490 16.983353
vn 0.959494 -0.265186 0.095125
v 29.512552 -13.067464 16.373617
vn 0.959494 -0.265186 0.095125
v 29.517138 -12.920677 16.736567
vn 0.960505 -0.232580 0.152765
v 29.373327 -13.352490 16.983353
vn 0.960505 -0.232580 0.152765
v 29.517138 -12.920677 16.736567
vn 0.960505 -0.232580 0.152765
v 29.381449 -13.059911 17.377735
vn 0.960787 -0.231170 0.153131
v 29.381449 -13.059911 17.377735
vn 0.960787 -0.231170 0.153131
v 29.517138 -12.920677 16.736567
vn 0.960787 -0.231170 0.153131
v 29.522745 -12.701450 17.032341
vn 0.961912 -0.187412 0.199004
v 29.381449 -13.059911 17.377735
vn 0.961912 -0.187412 0.199004
v 29.522745 -12.701450 17.032341
vn 0.961912 -0.187412 0.199004
v 29.391090 -12.680256 17.688673
vn 0.961772 -0.188132 0.198999
v 29.391090 -12.680256 17.688673
vn 0.961772 -0.188132 0.198999
v 29.522745 -12.701450 17.032341
vn 0.961772 -0.188132 0.198999
v 29.530266 -12.416315 17.265553
vn 0.591521 -0.066971 0.803504
v 29.958616 -11.634529 17.084072
vn 0.591521 -0.066971 0.803504
v 29.621555 -11.628872 17.332680
vn 0.591521 -0.066971 0.803504
v 29.605646 -11.950046 17.317623
vn 0.697174 -0.438131 0.567441
v 29.530266 -12.416315 17.265553
vn 0.697174 -0.438131 0.567441
v 29.899933 -12.229791 16.955389
vn 0.697174 -0.438131 0.567441
v 29.913132 -12.186013 16.972975
vn 0.210896 -0.102966 0.972070
v 30.367672 -11.643585 16.995325
vn 0.210896 -0.102966 0.972070
v 29.950308 -11.882483 17.060570
vn 0.210896 -0.102966 0.972070
v 30.375265 -11.849425 16.971874
vn 0.215654 -0.219180 0.951553
v 30.375265 -11.849425 16.971874
vn 0.215654 -0.219180 0.951553
v 29.950308 -11.882483 17.060570
vn 0.215654 -0.219180 0.951553
v 29.944344 -11.981702 17.039068
vn 0.217484 -0.226187 0.949495
v 30.375265 -11.849425 16.971874
vn 0.217484 -0.226187 0.949495
v 29.944344 -11.981702 17.039068
vn 0.217484 -0.226187 0.949495
v 30.384043 -11.934962 16.949488
vn 0.222022 -0.330650 0.917266
v 30.384043 -11.934962 16.949488
vn 0.222022 -0.330650 0.917266
v 29.944344 -11.981702 17.039068
vn 0.222022 -0.330650 0.917266
v 29.913132 -12.186013 16.972975
vn 0.240233 -0.366531 0.898856
v 30.384043 -11.934962 16.949488
vn 0.240233 -0.366531 0.898856
v 29.913132 -12.186013 16.972975
vn 0.240233 -0.366531 0.898856
v 30.400764 -12.124873 16.867579
vn 0.241796 -0.423576 0.872994
v 30.400764 -12.124873 16.867579
vn 0.241796 -0.423576 0.872994
v 29.913132 -12.186013 16.972975
vn 0.241796 -0.423576 0.872994
v 29.899933 -12.229791 16.955389
vn 0.249390 -0.492732 0.833679
v 30.400764 -12.124873 16.867579
vn 0.249390 -0.492732 0.833679
v 29.899933 -12.229791 16.955389
vn 0.249390 -0.492732 0.833679
v 30.401285 -12.169795 16.840872
vn 0.208876 -0.099211 0.972897
v 30.367672 -11.643585 16.995325
vn 0.208876 -0.099211 0.972897
v 29.958616 -11.634529 17.084072
vn 0.208876 -0.099211 0.972897
v 29.950308 -11.882483 17.060570
vn 0.607052 -0.095120 0.788949
v 29.950308 -11.882483 17.060570
vn 0.607052 -0.095120 0.788949
v 29.958616 -11.634529 17.084072
vn 0.607052 -0.095120 0.788949
v 29.605646 -11.950046 17.317623
vn 0.610661 -0.202610 0.765534
v 29.950308 -11.882483 17.060570
vn 0.610661 -0.202610 0.765534
v 29.605646 -11.950046 17.317623
vn 0.610661 -0.202610 0.765534
v 29.944344 -11.981702 17.039068
vn 0.621800 -0.135202 0.771418
v 29.944344 -11.981702 17.039068
vn 0.621800 -0.135202 0.771418
v 29.605646 -11.950046 17.317623
vn 0.621800 -0.135202 0.771418
v 29.593227 -12.079596 17.304928
vn 0.626819 -0.324862 0.708211
v 29.944344 -11.981702 17.039068
vn 0.626819 -0.324862 0.708211
v 29.593227 -12.079596 17.304928
vn 0.626819 -0.324862 0.708211
v 29.913132 -12.186013 16.972975
vn 0.672776 -0.199717 0.712380
v 29.913132 -12.186013 16.972975
vn 0.672776 -0.199717 0.712380
v 29.593227 -12.079596 17.304928
vn 0.672776 -0.199717 0.712380
v 29.546249 -12.355471 17.271952
vn 0.678509 -0.250844 0.690437
v 29.913132 -12.186013 16.972975
vn 0.678509 -0.250844 0.690437
v 29.546249 -12.355471 17.271952
vn 0.678509 -0.250844 0.690437
v 29.530266 -12.416315 17.265553
vn 0.952672 -0.265779 0.147571
v 29.530266 -12.416315 17.265553
vn 0.952672 -0.265779 0.147571
v 29.546249 -12.355471 17.271952
vn 0.952672 -0.265779 0.147571
v 29.391090 -12.680256 17.688673
vn 0.943318 -0.026139 0.330858
v 29.391090 -12.680256 17.688673
vn 0.943318 -0.026139 0.330858
v 29.546249 -12.355471 17.271952
vn 0.943318 -0.026139 0.330858
v 29.393242 -12.590055 17.689661
vn 0.951485 -0.190873 0.241336
v 29.393242 -12.590055 17.689661
vn 0.951485 -0.190873 0.241336
v 29.546249 -12.355471 17.271952
vn 0.951485 -0.190873 0.241336
v 29.593227 -12.079596 17.304928
vn 0.900028 -0.024646 0.435135
v 29.393242 -12.590055 17.689661
vn 0.900028 -0.024646 0.435135
v 29.593227 -12.079596 17.304928
vn 0.900028 -0.024646 0.435135
v 29.402151 -12.209403 17.692793
vn 0.905979 -0.126436 0.404001
v 29.402151 -12.209403 17.692793
vn 0.905979 -0.126436 0.404001
v 29.593227 -12.079596 17.304928
vn 0.905979 -0.126436 0.404001
v 29.605646 -11.950046 17.317623
vn 0.885510 -0.023551 0.464024
v 29.402151 -12.209403 17.692793
vn 0.885510 -0.023551 0.464024
v 29.605646 -11.950046 17.317623
vn 0.885510 -0.023551 0.464024
v 29.405945 -12.038993 17.694204
vn 0.887880 -0.065331 0.455412
v 29.405945 -12.038993 17.694204
vn 0.887880 -0.065331 0.455412
v 29.605646 -11.950046 17.317623
vn 0.887880 -0.065331 0.455412
v 29.621555 -11.628872 17.332680
vn 0.870636 -0.024621 0.491310
v 29.405945 -12.038993 17.694204
vn 0.870636 -0.024621 0.491310
v 29.621555 -11.628872 17.332680
vn 0.870636 -0.024621 0.491310
v 29.415806 -11.627038 17.697374
vn 0.870640 -0.024467 0.491312
v 29.501743 -7.957880 17.727812
vn 0.870640 -0.024467 0.491312
v 29.415806 -11.627038 17.697374
vn 0.870640 -0.024467 0.491312
v 29.621555 -11.628872 17.332680
vn 0.836933 0.056178 0.544414
v 29.555851 -7.628296 17.610620
vn 0.836933 0.056178 0.544414
v 29.501743 -7.957880 17.727812
vn 0.836933 0.056178 0.544414
v 29.715185 -7.630057 17.365856
vn 0.870664 -0.024462 0.491270
v 29.715185 -7.630057 17.365856
vn 0.870664 -0.024462 0.491270
v 29.501743 -7.957880 17.727812
vn 0.870664 -0.024462 0.491270
v 29.621555 -11.628872 17.332680
vn 0.593114 -0.020565 0.804856
v 29.715185 -7.630057 17.365856
vn 0.593114 -0.020565 0.804856
v 29.621555 -11.628872 17.332680
vn 0.593114 -0.020565 0.804856
v 30.052540 -7.635884 17.117105
vn 0.593232 -0.020583 0.804768
v 30.052540 -7.635884 17.117105
vn 0.593232 -0.020583 0.804768
v 29.621555 -11.628872 17.332680
vn 0.593232 -0.020583 0.804768
v 29.958616 -11.634529 17.084072
vn 0.212073 -0.013054 0.977167
v 30.052540 -7.635884 17.117105
vn 0.212073 -0.013054 0.977167
v 29.958616 -11.634529 17.084072
vn 0.212073 -0.013054 0.977167
v 30.461773 -7.644748 17.028172
vn 0.211727 -0.013009 0.977242
v 30.461773 -7.644748 17.028172
vn 0.211727 -0.013009 0.977242
v 29.958616 -11.634529 17.084072
vn 0.211727 -0.013009 0.977242
v 30.367672 -11.643585 16.995325
vn 0.002276 0.196500 -0.980501
v 7.504142 -5.916000 -17.006113
vn 0.002276 0.196500 -0.980501
v 8.957716 -5.950223 -17.009598
vn 0.002276 0.196500 -0.980501
v 8.948826 -6.319652 -17.083654
vn 0.010310 0.224105 -0.974510
v 7.504142 -5.916000 -17.006113
vn 0.010310 0.224105 -0.974510
v 8.948826 -6.319652 -17.083654
vn 0.010310 0.224105 -0.974510
v 7.903866 -6.334496 -17.098124
vn 0.003845 0.545952 -0.837808
v 7.903866 -6.334496 -17.098124
vn 0.003845 0.545952 -0.837808
v 8.948826 -6.319652 -17.083654
vn 0.003845 0.545952 -0.837808
v 8.940899 -6.635375 -17.289431
vn 0.030621 0.609323 -0.792331
v 7.903866 -6.334496 -17.098124
vn 0.030621 0.609323 -0.792331
v 8.940899 -6.635375 -17.289431
vn 0.030621 0.609323 -0.792331
v 8.232991 -6.677988 -17.349558
vn -0.000172 0.816840 -0.576865
v 8.232991 -6.677988 -17.349558
vn -0.000172 0.816840 -0.576865
v 8.940899 -6.635375 -17.289431
vn -0.000172 0.816840 -0.576865
v 8.935101 -6.852639 -17.597075
vn 0.018484 0.840878 -0.540909
v 8.232991 -6.677988 -17.349558
vn 0.018484 0.840878 -0.540909
v 8.935101 -6.852639 -17.597075
vn 0.018484 0.840878 -0.540909
v 8.388777 -6.839819 -17.595812
vn -0.870637 0.024497 -0.491316
v 8.427188 -7.169540 -17.718592
vn -0.870637 0.024497 -0.491316
v 8.341073 -10.838456 -17.748926
vn -0.870637 0.024497 -0.491316
v 8.135324 -10.836867 -17.384249
vn -0.798883 0.125943 -0.588154
v 8.232991 -6.677988 -17.349558
vn -0.798883 0.125943 -0.588154
v 8.388777 -6.839819 -17.595812
vn -0.798883 0.125943 -0.588154
v 8.427188 -7.169540 -17.718592
vn -0.870838 0.024546 -0.490957
v 8.427188 -7.169540 -17.718592
vn -0.870838 0.024546 -0.490957
v 8.135324 -10.836867 -17.384249
vn -0.870838 0.024546 -0.490957
v 8.232991 -6.677988 -17.349558
vn -0.593651 0.020652 -0.804458
v 8.232991 -6.677988 -17.349558
vn -0.593651 0.020652 -0.804458
v 8.135324 -10.836867 -17.384249
vn -0.593651 0.020652 -0.804458
v 7.798280 -10.830807 -17.135370
vn -0.593279 0.020598 -0.804734
v 8.232991 -6.677988 -17.349558
vn -0.593279 0.020598 -0.804734
v 7.798280 -10.830807 -17.135370
vn -0.593279 0.020598 -0.804734
v 7.903866 -6.334496 -17.098124
vn -0.211060 0.013053 -0.977386
v 7.903866 -6.334496 -17.098124
vn -0.211060 0.013053 -0.977386
v 7.798280 -10.830807 -17.135370
vn -0.211060 0.013053 -0.977386
v 7.388966 -10.821914 -17.046864
vn -0.211277 0.013078 -0.977339
v 7.903866 -6.334496 -17.098124
vn -0.211277 0.013078 -0.977339
v 7.388966 -10.821914 -17.046864
vn -0.211277 0.013078 -0.977339
v 7.504142 -5.916000 -17.006113
vn -0.594118 -0.026428 -0.803944
v 7.798280 -10.830807 -17.135370
vn -0.594118 -0.026428 -0.803944
v 8.135324 -10.836867 -17.384249
vn -0.594118 -0.026428 -0.803944
v 8.136112 -11.158481 -17.374258
vn -0.716802 -0.397729 -0.572719
v 8.189509 -11.628796 -17.330149
vn -0.716802 -0.397729 -0.572719
v 7.828823 -11.430024 -17.016762
vn -0.716802 -0.397729 -0.572719
v 7.817651 -11.385858 -17.033451
vn -0.214335 -0.075536 -0.973835
v 7.388966 -10.821914 -17.046864
vn -0.214335 -0.075536 -0.973835
v 7.794677 -11.079503 -17.116179
vn -0.214335 -0.075536 -0.973835
v 7.371723 -11.027990 -17.027084
vn -0.224536 -0.190832 -0.955597
v 7.371723 -11.027990 -17.027084
vn -0.224536 -0.190832 -0.955597
v 7.794677 -11.079503 -17.116179
vn -0.224536 -0.190832 -0.955597
v 7.796169 -11.178980 -17.096663
vn -0.229402 -0.206554 -0.951162
v 7.371723 -11.027990 -17.027084
vn -0.229402 -0.206554 -0.951162
v 7.796169 -11.178980 -17.096663
vn -0.229402 -0.206554 -0.951162
v 7.359182 -11.112898 -17.005621
vn -0.238334 -0.306349 -0.921600
v 7.359182 -11.112898 -17.005621
vn -0.238334 -0.306349 -0.921600
v 7.796169 -11.178980 -17.096663
vn -0.238334 -0.306349 -0.921600
v 7.817651 -11.385858 -17.033451
vn -0.256661 -0.338806 -0.905172
v 7.359182 -11.112898 -17.005621
vn -0.256661 -0.338806 -0.905172
v 7.817651 -11.385858 -17.033451
vn -0.256661 -0.338806 -0.905172
v 7.333303 -11.303634 -16.926889
vn -0.261072 -0.398304 -0.879315
v 7.333303 -11.303634 -16.926889
vn -0.261072 -0.398304 -0.879315
v 7.817651 -11.385858 -17.033451
vn -0.261072 -0.398304 -0.879315
v 7.828823 -11.430024 -17.016762
vn -0.272209 -0.470288 -0.839483
v 7.333303 -11.303634 -16.926889
vn -0.272209 -0.470288 -0.839483
v 7.828823 -11.430024 -17.016762
vn -0.272209 -0.470288 -0.839483
v 7.330894 -11.348695 -16.900866
vn -0.212295 -0.072133 -0.974540
v 7.388966 -10.821914 -17.046864
vn -0.212295 -0.072133 -0.974540
v 7.798280 -10.830807 -17.135370
vn -0.212295 -0.072133 -0.974540
v 7.794677 -11.079503 -17.116179
vn -0.609827 -0.052195 -0.790814
v 7.794677 -11.079503 -17.116179
vn -0.609827 -0.052195 -0.790814
v 7.798280 -10.830807 -17.135370
vn -0.609827 -0.052195 -0.790814
v 8.136112 -11.158481 -17.374258
vn -0.618520 -0.160186 -0.769268
v 7.794677 -11.079503 -17.116179
vn -0.618520 -0.160186 -0.769268
v 8.136112 -11.158481 -17.374258
vn -0.618520 -0.160186 -0.769268
v 7.796169 -11.178980 -17.096663
vn -0.626602 -0.090748 -0.774038
v 7.796169 -11.178980 -17.096663
vn -0.626602 -0.090748 -0.774038
v 8.136112 -11.158481 -17.374258
vn -0.626602 -0.090748 -0.774038
v 8.142411 -11.289065 -17.364048
vn -0.640979 -0.284398 -0.712926
v 7.796169 -11.178980 -17.096663
vn -0.640979 -0.284398 -0.712926
v 8.142411 -11.289065 -17.364048
vn -0.640979 -0.284398 -0.712926
v 7.817651 -11.385858 -17.033451
vn -0.681395 -0.156118 -0.715072
v 7.817651 -11.385858 -17.033451
vn -0.681395 -0.156118 -0.715072
v 8.142411 -11.289065 -17.364048
vn -0.681395 -0.156118 -0.715072
v 8.176278 -11.567118 -17.335613
vn -0.689785 -0.209385 -0.693076
v 7.817651 -11.385858 -17.033451
vn -0.689785 -0.209385 -0.693076
v 8.176278 -11.567118 -17.335613
vn -0.689785 -0.209385 -0.693076
v 8.189509 -11.628796 -17.330149
vn -0.963818 -0.220086 -0.150388
v 8.189509 -11.628796 -17.330149
vn -0.963818 -0.220086 -0.150388
v 8.176278 -11.567118 -17.335613
vn -0.963818 -0.220086 -0.150388
v 8.316298 -11.891921 -17.757641
vn -0.943190 0.023982 -0.331386
v 8.316298 -11.891921 -17.757641
vn -0.943190 0.023982 -0.331386
v 8.176278 -11.567118 -17.335613
vn -0.943190 0.023982 -0.331386
v 8.318417 -11.801684 -17.757143
vn -0.959215 -0.141839 -0.244516
v 8.318417 -11.801684 -17.757143
vn -0.959215 -0.141839 -0.244516
v 8.176278 -11.567118 -17.335613
vn -0.959215 -0.141839 -0.244516
v 8.142411 -11.289065 -17.364048
vn -0.899957 0.024787 -0.435273
v 8.318417 -11.801684 -17.757143
vn -0.899957 0.024787 -0.435273
v 8.142411 -11.289065 -17.364048
vn -0.899957 0.024787 -0.435273
v 8.327386 -11.421033 -17.754013
vn -0.910593 -0.075692 -0.406314
v 8.327386 -11.421033 -17.754013
vn -0.910593 -0.075692 -0.406314
v 8.142411 -11.289065 -17.364048
vn -0.910593 -0.075692 -0.406314
v 8.136112 -11.158481 -17.374258
vn -0.885954 0.024433 -0.463129
v 8.327386 -11.421033 -17.754013
vn -0.885954 0.024433 -0.463129
v 8.136112 -11.158481 -17.374258
vn -0.885954 0.024433 -0.463129
v 8.331354 -11.250623 -17.752611
vn -0.890153 -0.016327 -0.455369
v 8.331354 -11.250623 -17.752611
vn -0.890153 -0.016327 -0.455369
v 8.136112 -11.158481 -17.374258
vn -0.890153 -0.016327 -0.455369
v 8.135324 -10.836867 -17.384249
vn -0.870627 0.024924 -0.491312
v 8.331354 -11.250623 -17.752611
vn -0.870627 0.024924 -0.491312
v 8.135324 -10.836867 -17.384249
vn -0.870627 0.024924 -0.491312
v 8.341073 -10.838456 -17.748926
vn -0.279330 -0.950997 -0.132590
v 7.818426 -11.974481 -16.057142
vn -0.279330 -0.950997 -0.132590
v 7.321715 -11.828876 -16.055059
vn -0.279330 -0.950997 -0.132590
v 7.818633 -11.933633 -16.350557
vn -0.279758 -0.950758 -0.133395
v 7.818633 -11.933633 -16.350557
vn -0.279758 -0.950758 -0.133395
v 7.321715 -11.828876 -16.055059
vn -0.279758 -0.950758 -0.133395
v 7.321914 -11.792678 -16.313477
vn -0.278799 -0.883346 -0.376789
v 7.818633 -11.933633 -16.350557
vn -0.278799 -0.883346 -0.376789
v 7.321914 -11.792678 -16.313477
vn -0.278799 -0.883346 -0.376789
v 7.820728 -11.818141 -16.622869
vn -0.278402 -0.883758 -0.376116
v 7.820728 -11.818141 -16.622869
vn -0.278402 -0.883758 -0.376116
v 7.321914 -11.792678 -16.313477
vn -0.278402 -0.883758 -0.376116
v 7.323703 -11.691011 -16.553684
vn -0.276316 -0.760521 -0.587586
v 7.820728 -11.818141 -16.622869
vn -0.276316 -0.760521 -0.587586
v 7.323703 -11.691011 -16.553684
vn -0.276316 -0.760521 -0.587586
v 7.824107 -11.648570 -16.843935
vn -0.276402 -0.760389 -0.587716
v 7.824107 -11.648570 -16.843935
vn -0.276402 -0.760389 -0.587716
v 7.323703 -11.691011 -16.553684
vn -0.276402 -0.760389 -0.587716
v 7.326768 -11.541425 -16.748663
vn -0.272882 -0.593112 -0.757465
v 7.824107 -11.648570 -16.843935
vn -0.272882 -0.593112 -0.757465
v 7.326768 -11.541425 -16.748663
vn -0.272882 -0.593112 -0.757465
v 7.828823 -11.430024 -17.016762
vn -0.273167 -0.592583 -0.757777
v 7.828823 -11.430024 -17.016762
vn -0.273167 -0.592583 -0.757777
v 7.326768 -11.541425 -16.748663
vn -0.273167 -0.592583 -0.757777
v 7.330894 -11.348695 -16.900866
vn -0.720620 -0.686567 -0.096606
v 8.175765 -12.348992 -16.061056
vn -0.720620 -0.686567 -0.096606
v 7.818426 -11.974481 -16.057142
vn -0.720620 -0.686567 -0.096606
v 8.176036 -12.294671 -16.449131
vn -0.720382 -0.686883 -0.096132
v 8.176036 -12.294671 -16.449131
vn -0.720382 -0.686883 -0.096132
v 7.818426 -11.974481 -16.057142
vn -0.720382 -0.686883 -0.096132
v 7.818633 -11.933633 -16.350557
vn -0.719742 -0.637347 -0.275245
v 8.176036 -12.294671 -16.449131
vn -0.719742 -0.637347 -0.275245
v 7.818633 -11.933633 -16.350557
vn -0.719742 -0.637347 -0.275245
v 8.178769 -12.142071 -16.809633
vn -0.719996 -0.636883 -0.275655
v 8.178769 -12.142071 -16.809633
vn -0.719996 -0.636883 -0.275655
v 7.818633 -11.933633 -16.350557
vn -0.719996 -0.636883 -0.275655
v 7.820728 -11.818141 -16.622869
vn -0.718637 -0.546098 -0.430510
v 8.178769 -12.142071 -16.809633
vn -0.718637 -0.546098 -0.430510
v 7.820728 -11.818141 -16.622869
vn -0.718637 -0.546098 -0.430510
v 8.183298 -11.917777 -17.101707
vn -0.718422 -0.546588 -0.430245
v 8.183298 -11.917777 -17.101707
vn -0.718422 -0.546588 -0.430245
v 7.820728 -11.818141 -16.622869
vn -0.718422 -0.546588 -0.430245
v 7.824107 -11.648570 -16.843935
vn -0.715832 -0.423495 -0.555191
v 8.183298 -11.917777 -17.101707
vn -0.715832 -0.423495 -0.555191
v 7.824107 -11.648570 -16.843935
vn -0.715832 -0.423495 -0.555191
v 8.189509 -11.628796 -17.330149
vn -0.715799 -0.423579 -0.555169
v 8.189509 -11.628796 -17.330149
vn -0.715799 -0.423579 -0.555169
v 7.824107 -11.648570 -16.843935
vn -0.715799 -0.423579 -0.555169
v 7.828823 -11.430024 -17.016762
vn -0.971281 -0.235515 -0.033844
v 8.297954 -12.852229 -16.065783
vn -0.971281 -0.235515 -0.033844
v 8.175765 -12.348992 -16.061056
vn -0.971281 -0.235515 -0.033844
v 8.298397 -12.779755 -16.582846
vn -0.971240 -0.235711 -0.033672
v 8.298397 -12.779755 -16.582846
vn -0.971240 -0.235711 -0.033672
v 8.175765 -12.348992 -16.061056
vn -0.971240 -0.235711 -0.033672
v 8.176036 -12.294671 -16.449131
vn -0.970977 -0.217504 -0.099481
v 8.298397 -12.779755 -16.582846
vn -0.970977 -0.217504 -0.099481
v 8.176036 -12.294671 -16.449131
vn -0.970977 -0.217504 -0.099481
v 8.301959 -12.575805 -17.063530
vn -0.970967 -0.217560 -0.099453
v 8.301959 -12.575805 -17.063530
vn -0.970967 -0.217560 -0.099453
v 8.176036 -12.294671 -16.449131
vn -0.970967 -0.217560 -0.099453
v 8.178769 -12.142071 -16.809633
vn -0.970388 -0.184016 -0.156477
v 8.301959 -12.575805 -17.063530
vn -0.970388 -0.184016 -0.156477
v 8.178769 -12.142071 -16.809633
vn -0.970388 -0.184016 -0.156477
v 8.308008 -12.276676 -17.452816
vn -0.970371 -0.184133 -0.156449
v 8.308008 -12.276676 -17.452816
vn -0.970371 -0.184133 -0.156449
v 8.178769 -12.142071 -16.809633
vn -0.970371 -0.184133 -0.156449
v 8.183298 -11.917777 -17.101707
vn -0.969433 -0.139193 -0.202052
v 8.308008 -12.276676 -17.452816
vn -0.969433 -0.139193 -0.202052
v 8.183298 -11.917777 -17.101707
vn -0.969433 -0.139193 -0.202052
v 8.316298 -11.891921 -17.757641
vn -0.969478 -0.138882 -0.202049
v 8.316298 -11.891921 -17.757641
vn -0.969478 -0.138882 -0.202049
v 8.183298 -11.917777 -17.101707
vn -0.969478 -0.138882 -0.202049
v 8.189509 -11.628796 -17.330149
vn -0.971765 -0.235952 0.000242
v 8.297954 -12.852229 -16.065783
vn -0.971765 -0.235952 0.000242
v 8.370828 -13.119479 16.032963
vn -0.971765 -0.235952 0.000242
v 8.175765 -12.348992 -16.061056
vn -0.971700 -0.236219 0.000235
v 8.175765 -12.348992 -16.061056
vn -0.971700 -0.236219 0.000235
v 8.370828 -13.119479 16.032963
vn -0.971700 -0.236219 0.000235
v 8.248622 -12.616774 16.037401
vn -0.723515 -0.690296 -0.004117
v 8.175765 -12.348992 -16.061056
vn -0.723515 -0.690296 -0.004117
v 8.248622 -12.616774 16.037401
vn -0.723515 -0.690296 -0.004117
v 7.818426 -11.974481 -16.057142
vn -0.723571 -0.690238 -0.004115
v 7.818426 -11.974481 -16.057142
vn -0.723571 -0.690238 -0.004115
v 8.248622 -12.616774 16.037401
vn -0.723571 -0.690238 -0.004115
v 7.891341 -12.242262 16.041311
vn -0.281322 -0.959585 -0.007366
v 7.818426 -11.974481 -16.057142
vn -0.281322 -0.959585 -0.007366
v 7.891341 -12.242262 16.041311
vn -0.281322 -0.959585 -0.007366
v 7.321715 -11.828876 -16.055059
vn -0.281441 -0.959550 -0.007364
v 7.321715 -11.828876 -16.055059
vn -0.281441 -0.959550 -0.007364
v 7.891341 -12.242262 16.041311
vn -0.281441 -0.959550 -0.007364
v 7.394635 -12.096592 16.043463
vn -0.269233 -0.605993 0.748522
v 7.906129 -11.713590 17.009499
vn -0.269233 -0.605993 0.748522
v 7.407631 -11.630569 16.897408
vn -0.269233 -0.605993 0.748522
v 7.900648 -11.929200 16.832972
vn -0.269075 -0.605781 0.748751
v 7.900648 -11.929200 16.832972
vn -0.269075 -0.605781 0.748751
v 7.407631 -11.630569 16.897408
vn -0.269075 -0.605781 0.748751
v 7.402783 -11.820519 16.741985
vn -0.273443 -0.769873 0.576650
v 7.900648 -11.929200 16.832972
vn -0.273443 -0.769873 0.576650
v 7.402783 -11.820519 16.741985
vn -0.273443 -0.769873 0.576650
v 7.896166 -12.095096 16.609364
vn -0.274174 -0.770568 0.575372
v 7.896166 -12.095096 16.609364
vn -0.274174 -0.770568 0.575372
v 7.402783 -11.820519 16.741985
vn -0.274174 -0.770568 0.575372
v 7.398889 -11.966553 16.544554
vn -0.277258 -0.889628 0.362892
v 7.896166 -12.095096 16.609364
vn -0.277258 -0.889628 0.362892
v 7.398889 -11.966553 16.544554
vn -0.277258 -0.889628 0.362892
v 7.892832 -12.205900 16.335178
vn -0.276959 -0.889495 0.363445
v 7.892832 -12.205900 16.335178
vn -0.276959 -0.889495 0.363445
v 7.398889 -11.966553 16.544554
vn -0.276959 -0.889495 0.363445
v 7.396045 -12.064446 16.302801
vn -0.279081 -0.952826 0.119314
v 7.892832 -12.205900 16.335178
vn -0.279081 -0.952826 0.119314
v 7.396045 -12.064446 16.302801
vn -0.279081 -0.952826 0.119314
v 7.891341 -12.242262 16.041311
vn -0.278922 -0.952834 0.119622
v 7.891341 -12.242262 16.041311
vn -0.278922 -0.952834 0.119622
v 7.396045 -12.064446 16.302801
vn -0.278922 -0.952834 0.119622
v 7.394635 -12.096592 16.043463
vn -0.713710 -0.433199 0.550414
v 8.268202 -11.917797 17.318272
vn -0.713710 -0.433199 0.550414
v 7.906129 -11.713590 17.009499
vn -0.713710 -0.433199 0.550414
v 8.260974 -12.202429 17.084881
vn -0.713462 -0.432937 0.550943
v 8.260974 -12.202429 17.084881
vn -0.713462 -0.432937 0.550943
v 7.906129 -11.713590 17.009499
vn -0.713462 -0.432937 0.550943
v 7.900648 -11.929200 16.832972
vn -0.716522 -0.553433 0.424628
v 8.260974 -12.202429 17.084881
vn -0.716522 -0.553433 0.424628
v 7.900648 -11.929200 16.832972
vn -0.716522 -0.553433 0.424628
v 8.255107 -12.422005 16.788801
vn -0.716404 -0.553372 0.424906
v 8.255107 -12.422005 16.788801
vn -0.716404 -0.553372 0.424906
v 7.900648 -11.929200 16.832972
vn -0.716404 -0.553372 0.424906
v 7.896166 -12.095096 16.609364
vn -0.718523 -0.641704 0.268217
v 8.255107 -12.422005 16.788801
vn -0.718523 -0.641704 0.268217
v 7.896166 -12.095096 16.609364
vn -0.718523 -0.641704 0.268217
v 8.250762 -12.568851 16.425833
vn -0.718589 -0.641694 0.268063
v 8.250762 -12.568851 16.425833
vn -0.718589 -0.641694 0.268063
v 7.896166 -12.095096 16.609364
vn -0.718589 -0.641694 0.268063
v 7.892832 -12.205900 16.335178
vn -0.720204 -0.688048 0.088855
v 8.250762 -12.568851 16.425833
vn -0.720204 -0.688048 0.088855
v 7.892832 -12.205900 16.335178
vn -0.720204 -0.688048 0.088855
v 8.248622 -12.616774 16.037401
vn -0.720235 -0.688025 0.088787
v 8.248622 -12.616774 16.037401
vn -0.720235 -0.688025 0.088787
v 7.892832 -12.205900 16.335178
vn -0.720235 -0.688025 0.088787
v 7.891341 -12.242262 16.041311
vn -0.968560 -0.142588 0.203865
v 8.396873 -12.187787 17.740746
vn -0.968560 -0.142588 0.203865
v 8.268202 -11.917797 17.318272
vn -0.968560 -0.142588 0.203865
v 8.387200 -12.567348 17.429321
vn -0.968556 -0.142584 0.203885
v 8.387200 -12.567348 17.429321
vn -0.968556 -0.142584 0.203885
v 8.268202 -11.917797 17.318272
vn -0.968556 -0.142584 0.203885
v 8.260974 -12.202429 17.084881
vn -0.969701 -0.186599 0.157672
v 8.387200 -12.567348 17.429321
vn -0.969701 -0.186599 0.157672
v 8.260974 -12.202429 17.084881
vn -0.969701 -0.186599 0.157672
v 8.379385 -12.859932 17.034992
vn -0.969714 -0.186596 0.157595
v 8.379385 -12.859932 17.034992
vn -0.969714 -0.186596 0.157595
v 8.260974 -12.202429 17.084881
vn -0.969714 -0.186596 0.157595
v 8.255107 -12.422005 16.788801
vn -0.970542 -0.219145 0.100113
v 8.379385 -12.859932 17.034992
vn -0.970542 -0.219145 0.100113
v 8.255107 -12.422005 16.788801
vn -0.970542 -0.219145 0.100113
v 8.373660 -13.055745 16.550859
vn -0.970508 -0.219211 0.100306
v 8.373660 -13.055745 16.550859
vn -0.970508 -0.219211 0.100306
v 8.255107 -12.422005 16.788801
vn -0.970508 -0.219211 0.100306
v 8.250762 -12.568851 16.425833
vn -0.971076 -0.236281 0.034388
v 8.373660 -13.055745 16.550859
vn -0.971076 -0.236281 0.034388
v 8.250762 -12.568851 16.425833
vn -0.971076 -0.236281 0.034388
v 8.370828 -13.119479 16.032963
vn -0.971051 -0.236364 0.034511
v 8.370828 -13.119479 16.032963
vn -0.971051 -0.236364 0.034511
v 8.250762 -12.568851 16.425833
vn -0.971051 -0.236364 0.034511
v 8.248622 -12.616774 16.037401
vn -0.589828 -0.067607 0.804694
v 8.214273 -11.126629 17.385551
vn -0.589828 -0.067607 0.804694
v 7.876100 -11.116668 17.138514
vn -0.589828 -0.067607 0.804694
v 7.872389 -11.364762 17.114948
vn -0.701976 -0.220848 0.677093
v 7.906129 -11.713590 17.009499
vn -0.701976 -0.220848 0.677093
v 8.268202 -11.917797 17.318272
vn -0.701976 -0.220848 0.677093
v 8.254982 -11.855989 17.324726
vn -0.883547 0.016682 0.468045
v 8.421709 -11.134510 17.749443
vn -0.883547 0.016682 0.468045
v 8.215021 -11.448289 17.370455
vn -0.883547 0.016682 0.468045
v 8.411990 -11.546489 17.745781
vn -0.891262 -0.085529 0.445351
v 8.411990 -11.546489 17.745781
vn -0.891262 -0.085529 0.445351
v 8.215021 -11.448289 17.370455
vn -0.891262 -0.085529 0.445351
v 8.221241 -11.578468 17.357901
vn -0.897804 0.018156 0.440020
v 8.411990 -11.546489 17.745781
vn -0.897804 0.018156 0.440020
v 8.221241 -11.578468 17.357901
vn -0.897804 0.018156 0.440020
v 8.407978 -11.716858 17.744625
vn -0.910185 -0.156505 0.383496
v 8.407978 -11.716858 17.744625
vn -0.910185 -0.156505 0.383496
v 8.221241 -11.578468 17.357901
vn -0.910185 -0.156505 0.383496
v 8.254982 -11.855989 17.324726
vn -0.941424 0.019135 0.336682
v 8.407978 -11.716858 17.744625
vn -0.941424 0.019135 0.336682
v 8.254982 -11.855989 17.324726
vn -0.941424 0.019135 0.336682
v 8.399057 -12.097498 17.741314
vn -0.953754 -0.224831 0.199511
v 8.399057 -12.097498 17.741314
vn -0.953754 -0.224831 0.199511
v 8.254982 -11.855989 17.324726
vn -0.953754 -0.224831 0.199511
v 8.268202 -11.917797 17.318272
vn -0.952557 0.021140 0.303625
v 8.399057 -12.097498 17.741314
vn -0.952557 0.021140 0.303625
v 8.268202 -11.917797 17.318272
vn -0.952557 0.021140 0.303625
v 8.396873 -12.187787 17.740746
vn -0.868718 -0.025236 0.494663
v 8.421709 -11.134510 17.749443
vn -0.868718 -0.025236 0.494663
v 8.214273 -11.126629 17.385551
vn -0.868718 -0.025236 0.494663
v 8.215021 -11.448289 17.370455
vn -0.603409 -0.038785 0.796488
v 8.215021 -11.448289 17.370455
vn -0.603409 -0.038785 0.796488
v 8.214273 -11.126629 17.385551
vn -0.603409 -0.038785 0.796488
v 7.872389 -11.364762 17.114948
vn -0.610806 -0.104867 0.784805
v 8.215021 -11.448289 17.370455
vn -0.610806 -0.104867 0.784805
v 7.872389 -11.364762 17.114948
vn -0.610806 -0.104867 0.784805
v 8.221241 -11.578468 17.357901
vn -0.631373 -0.170656 0.756468
v 8.221241 -11.578468 17.357901
vn -0.631373 -0.170656 0.756468
v 7.872389 -11.364762 17.114948
vn -0.631373 -0.170656 0.756468
v 7.873843 -11.463911 17.093794
vn -0.631042 -0.167276 0.757499
v 8.221241 -11.578468 17.357901
vn -0.631042 -0.167276 0.757499
v 7.873843 -11.463911 17.093794
vn -0.631042 -0.167276 0.757499
v 8.254982 -11.855989 17.324726
vn -0.694217 -0.285754 0.660611
v 8.254982 -11.855989 17.324726
vn -0.694217 -0.285754 0.660611
v 7.873843 -11.463911 17.093794
vn -0.694217 -0.285754 0.660611
v 7.894963 -11.669418 17.027096
vn -0.697910 -0.410274 0.587023
v 8.254982 -11.855989 17.324726
vn -0.697910 -0.410274 0.587023
v 7.894963 -11.669418 17.027096
vn -0.697910 -0.410274 0.587023
v 7.906129 -11.713590 17.009499
vn -0.264774 -0.413899 0.870966
v 7.906129 -11.713590 17.009499
vn -0.264774 -0.413899 0.870966
v 7.894963 -11.669418 17.027096
vn -0.264774 -0.413899 0.870966
v 7.407631 -11.630569 16.897408
vn -0.260715 -0.486181 0.834060
v 7.407631 -11.630569 16.897408
vn -0.260715 -0.486181 0.834060
v 7.894963 -11.669418 17.027096
vn -0.260715 -0.486181 0.834060
v 7.410174 -11.585735 16.924337
vn -0.249187 -0.322044 0.913342
v 7.410174 -11.585735 16.924337
vn -0.249187 -0.322044 0.913342
v 7.894963 -11.669418 17.027096
vn -0.249187 -0.322044 0.913342
v 7.873843 -11.463911 17.093794
vn -0.236521 -0.356864 0.903718
v 7.410174 -11.585735 16.924337
vn -0.236521 -0.356864 0.903718
v 7.873843 -11.463911 17.093794
vn -0.236521 -0.356864 0.903718
v 7.436422 -11.396578 17.005901
vn -0.223209 -0.206526 0.952641
v 7.436422 -11.396578 17.005901
vn -0.223209 -0.206526 0.952641
v 7.873843 -11.463911 17.093794
vn -0.223209 -0.206526 0.952641
v 7.872389 -11.364762 17.114948
vn -0.221308 -0.222083 0.949580
v 7.436422 -11.396578 17.005901
vn -0.221308 -0.222083 0.949580
v 7.872389 -11.364762 17.114948
vn -0.221308 -0.222083 0.949580
v 7.449040 -11.311821 17.028666
vn -0.209623 -0.089346 0.973692
v 7.449040 -11.311821 17.028666
vn -0.209623 -0.089346 0.973692
v 7.872389 -11.364762 17.114948
vn -0.209623 -0.089346 0.973692
v 7.876100 -11.116668 17.138514
vn -0.208557 -0.091686 0.973703
v 7.449040 -11.311821 17.028666
vn -0.208557 -0.091686 0.973703
v 7.876100 -11.116668 17.138514
vn -0.208557 -0.091686 0.973703
v 7.466274 -11.106290 17.051710
vn -0.830137 0.097007 0.549056
v 8.507707 -7.465347 17.779804
vn -0.830137 0.097007 0.549056
v 8.468816 -7.133678 17.662407
vn -0.830137 0.097007 0.549056
v 8.308125 -7.127793 17.418413
vn -0.868758 0.016266 0.494969
v 8.507707 -7.465347 17.779804
vn -0.868758 0.016266 0.494969
v 8.308125 -7.127793 17.418413
vn -0.868758 0.016266 0.494969
v 8.421709 -11.134510 17.749443
vn -0.207150 -0.003251 0.978304
v 7.560328 -7.107538 17.084911
vn -0.207150 -0.003251 0.978304
v 7.466274 -11.106290 17.051710
vn -0.207150 -0.003251 0.978304
v 7.969968 -7.117908 17.171616
vn -0.207285 -0.003233 0.978275
v 7.969968 -7.117908 17.171616
vn -0.207285 -0.003233 0.978275
v 7.466274 -11.106290 17.051710
vn -0.207285 -0.003233 0.978275
v 7.876100 -11.116668 17.138514
vn -0.589369 0.007148 0.807832
v 7.969968 -7.117908 17.171616
vn -0.589369 0.007148 0.807832
v 7.876100 -11.116668 17.138514
vn -0.589369 0.007148 0.807832
v 8.308125 -7.127793 17.418413
vn -0.589726 0.007205 0.807571
v 8.308125 -7.127793 17.418413
vn -0.589726 0.007205 0.807571
v 7.876100 -11.116668 17.138514
vn -0.589726 0.007205 0.807571
v 8.214273 -11.126629 17.385551
vn -0.868492 0.016312 0.495434
v 8.308125 -7.127793 17.418413
vn -0.868492 0.016312 0.495434
v 8.214273 -11.126629 17.385551
vn -0.868492 0.016312 0.495434
v 8.421709 -11.134510 17.749443
# 6240 vertices, 0 vertices normals

f 1//1 2//2 3//3
f 4//4 5//5 6//6
f 7//7 8//8 9//9
f 10//10 11//11 12//12
f 13//13 14//14 15//15
f 16//16 17//17 18//18
f 19//19 20//20 21//21
f 22//22 23//23 24//24
f 25//25 26//26 27//27
f 28//28 29//29 30//30
f 31//31 32//32 33//33
f 34//34 35//35 36//36
f 37//37 38//38 39//39
f 40//40 41//41 42//42
f 43//43 44//44 45//45
f 46//46 47//47 48//48
f 49//49 50//50 51//51
f 52//52 53//53 54//54
f 55//55 56//56 57//57
f 58//58 59//59 60//60
f 61//61 62//62 63//63
f 64//64 65//65 66//66
f 67//67 68//68 69//69
f 70//70 71//71 72//72
f 73//73 74//74 75//75
f 76//76 77//77 78//78
f 79//79 80//80 81//81
f 82//82 83//83 84//84
f 85//85 86//86 87//87
f 88//88 89//89 90//90
f 91//91 92//92 93//93
f 94//94 95//95 96//96
f 97//97 98//98 99//99
f 100//100 101//101 102//102
f 103//103 104//104 105//105
f 106//106 107//107 108//108
f 109//109 110//110 111//111
f 112//112 113//113 114//114
f 115//115 116//116 117//117
f 118//118 119//119 120//120
f 121//121 122//122 123//123
f 124//124 125//125 126//126
f 127//127 128//128 129//129
f 130//130 131//131 132//132
f 133//133 134//134 135//135
f 136//136 137//137 138//138
f 139//139 140//140 141//141
f 142//142 143//143 144//144
f 145//145 146//146 147//147
f 148//148 149//149 150//150
f 151//151 152//152 153//153
f 154//154 155//155 156//156
f 157//157 158//158 159//159
f 160//160 161//161 162//162
f 163//163 164//164 165//165
f 166//166 167//167 168//168
f 169//169 170//170 171//171
f 172//172 173//173 174//174
f 175//175 176//176 177//177
f 178//178 179//179 180//180
f 181//181 182//182 183//183
f 184//184 185//185 186//186
f 187//187 188//188 189//189
f 190//190 191//191 192//192
f 193//193 194//194 195//195
f 196//196 197//197 198//198
f 159//159 199//199 157//157
f 200//200 201//201 202//202
f 203//203 204//204 205//205
f 206//206 207//207 208//208
f 209//209 210//210 211//211
f 212//212 213//213 214//214
f 215//215 216//216 217//217
f 218//218 219//219 220//220
f 221//221 222//222 223//223
f 224//224 225//225 226//226
f 227//227 228//228 229//229
f 230//230 231//231 232//232
f 233//233 234//234 235//235
f 236//236 237//237 238//238
f 239//239 240//240 241//241
f 242//242 243//243 244//244
f 245//245 246//246 247//247
f 248//248 249//249 250//250
f 251//251 252//252 253//253
f 254//254 255//255 256//256
f 257//257 258//258 259//259
f 260//260 261//261 262//262
f 263//263 264//264 265//265
f 266//266 267//267 268//268
f 269//269 270//270 271//271
f 272//272 273//273 274//274
f 275//275 276//276 277//277
f 278//278 279//279 280//280
f 281//281 282//282 283//283
f 284//284 285//285 286//286
f 287//287 288//288 289//289
f 290//290 291//291 292//292
f 293//293 294//294 295//295
f 296//296 297//297 298//298
f 299//299 300//300 301//301
f 302//302 303//303 304//304
f 305//305 306//306 307//307
f 308//308 309//309 310//310
f 311//311 312//312 313//313
f 314//314 315//315 316//316
f 317//317 318//318 319//319
f 320//320 321//321 322//322
f 323//323 324//324 325//325
f 326//326 327//327 328//328
f 329//329 330//330 331//331
f 332//332 333//333 334//334
f 335//335 336//336 337//337
f 338//338 339//339 340//340
f 341//341 342//342 343//343
f 344//344 345//345 346//346
f 347//347 348//348 349//349
f 350//350 351//351 352//352
f 353//353 354//354 355//355
f 356//356 357//357 358//358
f 359//359 360//360 361//361
f 362//362 363//363 364//364
f 365//365 366//366 367//367
f 368//368 369//369 370//370
f 371//371 372//372 373//373
f 374//374 375//375 376//376
f 377//377 378//378 379//379
f 380//380 381//381 382//382
f 383//383 384//384 385//385
f 386//386 387//387 388//388
f 389//389 390//390 391//391
f 392//392 393//393 394//394
f 395//395 396//396 397//397
f 398//398 399//399 400//400
f 401//401 402//402 403//403
f 404//404 405//405 406//406
f 407//407 408//408 409//409
f 410//410 411//411 412//412
f 413//413 414//414 415//415
f 416//416 417//417 418//418
f 419//419 420//420 421//421
f 422//422 423//423 424//424
f 425//425 426//426 427//427
f 428//428 429//429 430//430
f 431//431 432//432 433//433
f 434//434 435//435 436//436
f 437//437 438//438 439//439
f 440//440 441//441 442//442
f 443//443 444//444 445//445
f 446//446 447//447 448//448
f 449//449 450//450 451//451
f 452//452 453//453 454//454
f 455//455 456//456 457//457
f 458//458 459//459 460//460
f 461//461 462//462 463//463
f 464//464 465//465 466//466
f 467//467 468//468 469//469
f 470//470 471//471 472//472
f 473//473 474//474 475//475
f 476//476 477//477 478//478
f 479//479 480//480 481//481
f 482//482 483//483 484//484
f 485//485 486//486 487//487
f 488//488 489//489 490//490
f 491//491 492//492 493//493
f 494//494 495//495 496//496
f 497//497 498//498 499//499
f 500//500 501//501 502//502
f 503//503 504//504 505//505
f 506//506 507//507 508//508
f 509//509 510//510 511//511
f 512//512 513//513 514//514
f 515//515 516//516 517//517
f 518//518 519//519 520//520
f 521//521 522//522 523//523
f 524//524 525//525 526//526
f 527//527 528//528 529//529
f 530//530 531//531 532//532
f 533//533 534//534 535//535
f 536//536 537//537 538//538
f 539//539 540//540 541//541
f 542//542 543//543 544//544
f 545//545 546//546 547//547
f 548//548 549//549 550//550
f 551//551 552//552 553//553
f 554//554 555//555 556//556
f 557//557 558//558 559//559
f 560//560 561//561 562//562
f 563//563 564//564 565//565
f 566//566 567//567 568//568
f 569//569 570//570 571//571
f 572//572 573//573 574//574
f 575//575 576//576 577//577
f 578//578 579//579 580//580
f 581//581 582//582 583//583
f 584//584 585//585 586//586
f 587//587 588//588 589//589
f 590//590 591//591 592//592
f 593//593 594//594 595//595
f 596//596 597//597 598//598
f 599//599 600//600 601//601
f 602//602 603//603 604//604
f 605//605 606//606 607//607
f 608//608 609//609 610//610
f 611//611 612//612 613//613
f 614//614 615//615 616//616
f 617//617 618//618 619//619
f 620//620 621//621 622//622
f 623//623 624//624 625//625
f 626//626 627//627 628//628
f 629//629 630//630 631//631
f 632//632 633//633 634//634
f 635//635 636//636 637//637
f 638//638 639//639 640//640
f 641//641 642//642 643//643
f 644//644 645//645 646//646
f 647//647 648//648 649//649
f 650//650 651//651 652//652
f 653//653 654//654 655//655
f 656//656 657//657 658//658
f 659//659 660//660 661//661
f 662//662 663//663 664//664
f 665//665 666//666 667//667
f 668//668 669//669 670//670
f 671//671 672//672 673//673
f 674//674 675//675 676//676
f 677//677 678//678 679//679
f 680//680 681//681 682//682
f 683//683 684//684 685//685
f 686//686 687//687 688//688
f 689//689 690//690 691//691
f 692//692 693//693 694//694
f 695//695 696//696 697//697
f 698//698 699//699 700//700
f 701//701 702//702 703//703
f 704//704 705//705 706//706
f 707//707 708//708 709//709
f 710//710 711//711 712//712
f 713//713 714//714 715//715
f 716//716 717//717 718//718
f 719//719 720//720 721//721
f 722//722 723//723 724//724
f 725//725 726//726 727//727
f 728//728 729//729 730//730
f 731//731 732//732 733//733
f 734//734 735//735 736//736
f 737//737 738//738 739//739
f 740//740 741//741 742//742
f 743//743 744//744 745//745
f 746//746 747//747 748//748
f 749//749 750//750 751//751
f 752//752 753//753 754//754
f 755//755 756//756 757//757
f 758//758 759//759 760//760
f 761//761 762//762 763//763
f 764//764 765//765 766//766
f 767//767 768//768 769//769
f 770//770 771//771 772//772
f 773//773 774//774 775//775
f 776//776 777//777 778//778
f 779//779 780//780 781//781
f 782//782 783//783 784//784
f 785//785 786//786 787//787
f 788//788 789//789 790//790
f 791//791 792//792 793//793
f 794//794 795//795 796//796
f 797//797 798//798 799//799
f 800//800 801//801 802//802
f 803//803 804//804 805//805
f 806//806 807//807 808//808
f 809//809 810//810 811//811
f 812//812 813//813 814//814
f 815//815 816//816 817//817
f 818//818 819//819 820//820
f 821//821 822//822 823//823
f 824//824 825//825 826//826
f 827//827 828//828 829//829
f 830//830 831//831 832//832
f 833//833 834//834 835//835
f 836//836 837//837 838//838
f 839//839 840//840 841//841
f 842//842 843//843 844//844
f 845//845 846//846 847//847
f 848//848 849//849 850//850
f 851//851 852//852 853//853
f 854//854 855//855 856//856
f 857//857 858//858 859//859
f 860//860 861//861 862//862
f 863//863 864//864 865//865
f 866//866 867//867 868//868
f 869//869 870//870 871//871
f 872//872 873//873 874//874
f 875//875 876//876 877//877
f 878//878 879//879 880//880
f 881//881 882//882 883//883
f 884//884 885//885 886//886
f 887//887 888//888 889//889
f 890//890 891//891 892//892
f 893//893 894//894 895//895
f 896//896 897//897 898//898
f 899//899 900//900 901//901
f 902//902 903//903 904//904
f 905//905 906//906 907//907
f 908//908 909//909 910//910
f 911//911 912//912 913//913
f 914//914 915//915 916//916
f 917//917 918//918 919//919
f 920//920 921//921 922//922
f 923//923 924//924 925//925
f 926//926 927//927 928//928
f 929//929 930//930 931//931
f 932//932 933//933 934//934
f 935//935 936//936 937//937
f 938//938 939//939 940//940
f 941//941 942//942 943//943
f 944//944 945//945 946//946
f 947//947 948//948 949//949
f 950//950 951//951 952//952
f 953//953 954//954 955//955
f 956//956 957//957 958//958
f 959//959 960//960 961//961
f 962//962 963//963 964//964
f 965//965 966//966 967//967
f 968//968 969//969 970//970
f 971//971 972//972 973//973
f 974//974 975//975 976//976
f 977//977 978//978 979//979
f 980//980 981//981 982//982
f 983//983 984//984 985//985
f 986//986 987//987 988//988
f 989//989 990//990 991//991
f 992//992 993//993 994//994
f 995//995 996//996 997//997
f 998//998 999//999 1000//1000
f 1001//1001 1002//1002 1003//1003
f 1004//1004 1005//1005 1006//1006
f 1007//1007 1008//1008 1009//1009
f 1010//1010 1011//1011 1012//1012
f 1013//1013 1014//1014 1015//1015
f 1016//1016 1017//1017 1018//1018
f 1019//1019 1020//1020 1021//1021
f 1022//1022 1023//1023 1024//1024
f 1025//1025 1026//1026 1027//1027
f 1028//1028 1029//1029 1030//1030
f 1031//1031 1032//1032 1033//1033
f 1034//1034 1035//1035 1036//1036
f 1037//1037 1038//1038 1039//1039
f 1040//1040 1041//1041 1042//1042
f 1043//1043 1044//1044 1045//1045
f 1046//1046 1047//1047 1048//1048
f 1049//1049 1050//1050 1051//1051
f 1052//1052 1053//1053 1054//1054
f 1055//1055 1056//1056 1057//1057
f 1058//1058 1059//1059 1060//1060
f 1061//1061 1062//1062 1063//1063
f 1064//1064 1065//1065 1066//1066
f 1067//1067 1068//1068 1069//1069
f 1070//1070 1071//1071 1072//1072
f 1073//1073 1074//1074 1075//1075
f 1076//1076 1077//1077 1078//1078
f 1079//1079 1080//1080 1081//1081
f 1082//1082 1083//1083 1084//1084
f 1085//1085 1086//1086 1087//1087
f 1088//1088 1089//1089 1090//1090
f 1091//1091 1092//1092 1093//1093
f 1094//1094 1095//1095 1096//1096
f 1097//1097 1098//1098 1099//1099
f 1100//1100 1101//1101 1102//1102
f 1103//1103 1104//1104 1105//1105
f 1106//1106 1107//1107 1108//1108
f 1109//1109 1110//1110 1111//1111
f 1112//1112 1113//1113 1114//1114
f 1115//1115 1116//1116 1117//1117
f 1118//1118 1119//1119 1120//1120
f 1121//1121 1122//1122 1123//1123
f 1124//1124 1125//1125 1126//1126
f 1127//1127 1128//1128 1129//1129
f 1130//1130 1131//1131 1132//1132
f 1133//1133 1134//1134 1135//1135
f 1136//1136 1137//1137 1138//1138
f 1139//1139 1140//1140 1141//1141
f 1142//1142 1143//1143 1144//1144
f 1145//1145 1146//1146 1147//1147
f 1148//1148 1149//1149 1150//1150
f 1151//1151 1152//1152 1153//1153
f 1154//1154 1155//1155 1156//1156
f 1157//1157 1158//1158 1159//1159
f 1160//1160 1161//1161 1162//1162
f 1163//1163 1164//1164 1165//1165
f 1166//1166 1167//1167 1168//1168
f 1169//1169 1170//1170 1171//1171
f 1172//1172 1173//1173 1174//1174
f 1175//1175 1176//1176 1177//1177
f 1178//1178 1179//1179 1180//1180
f 1181//1181 1182//1182 1183//1183
f 1184//1184 1185//1185 1186//1186
f 1187//1187 1188//1188 1189//1189
f 1190//1190 1191//1191 1192//1192
f 1193//1193 1194//1194 1195//1195
f 1196//1196 1197//1197 1198//1198
f 1199//1199 1200//1200 1201//1201
f 1202//1202 1203//1203 1204//1204
f 1205//1205 1206//1206 1207//1207
f 1208//1208 1209//1209 1210//1210
f 1211//1211 1212//1212 1213//1213
f 1214//1214 1215//1215 1216//1216
f 1217//1217 1218//1218 1219//1219
f 1220//1220 1221//1221 1222//1222
f 1223//1223 1224//1224 1225//1225
f 1226//1226 1227//1227 1228//1228
f 1229//1229 1230//1230 1231//1231
f 1232//1232 1233//1233 1234//1234
f 1235//1235 1236//1236 1237//1237
f 1238//1238 1239//1239 1240//1240
f 1241//1241 1242//1242 1243//1243
f 1244//1244 1245//1245 1246//1246
f 1247//1247 1248//1248 1249//1249
f 1250//1250 1251//1251 1252//1252
f 1253//1253 1254//1254 1255//1255
f 1255//1255 1254//1254 1256//1256
f 1257//1257 1258//1258 1259//1259
f 1260//1260 1261//1261 1262//1262
f 1263//1263 1264//1264 1265//1265
f 1266//1266 1267//1267 1268//1268
f 1269//1269 1270//1270 1271//1271
f 1272//1272 1273//1273 1274//1274
f 1275//1275 1276//1276 1277//1277
f 1278//1278 1279//1279 1280//1280
f 1281//1281 1282//1282 1283//1283
f 1284//1284 1285//1285 1286//1286
f 1287//1287 1288//1288 1289//1289
f 1290//1290 1291//1291 1292//1292
f 1293//1293 1294//1294 1295//1295
f 1296//1296 1297//1297 1298//1298
f 1299//1299 1300//1300 1301//1301
f 1302//1302 1303//1303 1304//1304
f 1305//1305 1306//1306 1307//1307
f 1308//1308 1309//1309 1310//1310
f 1311//1311 1312//1312 1313//1313
f 1314//1314 1315//1315 1316//1316
f 1317//1317 1318//1318 1319//1319
f 1320//1320 1321//1321 1322//1322
f 1323//1323 1324//1324 1325//1325
f 1326//1326 1327//1327 1328//1328
f 1329//1329 1330//1330 1331//1331
f 1332//1332 1333//1333 1334//1334
f 1335//1335 1336//1336 1337//1337
f 1338//1338 1339//1339 1340//1340
f 1341//1341 1342//1342 1343//1343
f 1344//1344 1345//1345 1346//1346
f 1347//1347 1348//1348 1349//1349
f 1350//1350 1351//1351 1352//1352
f 1353//1353 1354//1354 1355//1355
f 1356//1356 1357//1357 1358//1358
f 1359//1359 1360//1360 1361//1361
f 1362//1362 1363//1363 1364//1364
f 1365//1365 1366//1366 1367//1367
f 1368//1368 1369//1369 1370//1370
f 1371//1371 1372//1372 1373//1373
f 1374//1374 1375//1375 1376//1376
f 1377//1377 1378//1378 1379//1379
f 1380//1380 1381//1381 1382//1382
f 1383//1383 1384//1384 1385//1385
f 1386//1386 1387//1387 1388//1388
f 1389//1389 1390//1390 1391//1391
f 1392//1392 1393//1393 1394//1394
f 1395//1395 1396//1396 1397//1397
f 1398//1398 1399//1399 1400//1400
f 1401//1401 1402//1402 1403//1403
f 1404//1404 1405//1405 1406//1406
f 1407//1407 1408//1408 1409//1409
f 1410//1410 1411//1411 1412//1412
f 1413//1413 1414//1414 1415//1415
f 1416//1416 1417//1417 1418//1418
f 1419//1419 1420//1420 1421//1421
f 1422//1422 1423//1423 1424//1424
f 1425//1425 1426//1426 1427//1427
f 1428//1428 1429//1429 1430//1430
f 1431//1431 1432//1432 1433//1433
f 1434//1434 1435//1435 1436//1436
f 1437//1437 1438//1438 1439//1439
f 1440//1440 1441//1441 1442//1442
f 1443//1443 1444//1444 1445//1445
f 1446//1446 1447//1447 1448//1448
f 1449//1449 1450//1450 1451//1451
f 1452//1452 1453//1453 1454//1454
f 1455//1455 1456//1456 1457//1457
f 1458//1458 1459//1459 1460//1460
f 1461//1461 1462//1462 1463//1463
f 1464//1464 1465//1465 1466//1466
f 1467//1467 1468//1468 1469//1469
f 1470//1470 1471//1471 1472//1472
f 1473//1473 1474//1474 1475//1475
f 1476//1476 1477//1477 1478//1478
f 1479//1479 1480//1480 1481//1481
f 1482//1482 1483//1483 1484//1484
f 1485//1485 1486//1486 1487//1487
f 1488//1488 1489//1489 1490//1490
f 1491//1491 1492//1492 1493//1493
f 1494//1494 1495//1495 1496//1496
f 1497//1497 1498//1498 1499//1499
f 1500//1500 1501//1501 1502//1502
f 1503//1503 1504//1504 1505//1505
f 1506//1506 1507//1507 1508//1508
f 1509//1509 1510//1510 1511//1511
f 1512//1512 1513//1513 1514//1514
f 1515//1515 1516//1516 1517//1517
f 1518//1518 1519//1519 1520//1520
f 1521//1521 1522//1522 1523//1523
f 1524//1524 1525//1525 1526//1526
f 1527//1527 1528//1528 1529//1529
f 1530//1530 1531//1531 1532//1532
f 1533//1533 1534//1534 1535//1535
f 1536//1536 1537//1537 1538//1538
f 1539//1539 1540//1540 1541//1541
f 1542//1542 1543//1543 1544//1544
f 1545//1545 1546//1546 1547//1547
f 1548//1548 1549//1549 1550//1550
f 1551//1551 1552//1552 1553//1553
f 1554//1554 1555//1555 1556//1556
f 1557//1557 1558//1558 1559//1559
f 1560//1560 1561//1561 1562//1562
f 1563//1563 1564//1564 1565//1565
f 1566//1566 1567//1567 1568//1568
f 1569//1569 1570//1570 1571//1571
f 1572//1572 1573//1573 1574//1574
f 1575//1575 1576//1576 1577//1577
f 1578//1578 1579//1579 1580//1580
f 1581//1581 1582//1582 1583//1583
f 1584//1584 1585//1585 1586//1586
f 1587//1587 1588//1588 1589//1589
f 1590//1590 1591//1591 1592//1592
f 1593//1593 1594//1594 1595//1595
f 1596//1596 1597//1597 1598//1598
f 1599//1599 1600//1600 1601//1601
f 1602//1602 1603//1603 1604//1604
f 1605//1605 1606//1606 1607//1607
f 1608//1608 1609//1609 1610//1610
f 1611//1611 1612//1612 1613//1613
f 1614//1614 1615//1615 1616//1616
f 1617//1617 1618//1618 1619//1619
f 1620//1620 1621//1621 1622//1622
f 1623//1623 1624//1624 1625//1625
f 1626//1626 1627//1627 1628//1628
f 1629//1629 1630//1630 1631//1631
f 1632//1632 1633//1633 1634//1634
f 1635//1635 1636//1636 1637//1637
f 1638//1638 1639//1639 1640//1640
f 1641//1641 1642//1642 1643//1643
f 1644//1644 1645//1645 1646//1646
f 1647//1647 1648//1648 1649//1649
f 1650//1650 1651//1651 1652//1652
f 1653//1653 1654//1654 1655//1655
f 1656//1656 1657//1657 1658//1658
f 1659//1659 1660//1660 1661//1661
f 1662//1662 1663//1663 1664//1664
f 1664//1664 1663//1663 1665//1665
f 1666//1666 1667//1667 1668//1668
f 1669//1669 1670//1670 1671//1671
f 1672//1672 1673//1673 1674//1674
f 1675//1675 1676//1676 1677//1677
f 1678//1678 1679//1679 1680//1680
f 1681//1681 1682//1682 1683//1683
f 1684//1684 1685//1685 1686//1686
f 1687//1687 1688//1688 1689//1689
f 1690//1690 1691//1691 1692//1692
f 1693//1693 1694//1694 1695//1695
f 1696//1696 1697//1697 1698//1698
f 1698//1698 1697//1697 1699//1699
f 1700//1700 1701//1701 1702//1702
f 1703//1703 1704//1704 1705//1705
f 1706//1706 1707//1707 1708//1708
f 1709//1709 1710//1710 1711//1711
f 1712//1712 1713//1713 1714//1714
f 1715//1715 1716//1716 1717//1717
f 1718//1718 1719//1719 1720//1720
f 1721//1721 1722//1722 1723//1723
f 1724//1724 1725//1725 1726//1726
f 1727//1727 1728//1728 1729//1729
f 1730//1730 1731//1731 1732//1732
f 1733//1733 1734//1734 1735//1735
f 1736//1736 1737//1737 1738//1738
f 1739//1739 1740//1740 1741//1741
f 1742//1742 1743//1743 1744//1744
f 1745//1745 1746//1746 1747//1747
f 1748//1748 1749//1749 1750//1750
f 1751//1751 1752//1752 1753//1753
f 1754//1754 1755//1755 1756//1756
f 1757//1757 1758//1758 1759//1759
f 1760//1760 1761//1761 1762//1762
f 1763//1763 1764//1764 1765//1765
f 1766//1766 1767//1767 1768//1768
f 1769//1769 1770//1770 1771//1771
f 1772//1772 1773//1773 1774//1774
f 1775//1775 1776//1776 1777//1777
f 1778//1778 1779//1779 1780//1780
f 1781//1781 1782//1782 1783//1783
f 1784//1784 1785//1785 1786//1786
f 1787//1787 1788//1788 1789//1789
f 1790//1790 1791//1791 1792//1792
f 1793//1793 1794//1794 1795//1795
f 1796//1796 1797//1797 1798//1798
f 1799//1799 1800//1800 1801//1801
f 1802//1802 1803//1803 1804//1804
f 1805//1805 1806//1806 1807//1807
f 1808//1808 1809//1809 1810//1810
f 1811//1811 1812//1812 1813//1813
f 1814//1814 1815//1815 1816//1816
f 1817//1817 1818//1818 1819//1819
f 1820//1820 1821//1821 1822//1822
f 1823//1823 1824//1824 1825//1825
f 1826//1826 1827//1827 1828//1828
f 1829//1829 1830//1830 1831//1831
f 1832//1832 1833//1833 1834//1834
f 1835//1835 1836//1836 1837//1837
f 1838//1838 1839//1839 1840//1840
f 1841//1841 1842//1842 1843//1843
f 1844//1844 1845//1845 1846//1846
f 1847//1847 1848//1848 1849//1849
f 1850//1850 1851//1851 1852//1852
f 1853//1853 1854//1854 1855//1855
f 1856//1856 1857//1857 1858//1858
f 1859//1859 1860//1860 1861//1861
f 1862//1862 1863//1863 1864//1864
f 1865//1865 1866//1866 1867//1867
f 1868//1868 1869//1869 1870//1870
f 1871//1871 1872//1872 1873//1873
f 1874//1874 1875//1875 1876//1876
f 1877//1877 1878//1878 1879//1879
f 1880//1880 1881//1881 1882//1882
f 1883//1883 1884//1884 1885//1885
f 1886//1886 1887//1887 1888//1888
f 1889//1889 1890//1890 1891//1891
f 1892//1892 1893//1893 1894//1894
f 1895//1895 1896//1896 1897//1897
f 1898//1898 1899//1899 1900//1900
f 1901//1901 1902//1902 1903//1903
f 1904//1904 1905//1905 1906//1906
f 1907//1907 1908//1908 1909//1909
f 1910//1910 1911//1911 1912//1912
f 1913//1913 1914//1914 1915//1915
f 1916//1916 1917//1917 1918//1918
f 1919//1919 1920//1920 1921//1921
f 1922//1922 1923//1923 1924//1924
f 1925//1925 1926//1926 1927//1927
f 1928//1928 1929//1929 1930//1930
f 1931//1931 1932//1932 1933//1933
f 1934//1934 1935//1935 1936//1936
f 1937//1937 1938//1938 1939//1939
f 1940//1940 1941//1941 1942//1942
f 1943//1943 1944//1944 1945//1945
f 1946//1946 1947//1947 1948//1948
f 1949//1949 1950//1950 1951//1951
f 1952//1952 1953//1953 1954//1954
f 1955//1955 1956//1956 1957//1957
f 1958//1958 1959//1959 1960//1960
f 1961//1961 1962//1962 1963//1963
f 1964//1964 1965//1965 1966//1966
f 1967//1967 1968//1968 1969//1969
f 1970//1970 1971//1971 1972//1972
f 1973//1973 1974//1974 1975//1975
f 1976//1976 1977//1977 1978//1978
f 1979//1979 1980//1980 1981//1981
f 1982//1982 1983//1983 1984//1984
f 1985//1985 1986//1986 1987//1987
f 1988//1988 1989//1989 1990//1990
f 1991//1991 1992//1992 1993//1993
f 1994//1994 1995//1995 1996//1996
f 1997//1997 1998//1998 1999//1999
f 2000//2000 2001//2001 2002//2002
f 2003//2003 2004//2004 2005//2005
f 2006//2006 2007//2007 2008//2008
f 2009//2009 2010//2010 2011//2011
f 2012//2012 2013//2013 2014//2014
f 2015//2015 2016//2016 2017//2017
f 2018//2018 2019//2019 2020//2020
f 2021//2021 2022//2022 2023//2023
f 2024//2024 2025//2025 2026//2026
f 2027//2027 2028//2028 2029//2029
f 2030//2030 2031//2031 2032//2032
f 2033//2033 2034//2034 2035//2035
f 2036//2036 2037//2037 2038//2038
f 2039//2039 2040//2040 2041//2041
f 2042//2042 2043//2043 2044//2044
f 2045//2045 2046//2046 2047//2047
f 2048//2048 2049//2049 2050//2050
f 2051//2051 2052//2052 2053//2053
f 2054//2054 2055//2055 2056//2056
f 2057//2057 2058//2058 2059//2059
f 2060//2060 2061//2061 2062//2062
f 2063//2063 2064//2064 2065//2065
f 2066//2066 2067//2067 2068//2068
f 2069//2069 2070//2070 2071//2071
f 2072//2072 2073//2073 2074//2074
f 2075//2075 2076//2076 2077//2077
f 2078//2078 2079//2079 2080//2080
f 2081//2081 2082//2082 2083//2083
f 2084//2084 2085//2085 2086//2086
f 2087//2087 2088//2088 2089//2089
f 2090//2090 2091//2091 2092//2092
f 2093//2093 2094//2094 2095//2095
f 2096//2096 2097//2097 2098//2098
f 2099//2099 2100//2100 2101//2101
f 2102//2102 2103//2103 2104//2104
f 2105//2105 2106//2106 2107//2107
f 2108//2108 2109//2109 2110//2110
f 2111//2111 2112//2112 2113//2113
f 2114//2114 2115//2115 2116//2116
f 2117//2117 2118//2118 2119//2119
f 2120//2120 2121//2121 2122//2122
f 2123//2123 2124//2124 2125//2125
f 2126//2126 2127//2127 2128//2128
f 2129//2129 2130//2130 2131//2131
f 2132//2132 2133//2133 2134//2134
f 2135//2135 2136//2136 2137//2137
f 2138//2138 2139//2139 2140//2140
f 2141//2141 2142//2142 2143//2143
f 2144//2144 2145//2145 2146//2146
f 2147//2147 2148//2148 2149//2149
f 2150//2150 2151//2151 2152//2152
f 2153//2153 2154//2154 2155//2155
f 2156//2156 2157//2157 2158//2158
f 2159//2159 2160//2160 2161//2161
f 2162//2162 2163//2163 2164//2164
f 2165//2165 2166//2166 2167//2167
f 2168//2168 2169//2169 2170//2170
f 2171//2171 2172//2172 2173//2173
f 2174//2174 2175//2175 2176//2176
f 2177//2177 2178//2178 2179//2179
f 2180//2180 2181//2181 2182//2182
f 2183//2183 2184//2184 2185//2185
f 2186//2186 2187//2187 2188//2188
f 2189//2189 2190//2190 2191//2191
f 2192//2192 2193//2193 2194//2194
f 2195//2195 2196//2196 2197//2197
f 2198//2198 2199//2199 2200//2200
f 2201//2201 2202//2202 2203//2203
f 2204//2204 2205//2205 2206//2206
f 2207//2207 2208//2208 2209//2209
f 2210//2210 2211//2211 2212//2212
f 2213//2213 2214//2214 2215//2215
f 2216//2216 2217//2217 2218//2218
f 2219//2219 2220//2220 2221//2221
f 2222//2222 2223//2223 2224//2224
f 2225//2225 2226//2226 2227//2227
f 2228//2228 2229//2229 2230//2230
f 2231//2231 2232//2232 2233//2233
f 2234//2234 2235//2235 2236//2236
f 2237//2237 2238//2238 2239//2239
f 2240//2240 2241//2241 2242//2242
f 2243//2243 2244//2244 2245//2245
f 2246//2246 2247//2247 2248//2248
f 2249//2249 2250//2250 2251//2251
f 2252//2252 2253//2253 2254//2254
f 2255//2255 2256//2256 2257//2257
f 2258//2258 2259//2259 2260//2260
f 2261//2261 2262//2262 2263//2263
f 2264//2264 2265//2265 2266//2266
f 2267//2267 2268//2268 2269//2269
f 2270//2270 2271//2271 2272//2272
f 2273//2273 2274//2274 2275//2275
f 2276//2276 2277//2277 2278//2278
f 2279//2279 2280//2280 2281//2281
f 2282//2282 2283//2283 2284//2284
f 2285//2285 2286//2286 2287//2287
f 2288//2288 2289//2289 2290//2290
f 2291//2291 2292//2292 2293//2293
f 2294//2294 2295//2295 2296//2296
f 2297//2297 2298//2298 2299//2299
f 2300//2300 2301//2301 2302//2302
f 2303//2303 2304//2304 2305//2305
f 2306//2306 2307//2307 2308//2308
f 2309//2309 2310//2310 2311//2311
f 2312//2312 2313//2313 2314//2314
f 2315//2315 2316//2316 2317//2317
f 2318//2318 2319//2319 2320//2320
f 2321//2321 2322//2322 2323//2323
f 2324//2324 2325//2325 2326//2326
f 2327//2327 2328//2328 2329//2329
f 2330//2330 2331//2331 2332//2332
f 2333//2333 2334//2334 2335//2335
f 2336//2336 2337//2337 2338//2338
f 2339//2339 2340//2340 2341//2341
f 2342//2342 2343//2343 2344//2344
f 2345//2345 2346//2346 2347//2347
f 2348//2348 2349//2349 2350//2350
f 2351//2351 2352//2352 2353//2353
f 2354//2354 2355//2355 2356//2356
f 2357//2357 2358//2358 2359//2359
f 2360//2360 2361//2361 2362//2362
f 2363//2363 2364//2364 2365//2365
f 2366//2366 2367//2367 2368//2368
f 2369//2369 2370//2370 2371//2371
f 2372//2372 2373//2373 2374//2374
f 2375//2375 2376//2376 2377//2377
f 2378//2378 2379//2379 2380//2380
f 2381//2381 2382//2382 2383//2383
f 2384//2384 2385//2385 2386//2386
f 2387//2387 2388//2388 2389//2389
f 2390//2390 2391//2391 2392//2392
f 2393//2393 2394//2394 2395//2395
f 2396//2396 2397//2397 2398//2398
f 2399//2399 2400//2400 2401//2401
f 2402//2402 2403//2403 2404//2404
f 2405//2405 2406//2406 2407//2407
f 2408//2408 2409//2409 2410//2410
f 2411//2411 2412//2412 2413//2413
f 2414//2414 2415//2415 2416//2416
f 2417//2417 2418//2418 2419//2419
f 2420//2420 2421//2421 2422//2422
f 2423//2423 2424//2424 2425//2425
f 2426//2426 2427//2427 2428//2428
f 2429//2429 2430//2430 2431//2431
f 2432//2432 2433//2433 2434//2434
f 2435//2435 2436//2436 2437//2437
f 2438//2438 2439//2439 2440//2440
f 2441//2441 2442//2442 2443//2443
f 2444//2444 2445//2445 2446//2446
f 2447//2447 2448//2448 2449//2449
f 2450//2450 2451//2451 2452//2452
f 2453//2453 2454//2454 2455//2455
f 2456//2456 2457//2457 2458//2458
f 2459//2459 2460//2460 2461//2461
f 2462//2462 2463//2463 2464//2464
f 2465//2465 2466//2466 2467//2467
f 2468//2468 2469//2469 2470//2470
f 2471//2471 2472//2472 2473//2473
f 2474//2474 2475//2475 2476//2476
f 2477//2477 2478//2478 2479//2479
f 2480//2480 2481//2481 2482//2482
f 2483//2483 2484//2484 2485//2485
f 2486//2486 2487//2487 2488//2488
f 2489//2489 2490//2490 2491//2491
f 2492//2492 2493//2493 2494//2494
f 2495//2495 2496//2496 2497//2497
f 2498//2498 2499//2499 2500//2500
f 2501//2501 2502//2502 2503//2503
f 2504//2504 2505//2505 2506//2506
f 2507//2507 2508//2508 2509//2509
f 2510//2510 2511//2511 2512//2512
f 2513//2513 2514//2514 2515//2515
f 2516//2516 2517//2517 2518//2518
f 2519//2519 2520//2520 2521//2521
f 2522//2522 2523//2523 2524//2524
f 2525//2525 2526//2526 2527//2527
f 2528//2528 2529//2529 2530//2530
f 2531//2531 2532//2532 2533//2533
f 2534//2534 2535//2535 2536//2536
f 2537//2537 2538//2538 2539//2539
f 2540//2540 2541//2541 2542//2542
f 2543//2543 2544//2544 2545//2545
f 2546//2546 2547//2547 2548//2548
f 2549//2549 2550//2550 2551//2551
f 2552//2552 2553//2553 2554//2554
f 2555//2555 2556//2556 2557//2557
f 2558//2558 2559//2559 2560//2560
f 2561//2561 2562//2562 2563//2563
f 2564//2564 2565//2565 2566//2566
f 2567//2567 2568//2568 2569//2569
f 2570//2570 2571//2571 2572//2572
f 2573//2573 2574//2574 2575//2575
f 2576//2576 2577//2577 2578//2578
f 2579//2579 2580//2580 2581//2581
f 2582//2582 2583//2583 2584//2584
f 2585//2585 2586//2586 2587//2587
f 2588//2588 2589//2589 2590//2590
f 2591//2591 2592//2592 2593//2593
f 2594//2594 2595//2595 2596//2596
f 2597//2597 2598//2598 2599//2599
f 2600//2600 2601//2601 2602//2602
f 2603//2603 2604//2604 2605//2605
f 2606//2606 2607//2607 2608//2608
f 2609//2609 2610//2610 2611//2611
f 2612//2612 2613//2613 2614//2614
f 2615//2615 2616//2616 2617//2617
f 2618//2618 2619//2619 2620//2620
f 2621//2621 2622//2622 2623//2623
f 2624//2624 2625//2625 2626//2626
f 2627//2627 2628//2628 2629//2629
f 2630//2630 2631//2631 2632//2632
f 2633//2633 2634//2634 2635//2635
f 2636//2636 2637//2637 2638//2638
f 2639//2639 2640//2640 2641//2641
f 2642//2642 2643//2643 2644//2644
f 2645//2645 2646//2646 2647//2647
f 2648//2648 2649//2649 2650//2650
f 2651//2651 2652//2652 2653//2653
f 2654//2654 2655//2655 2656//2656
f 2657//2657 2658//2658 2659//2659
f 2660//2660 2661//2661 2662//2662
f 2663//2663 2664//2664 2665//2665
f 2666//2666 2667//2667 2668//2668
f 2669//2669 2670//2670 2671//2671
f 2672//2672 2673//2673 2674//2674
f 2675//2675 2676//2676 2677//2677
f 2678//2678 2679//2679 2680//2680
f 2681//2681 2682//2682 2683//2683
f 2684//2684 2685//2685 2686//2686
f 2687//2687 2688//2688 2689//2689
f 2690//2690 2691//2691 2692//2692
f 2693//2693 2694//2694 2695//2695
f 2696//2696 2697//2697 2698//2698
f 2699//2699 2700//2700 2701//2701
f 2702//2702 2703//2703 2704//2704
f 2705//2705 2706//2706 2707//2707
f 2708//2708 2709//2709 2710//2710
f 2711//2711 2712//2712 2713//2713
f 2714//2714 2715//2715 2716//2716
f 2717//2717 2718//2718 2719//2719
f 2720//2720 2721//2721 2722//2722
f 2723//2723 2724//2724 2725//2725
f 2726//2726 2727//2727 2728//2728
f 2729//2729 2730//2730 2731//2731
f 2732//2732 2733//2733 2734//2734
f 2735//2735 2736//2736 2737//2737
f 2738//2738 2739//2739 2740//2740
f 2741//2741 2742//2742 2743//2743
f 2744//2744 2745//2745 2746//2746
f 2747//2747 2748//2748 2749//2749
f 2750//2750 2751//2751 2752//2752
f 2753//2753 2754//2754 2755//2755
f 2756//2756 2757//2757 2758//2758
f 2759//2759 2760//2760 2761//2761
f 2762//2762 2763//2763 2764//2764
f 2765//2765 2766//2766 2767//2767
f 2768//2768 2769//2769 2770//2770
f 2771//2771 2772//2772 2773//2773
f 2774//2774 2775//2775 2776//2776
f 2777//2777 2778//2778 2779//2779
f 2780//2780 2781//2781 2782//2782
f 2783//2783 2784//2784 2785//2785
f 2786//2786 2787//2787 2788//2788
f 2789//2789 2790//2790 2791//2791
f 2792//2792 2793//2793 2794//2794
f 2795//2795 2796//2796 2797//2797
f 2798//2798 2799//2799 2800//2800
f 2801//2801 2802//2802 2803//2803
f 2804//2804 2805//2805 2806//2806
f 2807//2807 2808//2808 2809//2809
f 2810//2810 2811//2811 2812//2812
f 2813//2813 2814//2814 2815//2815
f 2816//2816 2817//2817 2818//2818
f 2819//2819 2820//2820 2821//2821
f 2822//2822 2823//2823 2824//2824
f 2825//2825 2826//2826 2827//2827
f 2828//2828 2829//2829 2830//2830
f 2831//2831 2832//2832 2833//2833
f 2834//2834 2835//2835 2836//2836
f 2837//2837 2838//2838 2839//2839
f 2840//2840 2841//2841 2842//2842
f 2843//2843 2844//2844 2845//2845
f 2846//2846 2847//2847 2848//2848
f 2849//2849 2850//2850 2851//2851
f 2852//2852 2853//2853 2854//2854
f 2855//2855 2856//2856 2857//2857
f 2858//2858 2859//2859 2860//2860
f 2861//2861 2862//2862 2863//2863
f 2864//2864 2865//2865 2866//2866
f 2867//2867 2868//2868 2869//2869
f 2870//2870 2871//2871 2872//2872
f 2873//2873 2874//2874 2875//2875
f 2876//2876 2877//2877 2878//2878
f 2879//2879 2880//2880 2881//2881
f 2882//2882 2883//2883 2884//2884
f 2885//2885 2886//2886 2887//2887
f 2888//2888 2889//2889 2890//2890
f 2891//2891 2892//2892 2893//2893
f 2894//2894 2895//2895 2896//2896
f 2897//2897 2898//2898 2899//2899
f 2900//2900 2901//2901 2902//2902
f 2903//2903 2904//2904 2905//2905
f 2906//2906 2907//2907 2908//2908
f 2909//2909 2910//2910 2911//2911
f 2912//2912 2913//2913 2914//2914
f 2915//2915 2916//2916 2917//2917
f 2918//2918 2919//2919 2920//2920
f 2921//2921 2922//2922 2923//2923
f 2924//2924 2925//2925 2926//2926
f 2927//2927 2928//2928 2929//2929
f 2930//2930 2931//2931 2932//2932
f 2933//2933 2934//2934 2935//2935
f 2936//2936 2937//2937 2938//2938
f 2939//2939 2940//2940 2941//2941
f 2942//2942 2943//2943 2944//2944
f 2945//2945 2946//2946 2947//2947
f 2948//2948 2949//2949 2950//2950
f 2951//2951 2952//2952 2953//2953
f 2954//2954 2955//2955 2956//2956
f 2957//2957 2958//2958 2959//2959
f 2960//2960 2961//2961 2962//2962
f 2963//2963 2964//2964 2965//2965
f 2966//2966 2967//2967 2968//2968
f 2969//2969 2970//2970 2971//2971
f 2972//2972 2973//2973 2974//2974
f 2975//2975 2976//2976 2977//2977
f 2978//2978 2979//2979 2980//2980
f 2981//2981 2982//2982 2983//2983
f 2984//2984 2985//2985 2986//2986
f 2987//2987 2988//2988 2989//2989
f 2990//2990 2991//2991 2992//2992
f 2993//2993 2994//2994 2995//2995
f 2996//2996 2997//2997 2998//2998
f 2999//2999 3000//3000 3001//3001
f 3002//3002 3003//3003 3004//3004
f 3005//3005 3006//3006 3007//3007
f 3008//3008 3009//3009 3010//3010
f 3011//3011 3012//3012 3013//3013
f 3014//3014 3015//3015 3016//3016
f 3017//3017 3018//3018 3019//3019
f 3020//3020 3021//3021 3022//3022
f 3023//3023 3024//3024 3025//3025
f 3026//3026 3027//3027 3028//3028
f 3029//3029 3030//3030 3031//3031
f 3032//3032 3033//3033 3034//3034
f 3035//3035 3036//3036 3037//3037
f 3038//3038 3039//3039 3040//3040
f 3041//3041 3042//3042 3043//3043
f 3044//3044 3045//3045 3046//3046
f 3047//3047 3048//3048 3049//3049
f 3050//3050 3051//3051 3052//3052
f 3053//3053 3054//3054 3055//3055
f 3056//3056 3057//3057 3058//3058
f 3059//3059 3060//3060 3061//3061
f 3062//3062 3063//3063 3064//3064
f 3065//3065 3066//3066 3067//3067
f 3068//3068 3069//3069 3070//3070
f 3071//3071 3072//3072 3073//3073
f 3074//3074 3075//3075 3076//3076
f 3077//3077 3078//3078 3079//3079
f 3080//3080 3081//3081 3082//3082
f 3083//3083 3084//3084 3085//3085
f 3086//3086 3087//3087 3088//3088
f 3089//3089 3090//3090 3091//3091
f 3092//3092 3093//3093 3094//3094
f 3095//3095 3096//3096 3097//3097
f 3098//3098 3099//3099 3100//3100
f 3101//3101 3102//3102 3103//3103
f 3104//3104 3105//3105 3106//3106
f 3107//3107 3108//3108 3109//3109
f 3110//3110 3111//3111 3112//3112
f 3113//3113 3114//3114 3115//3115
f 3116//3116 3117//3117 3118//3118
f 3119//3119 3120//3120 3121//3121
f 3122//3122 3123//3123 3124//3124
f 3125//3125 3126//3126 3127//3127
f 3128//3128 3129//3129 3130//3130
f 3131//3131 3132//3132 3133//3133
f 3134//3134 3135//3135 3136//3136
f 3137//3137 3138//3138 3139//3139
f 3140//3140 3141//3141 3142//3142
f 3143//3143 3144//3144 3145//3145
f 3146//3146 3147//3147 3148//3148
f 3149//3149 3150//3150 3151//3151
f 3152//3152 3153//3153 3154//3154
f 3155//3155 3156//3156 3157//3157
f 3158//3158 3159//3159 3160//3160
f 3161//3161 3162//3162 3163//3163
f 3164//3164 3165//3165 3166//3166
f 3167//3167 3168//3168 3169//3169
f 3170//3170 3171//3171 3172//3172
f 3173//3173 3174//3174 3175//3175
f 3176//3176 3177//3177 3178//3178
f 3179//3179 3180//3180 3181//3181
f 3182//3182 3183//3183 3184//3184
f 3185//3185 3186//3186 3187//3187
f 3188//3188 3189//3189 3190//3190
f 3191//3191 3192//3192 3193//3193
f 3194//3194 3195//3195 3196//3196
f 3197//3197 3198//3198 3199//3199
f 3200//3200 3201//3201 3202//3202
f 3203//3203 3204//3204 3205//3205
f 3206//3206 3207//3207 3208//3208
f 3209//3209 3210//3210 3211//3211
f 3212//3212 3213//3213 3214//3214
f 3215//3215 3216//3216 3217//3217
f 3218//3218 3219//3219 3220//3220
f 3221//3221 3222//3222 3223//3223
f 3224//3224 3225//3225 3226//3226
f 3227//3227 3228//3228 3229//3229
f 3230//3230 3231//3231 3232//3232
f 3233//3233 3234//3234 3235//3235
f 3236//3236 3237//3237 3238//3238
f 3239//3239 3240//3240 3241//3241
f 3242//3242 3243//3243 3244//3244
f 3245//3245 3246//3246 3247//3247
f 3248//3248 3249//3249 3250//3250
f 3251//3251 3252//3252 3253//3253
f 3254//3254 3255//3255 3256//3256
f 3257//3257 3258//3258 3259//3259
f 3260//3260 3261//3261 3262//3262
f 3263//3263 3264//3264 3265//3265
f 3266//3266 3267//3267 3268//3268
f 3269//3269 3270//3270 3271//3271
f 3272//3272 3273//3273 3274//3274
f 3275//3275 3276//3276 3277//3277
f 3278//3278 3279//3279 3280//3280
f 3281//3281 3282//3282 3283//3283
f 3284//3284 3285//3285 3286//3286
f 3287//3287 3288//3288 3289//3289
f 3290//3290 3291//3291 3292//3292
f 3293//3293 3294//3294 3295//3295
f 3296//3296 3297//3297 3298//3298
f 3299//3299 3300//3300 3301//3301
f 3302//3302 3303//3303 3304//3304
f 3305//3305 3306//3306 3307//3307
f 3308//3308 3309//3309 3310//3310
f 3311//3311 3312//3312 3313//3313
f 3314//3314 3315//3315 3316//3316
f 3317//3317 3318//3318 3319//3319
f 3320//3320 3321//3321 3322//3322
f 3323//3323 3324//3324 3325//3325
f 3326//3326 3327//3327 3328//3328
f 3329//3329 3330//3330 3331//3331
f 3332//3332 3333//3333 3334//3334
f 3335//3335 3336//3336 3337//3337
f 3338//3338 3339//3339 3340//3340
f 3341//3341 3342//3342 3343//3343
f 3344//3344 3345//3345 3346//3346
f 3347//3347 3348//3348 3349//3349
f 3350//3350 3351//3351 3352//3352
f 3353//3353 3354//3354 3355//3355
f 3356//3356 3357//3357 3358//3358
f 3359//3359 3360//3360 3361//3361
f 3362//3362 3363//3363 3364//3364
f 3365//3365 3366//3366 3367//3367
f 3368//3368 3369//3369 3370//3370
f 3371//3371 3372//3372 3373//3373
f 3374//3374 3375//3375 3376//3376
f 3377//3377 3378//3378 3379//3379
f 3380//3380 3381//3381 3382//3382
f 3383//3383 3384//3384 3385//3385
f 3386//3386 3387//3387 3388//3388
f 3389//3389 3390//3390 3391//3391
f 3392//3392 3393//3393 3394//3394
f 3395//3395 3396//3396 3397//3397
f 3398//3398 3399//3399 3400//3400
f 3401//3401 3402//3402 3403//3403
f 3404//3404 3405//3405 3406//3406
f 3407//3407 3408//3408 3409//3409
f 3410//3410 3411//3411 3412//3412
f 3413//3413 3414//3414 3415//3415
f 3416//3416 3417//3417 3418//3418
f 3419//3419 3420//3420 3421//3421
f 3422//3422 3423//3423 3424//3424
f 3425//3425 3426//3426 3427//3427
f 3428//3428 3429//3429 3430//3430
f 3431//3431 3432//3432 3433//3433
f 3434//3434 3435//3435 3436//3436
f 3437//3437 3438//3438 3439//3439
f 3440//3440 3441//3441 3442//3442
f 3443//3443 3444//3444 3445//3445
f 3446//3446 3447//3447 3448//3448
f 3449//3449 3450//3450 3451//3451
f 3452//3452 3453//3453 3454//3454
f 3455//3455 3456//3456 3457//3457
f 3458//3458 3459//3459 3460//3460
f 3461//3461 3462//3462 3463//3463
f 3464//3464 3465//3465 3466//3466
f 3467//3467 3468//3468 3469//3469
f 3470//3470 3471//3471 3472//3472
f 3473//3473 3474//3474 3475//3475
f 3476//3476 3477//3477 3478//3478
f 3479//3479 3480//3480 3481//3481
f 3482//3482 3483//3483 3484//3484
f 3485//3485 3486//3486 3487//3487
f 3488//3488 3489//3489 3490//3490
f 3491//3491 3492//3492 3493//3493
f 3494//3494 3495//3495 3496//3496
f 3497//3497 3498//3498 3499//3499
f 3500//3500 3501//3501 3502//3502
f 3503//3503 3504//3504 3505//3505
f 3506//3506 3507//3507 3508//3508
f 3509//3509 3510//3510 3511//3511
f 3512//3512 3513//3513 3514//3514
f 3515//3515 3516//3516 3517//3517
f 3518//3518 3519//3519 3520//3520
f 3521//3521 3522//3522 3523//3523
f 3524//3524 3525//3525 3526//3526
f 3527//3527 3528//3528 3529//3529
f 3530//3530 3531//3531 3532//3532
f 3533//3533 3534//3534 3535//3535
f 3536//3536 3537//3537 3538//3538
f 3539//3539 3540//3540 3541//3541
f 3542//3542 3543//3543 3544//3544
f 3545//3545 3546//3546 3547//3547
f 3548//3548 3549//3549 3550//3550
f 3551//3551 3552//3552 3553//3553
f 3554//3554 3555//3555 3556//3556
f 3557//3557 3558//3558 3559//3559
f 3560//3560 3561//3561 3562//3562
f 3563//3563 3564//3564 3565//3565
f 3566//3566 3567//3567 3568//3568
f 3569//3569 3570//3570 3571//3571
f 3572//3572 3573//3573 3574//3574
f 3575//3575 3576//3576 3577//3577
f 3578//3578 3579//3579 3580//3580
f 3581//3581 3582//3582 3583//3583
f 3584//3584 3585//3585 3586//3586
f 3587//3587 3588//3588 3589//3589
f 3590//3590 3591//3591 3592//3592
f 3593//3593 3594//3594 3595//3595
f 3596//3596 3597//3597 3598//3598
f 3599//3599 3600//3600 3601//3601
f 3602//3602 3603//3603 3604//3604
f 3605//3605 3606//3606 3607//3607
f 3608//3608 3609//3609 3610//3610
f 3611//3611 3612//3612 3613//3613
f 3614//3614 3615//3615 3616//3616
f 3617//3617 3618//3618 3619//3619
f 3620//3620 3621//3621 3622//3622
f 3623//3623 3624//3624 3625//3625
f 3626//3626 3627//3627 3628//3628
f 3629//3629 3630//3630 3631//3631
f 3632//3632 3633//3633 3634//3634
f 3635//3635 3636//3636 3637//3637
f 3638//3638 3639//3639 3640//3640
f 3641//3641 3642//3642 3643//3643
f 3644//3644 3645//3645 3646//3646
f 3647//3647 3648//3648 3649//3649
f 3650//3650 3651//3651 3652//3652
f 3653//3653 3654//3654 3655//3655
f 3656//3656 3657//3657 3658//3658
f 3659//3659 3660//3660 3661//3661
f 3662//3662 3663//3663 3664//3664
f 3665//3665 3666//3666 3667//3667
f 3668//3668 3669//3669 3670//3670
f 3671//3671 3672//3672 3673//3673
f 3674//3674 3675//3675 3676//3676
f 3677//3677 3678//3678 3679//3679
f 3680//3680 3681//3681 3682//3682
f 3683//3683 3684//3684 3685//3685
f 3685//3685 3684//3684 3686//3686
f 3687//3687 3688//3688 3689//3689
f 3690//3690 3691//3691 3692//3692
f 3693//3693 3694//3694 3695//3695
f 3696//3696 3697//3697 3698//3698
f 3699//3699 3700//3700 3701//3701
f 3702//3702 3703//3703 3704//3704
f 3705//3705 3706//3706 3707//3707
f 3708//3708 3709//3709 3710//3710
f 3711//3711 3712//3712 3713//3713
f 3714//3714 3715//3715 3716//3716
f 3717//3717 3718//3718 3719//3719
f 3720//3720 3721//3721 3722//3722
f 3723//3723 3724//3724 3725//3725
f 3726//3726 3727//3727 3728//3728
f 3729//3729 3730//3730 3731//3731
f 3732//3732 3733//3733 3734//3734
f 3735//3735 3736//3736 3737//3737
f 3738//3738 3739//3739 3740//3740
f 3741//3741 3742//3742 3743//3743
f 3744//3744 3745//3745 3746//3746
f 3747//3747 3748//3748 3749//3749
f 3750//3750 3751//3751 3752//3752
f 3753//3753 3754//3754 3755//3755
f 3756//3756 3757//3757 3758//3758
f 3759//3759 3760//3760 3761//3761
f 3762//3762 3763//3763 3764//3764
f 3765//3765 3766//3766 3767//3767
f 3768//3768 3769//3769 3770//3770
f 3771//3771 3772//3772 3773//3773
f 3774//3774 3775//3775 3776//3776
f 3777//3777 3778//3778 3779//3779
f 3780//3780 3781//3781 3782//3782
f 3783//3783 3784//3784 3785//3785
f 3786//3786 3787//3787 3788//3788
f 3789//3789 3790//3790 3791//3791
f 3792//3792 3793//3793 3794//3794
f 3795//3795 3796//3796 3797//3797
f 3798//3798 3799//3799 3800//3800
f 3801//3801 3802//3802 3803//3803
f 3804//3804 3805//3805 3806//3806
f 3807//3807 3808//3808 3809//3809
f 3810//3810 3811//3811 3812//3812
f 3813//3813 3814//3814 3815//3815
f 3816//3816 3817//3817 3818//3818
f 3819//3819 3820//3820 3821//3821
f 3822//3822 3823//3823 3824//3824
f 3825//3825 3826//3826 3827//3827
f 3828//3828 3829//3829 3830//3830
f 3831//3831 3832//3832 3833//3833
f 3834//3834 3835//3835 3836//3836
f 3837//3837 3838//3838 3839//3839
f 3840//3840 3841//3841 3842//3842
f 3843//3843 3844//3844 3845//3845
f 3846//3846 3847//3847 3848//3848
f 3849//3849 3850//3850 3851//3851
f 3852//3852 3853//3853 3854//3854
f 3855//3855 3856//3856 3857//3857
f 3858//3858 3859//3859 3860//3860
f 3861//3861 3862//3862 3863//3863
f 3864//3864 3865//3865 3866//3866
f 3867//3867 3868//3868 3869//3869
f 3870//3870 3871//3871 3872//3872
f 3873//3873 3874//3874 3875//3875
f 3876//3876 3877//3877 3878//3878
f 3879//3879 3880//3880 3881//3881
f 3882//3882 3883//3883 3884//3884
f 3885//3885 3886//3886 3887//3887
f 3888//3888 3889//3889 3890//3890
f 3891//3891 3892//3892 3893//3893
f 3894//3894 3895//3895 3896//3896
f 3897//3897 3898//3898 3899//3899
f 3900//3900 3901//3901 3902//3902
f 3903//3903 3904//3904 3905//3905
f 3906//3906 3907//3907 3908//3908
f 3909//3909 3910//3910 3911//3911
f 3912//3912 3913//3913 3914//3914
f 3915//3915 3916//3916 3917//3917
f 3918//3918 3919//3919 3920//3920
f 3921//3921 3922//3922 3923//3923
f 3924//3924 3925//3925 3926//3926
f 3927//3927 3928//3928 3929//3929
f 3930//3930 3931//3931 3932//3932
f 3933//3933 3934//3934 3935//3935
f 3936//3936 3937//3937 3938//3938
f 3939//3939 3940//3940 3941//3941
f 3942//3942 3943//3943 3944//3944
f 3945//3945 3946//3946 3947//3947
f 3948//3948 3949//3949 3950//3950
f 3951//3951 3952//3952 3953//3953
f 3954//3954 3955//3955 3956//3956
f 3957//3957 3958//3958 3959//3959
f 3960//3960 3961//3961 3962//3962
f 3963//3963 3964//3964 3965//3965
f 3966//3966 3967//3967 3968//3968
f 3969//3969 3970//3970 3971//3971
f 3972//3972 3973//3973 3974//3974
f 3975//3975 3976//3976 3977//3977
f 3978//3978 3979//3979 3980//3980
f 3981//3981 3982//3982 3983//3983
f 3984//3984 3985//3985 3986//3986
f 3987//3987 3988//3988 3989//3989
f 3990//3990 3991//3991 3992//3992
f 3993//3993 3994//3994 3995//3995
f 3996//3996 3997//3997 3998//3998
f 3999//3999 4000//4000 4001//4001
f 4002//4002 4003//4003 4004//4004
f 4005//4005 4006//4006 4007//4007
f 4008//4008 4009//4009 4010//4010
f 4011//4011 4012//4012 4013//4013
f 4014//4014 4015//4015 4016//4016
f 4017//4017 4018//4018 4019//4019
f 4020//4020 4021//4021 4022//4022
f 4023//4023 4024//4024 4025//4025
f 4026//4026 4027//4027 4028//4028
f 4029//4029 4030//4030 4031//4031
f 4032//4032 4033//4033 4034//4034
f 4035//4035 4036//4036 4037//4037
f 4038//4038 4039//4039 4040//4040
f 4041//4041 4042//4042 4043//4043
f 4044//4044 4045//4045 4046//4046
f 4047//4047 4048//4048 4049//4049
f 4050//4050 4051//4051 4052//4052
f 4053//4053 4054//4054 4055//4055
f 4056//4056 4057//4057 4058//4058
f 4059//4059 4060//4060 4061//4061
f 4062//4062 4063//4063 4064//4064
f 4065//4065 4066//4066 4067//4067
f 4068//4068 4069//4069 4070//4070
f 4071//4071 4072//4072 4073//4073
f 4074//4074 4075//4075 4076//4076
f 4077//4077 4078//4078 4079//4079
f 4080//4080 4081//4081 4082//4082
f 4083//4083 4084//4084 4085//4085
f 4086//4086 4087//4087 4088//4088
f 4089//4089 4090//4090 4091//4091
f 4092//4092 4093//4093 4094//4094
f 4095//4095 4096//4096 4097//4097
f 4098//4098 4099//4099 4100//4100
f 4101//4101 4102//4102 4103//4103
f 4104//4104 4105//4105 4106//4106
f 4107//4107 4108//4108 4109//4109
f 4110//4110 4111//4111 4112//4112
f 4113//4113 4114//4114 4115//4115
f 4116//4116 4117//4117 4118//4118
f 4119//4119 4120//4120 4121//4121
f 4122//4122 4123//4123 4124//4124
f 4125//4125 4126//4126 4127//4127
f 4128//4128 4129//4129 4130//4130
f 4131//4131 4132//4132 4133//4133
f 4134//4134 4135//4135 4136//4136
f 4137//4137 4138//4138 4139//4139
f 4140//4140 4141//4141 4142//4142
f 4143//4143 4144//4144 4145//4145
f 4146//4146 4147//4147 4148//4148
f 4149//4149 4150//4150 4151//4151
f 4152//4152 4153//4153 4154//4154
f 4155//4155 4156//4156 4157//4157
f 4158//4158 4159//4159 4160//4160
f 4161//4161 4162//4162 4163//4163
f 4164//4164 4165//4165 4166//4166
f 4167//4167 4168//4168 4169//4169
f 4170//4170 4171//4171 4172//4172
f 4173//4173 4174//4174 4175//4175
f 4176//4176 4177//4177 4178//4178
f 4179//4179 4180//4180 4181//4181
f 4182//4182 4183//4183 4184//4184
f 4185//4185 4186//4186 4187//4187
f 4188//4188 4189//4189 4190//4190
f 4191//4191 4192//4192 4193//4193
f 4194//4194 4195//4195 4196//4196
f 4197//4197 4198//4198 4199//4199
f 4200//4200 4201//4201 4202//4202
f 4203//4203 4204//4204 4205//4205
f 4206//4206 4207//4207 4208//4208
f 4209//4209 4210//4210 4211//4211
f 4212//4212 4213//4213 4214//4214
f 4215//4215 4216//4216 4217//4217
f 4218//4218 4219//4219 4220//4220
f 4221//4221 4222//4222 4223//4223
f 4224//4224 4225//4225 4226//4226
f 4227//4227 4228//4228 4229//4229
f 4230//4230 4231//4231 4232//4232
f 4233//4233 4234//4234 4235//4235
f 4236//4236 4237//4237 4238//4238
f 4239//4239 4240//4240 4241//4241
f 4242//4242 4243//4243 4244//4244
f 4245//4245 4246//4246 4247//4247
f 4248//4248 4249//4249 4250//4250
f 4251//4251 4252//4252 4253//4253
f 4254//4254 4255//4255 4256//4256
f 4257//4257 4258//4258 4259//4259
f 4260//4260 4261//4261 4262//4262
f 4263//4263 4264//4264 4265//4265
f 4266//4266 4267//4267 4268//4268
f 4269//4269 4270//4270 4271//4271
f 4272//4272 4273//4273 4274//4274
f 4275//4275 4276//4276 4277//4277
f 4278//4278 4279//4279 4280//4280
f 4281//4281 4282//4282 4283//4283
f 4284//4284 4285//4285 4286//4286
f 4287//4287 4288//4288 4289//4289
f 4290//4290 4291//4291 4292//4292
f 4293//4293 4294//4294 4295//4295
f 4296//4296 4297//4297 4298//4298
f 4299//4299 4300//4300 4301//4301
f 4302//4302 4303//4303 4304//4304
f 4305//4305 4306//4306 4307//4307
f 4308//4308 4309//4309 4310//4310
f 4311//4311 4312//4312 4313//4313
f 4314//4314 4315//4315 4316//4316
f 4317//4317 4318//4318 4319//4319
f 4320//4320 4321//4321 4322//4322
f 4323//4323 4324//4324 4325//4325
f 4326//4326 4327//4327 4328//4328
f 4329//4329 4330//4330 4331//4331
f 4332//4332 4333//4333 4334//4334
f 4335//4335 4336//4336 4337//4337
f 4338//4338 4339//4339 4340//4340
f 4341//4341 4342//4342 4343//4343
f 4344//4344 4345//4345 4346//4346
f 4347//4347 4348//4348 4349//4349
f 4350//4350 4351//4351 4352//4352
f 4353//4353 4354//4354 4355//4355
f 4356//4356 4357//4357 4358//4358
f 4359//4359 4360//4360 4361//4361
f 4362//4362 4363//4363 4364//4364
f 4365//4365 4366//4366 4367//4367
f 4368//4368 4369//4369 4370//4370
f 4371//4371 4372//4372 4373//4373
f 4374//4374 4375//4375 4376//4376
f 4377//4377 4378//4378 4379//4379
f 4380//4380 4381//4381 4382//4382
f 4383//4383 4384//4384 4385//4385
f 4386//4386 4387//4387 4388//4388
f 4389//4389 4390//4390 4391//4391
f 4392//4392 4393//4393 4394//4394
f 4395//4395 4396//4396 4397//4397
f 4398//4398 4399//4399 4400//4400
f 4401//4401 4402//4402 4403//4403
f 4404//4404 4405//4405 4406//4406
f 4407//4407 4408//4408 4409//4409
f 4410//4410 4411//4411 4412//4412
f 4413//4413 4414//4414 4415//4415
f 4416//4416 4417//4417 4418//4418
f 4419//4419 4420//4420 4421//4421
f 4422//4422 4423//4423 4424//4424
f 4425//4425 4426//4426 4427//4427
f 4428//4428 4429//4429 4430//4430
f 4431//4431 4432//4432 4433//4433
f 4434//4434 4435//4435 4436//4436
f 4437//4437 4438//4438 4439//4439
f 4440//4440 4441//4441 4442//4442
f 4443//4443 4444//4444 4445//4445
f 4446//4446 4447//4447 4448//4448
f 4449//4449 4450//4450 4451//4451
f 4452//4452 4453//4453 4454//4454
f 4455//4455 4456//4456 4457//4457
f 4458//4458 4459//4459 4460//4460
f 4461//4461 4462//4462 4463//4463
f 4464//4464 4465//4465 4466//4466
f 4467//4467 4468//4468 4469//4469
f 4470//4470 4471//4471 4472//4472
f 4473//4473 4474//4474 4475//4475
f 4476//4476 4477//4477 4478//4478
f 4479//4479 4480//4480 4481//4481
f 4482//4482 4483//4483 4484//4484
f 4485//4485 4486//4486 4487//4487
f 4488//4488 4489//4489 4490//4490
f 4491//4491 4492//4492 4493//4493
f 4494//4494 4495//4495 4496//4496
f 4497//4497 4498//4498 4499//4499
f 4500//4500 4501//4501 4502//4502
f 4503//4503 4504//4504 4505//4505
f 4506//4506 4507//4507 4508//4508
f 4509//4509 4510//4510 4511//4511
f 4512//4512 4513//4513 4514//4514
f 4515//4515 4516//4516 4517//4517
f 4518//4518 4519//4519 4520//4520
f 4521//4521 4522//4522 4523//4523
f 4524//4524 4525//4525 4526//4526
f 4527//4527 4528//4528 4529//4529
f 4530//4530 4531//4531 4532//4532
f 4533//4533 4534//4534 4535//4535
f 4536//4536 4537//4537 4538//4538
f 4539//4539 4540//4540 4541//4541
f 4542//4542 4543//4543 4544//4544
f 4545//4545 4546//4546 4547//4547
f 4548//4548 4549//4549 4550//4550
f 4551//4551 4552//4552 4553//4553
f 4554//4554 4555//4555 4556//4556
f 4557//4557 4558//4558 4559//4559
f 4560//4560 4561//4561 4562//4562
f 4563//4563 4564//4564 4565//4565
f 4566//4566 4567//4567 4568//4568
f 4569//4569 4570//4570 4571//4571
f 4572//4572 4573//4573 4574//4574
f 4575//4575 4576//4576 4577//4577
f 4578//4578 4579//4579 4580//4580
f 4581//4581 4582//4582 4583//4583
f 4584//4584 4585//4585 4586//4586
f 4587//4587 4588//4588 4589//4589
f 4590//4590 4591//4591 4592//4592
f 4593//4593 4594//4594 4595//4595
f 4596//4596 4597//4597 4598//4598
f 4599//4599 4600//4600 4601//4601
f 4602//4602 4603//4603 4604//4604
f 4605//4605 4606//4606 4607//4607
f 4608//4608 4609//4609 4610//4610
f 4611//4611 4612//4612 4613//4613
f 4614//4614 4615//4615 4616//4616
f 4617//4617 4618//4618 4619//4619
f 4620//4620 4621//4621 4622//4622
f 4623//4623 4624//4624 4625//4625
f 4626//4626 4627//4627 4628//4628
f 4629//4629 4630//4630 4631//4631
f 4632//4632 4633//4633 4634//4634
f 4635//4635 4636//4636 4637//4637
f 4638//4638 4639//4639 4640//4640
f 4641//4641 4642//4642 4643//4643
f 4644//4644 4645//4645 4646//4646
f 4647//4647 4648//4648 4649//4649
f 4650//4650 4651//4651 4652//4652
f 4653//4653 4654//4654 4655//4655
f 4656//4656 4657//4657 4658//4658
f 4659//4659 4660//4660 4661//4661
f 4662//4662 4663//4663 4664//4664
f 4665//4665 4666//4666 4667//4667
f 4668//4668 4669//4669 4670//4670
f 4671//4671 4672//4672 4673//4673
f 4674//4674 4675//4675 4676//4676
f 4677//4677 4678//4678 4679//4679
f 4680//4680 4681//4681 4682//4682
f 4683//4683 4684//4684 4685//4685
f 4686//4686 4687//4687 4688//4688
f 4689//4689 4690//4690 4691//4691
f 4692//4692 4693//4693 4694//4694
f 4695//4695 4696//4696 4697//4697
f 4698//4698 4699//4699 4700//4700
f 4701//4701 4702//4702 4703//4703
f 4704//4704 4705//4705 4706//4706
f 4707//4707 4708//4708 4709//4709
f 4710//4710 4711//4711 4712//4712
f 4713//4713 4714//4714 4715//4715
f 4716//4716 4717//4717 4718//4718
f 4719//4719 4720//4720 4721//4721
f 4722//4722 4723//4723 4724//4724
f 4725//4725 4726//4726 4727//4727
f 4728//4728 4729//4729 4730//4730
f 4731//4731 4732//4732 4733//4733
f 4734//4734 4735//4735 4736//4736
f 4737//4737 4738//4738 4739//4739
f 4740//4740 4741//4741 4742//4742
f 4743//4743 4744//4744 4745//4745
f 4746//4746 4747//4747 4748//4748
f 4749//4749 4750//4750 4751//4751
f 4752//4752 4753//4753 4754//4754
f 4755//4755 4756//4756 4757//4757
f 4758//4758 4759//4759 4760//4760
f 4761//4761 4762//4762 4763//4763
f 4764//4764 4765//4765 4766//4766
f 4767//4767 4768//4768 4769//4769
f 4770//4770 4771//4771 4772//4772
f 4773//4773 4774//4774 4775//4775
f 4776//4776 4777//4777 4778//4778
f 4779//4779 4780//4780 4781//4781
f 4782//4782 4783//4783 4784//4784
f 4785//4785 4786//4786 4787//4787
f 4788//4788 4789//4789 4790//4790
f 4791//4791 4792//4792 4793//4793
f 4794//4794 4795//4795 4796//4796
f 4797//4797 4798//4798 4799//4799
f 4800//4800 4801//4801 4802//4802
f 4803//4803 4804//4804 4805//4805
f 4806//4806 4807//4807 4808//4808
f 4809//4809 4810//4810 4811//4811
f 4812//4812 4813//4813 4814//4814
f 4815//4815 4816//4816 4817//4817
f 4818//4818 4819//4819 4820//4820
f 4821//4821 4822//4822 4823//4823
f 4824//4824 4825//4825 4826//4826
f 4827//4827 4828//4828 4829//4829
f 4830//4830 4831//4831 4832//4832
f 4833//4833 4834//4834 4835//4835
f 4836//4836 4837//4837 4838//4838
f 4839//4839 4840//4840 4841//4841
f 4842//4842 4843//4843 4844//4844
f 4845//4845 4846//4846 4847//4847
f 4848//4848 4849//4849 4850//4850
f 4851//4851 4852//4852 4853//4853
f 4854//4854 4855//4855 4856//4856
f 4857//4857 4858//4858 4859//4859
f 4860//4860 4861//4861 4862//4862
f 4863//4863 4864//4864 4865//4865
f 4866//4866 4867//4867 4868//4868
f 4869//4869 4870//4870 4871//4871
f 4872//4872 4873//4873 4874//4874
f 4875//4875 4876//4876 4877//4877
f 4878//4878 4879//4879 4880//4880
f 4881//4881 4882//4882 4883//4883
f 4884//4884 4885//4885 4886//4886
f 4887//4887 4888//4888 4889//4889
f 4890//4890 4891//4891 4892//4892
f 4893//4893 4894//4894 4895//4895
f 4896//4896 4897//4897 4898//4898
f 4899//4899 4900//4900 4901//4901
f 4902//4902 4903//4903 4904//4904
f 4905//4905 4906//4906 4907//4907
f 4908//4908 4909//4909 4910//4910
f 4911//4911 4912//4912 4913//4913
f 4914//4914 4915//4915 4916//4916
f 4917//4917 4918//4918 4919//4919
f 4920//4920 4921//4921 4922//4922
f 4923//4923 4924//4924 4925//4925
f 4926//4926 4927//4927 4928//4928
f 4929//4929 4930//4930 4931//4931
f 4932//4932 4933//4933 4934//4934
f 4935//4935 4936//4936 4937//4937
f 4938//4938 4939//4939 4940//4940
f 4941//4941 4942//4942 4943//4943
f 4944//4944 4945//4945 4946//4946
f 4947//4947 4948//4948 4949//4949
f 4950//4950 4951//4951 4952//4952
f 4953//4953 4954//4954 4955//4955
f 4956//4956 4957//4957 4958//4958
f 4959//4959 4960//4960 4961//4961
f 4962//4962 4963//4963 4964//4964
f 4965//4965 4966//4966 4967//4967
f 4968//4968 4969//4969 4970//4970
f 4971//4971 4972//4972 4973//4973
f 4974//4974 4975//4975 4976//4976
f 4977//4977 4978//4978 4979//4979
f 4980//4980 4981//4981 4982//4982
f 4982//4982 4981//4981 4983//4983
f 4984//4984 4985//4985 4986//4986
f 4987//4987 4988//4988 4989//4989
f 4990//4990 4991//4991 4992//4992
f 4993//4993 4994//4994 4995//4995
f 4996//4996 4997//4997 4998//4998
f 4999//4999 5000//5000 5001//5001
f 5002//5002 5003//5003 5004//5004
f 5005//5005 5006//5006 5007//5007
f 5008//5008 5009//5009 5010//5010
f 5011//5011 5012//5012 5013//5013
f 5014//5014 5015//5015 5016//5016
f 5017//5017 5018//5018 5019//5019
f 5020//5020 5021//5021 5022//5022
f 5023//5023 5024//5024 5025//5025
f 5026//5026 5027//5027 5028//5028
f 5029//5029 5030//5030 5031//5031
f 5032//5032 5033//5033 5034//5034
f 5035//5035 5036//5036 5037//5037
f 5038//5038 5039//5039 5040//5040
f 5041//5041 5042//5042 5043//5043
f 5044//5044 5045//5045 5046//5046
f 5047//5047 5048//5048 5049//5049
f 5050//5050 5051//5051 5052//5052
f 5053//5053 5054//5054 5055//5055
f 5056//5056 5057//5057 5058//5058
f 5059//5059 5060//5060 5061//5061
f 5062//5062 5063//5063 5064//5064
f 5065//5065 5066//5066 5067//5067
f 5068//5068 5069//5069 5070//5070
f 5071//5071 5072//5072 5073//5073
f 5074//5074 5075//5075 5076//5076
f 5077//5077 5078//5078 5079//5079
f 5080//5080 5081//5081 5082//5082
f 5083//5083 5084//5084 5085//5085
f 5086//5086 5087//5087 5088//5088
f 5089//5089 5090//5090 5091//5091
f 5092//5092 5093//5093 5094//5094
f 5095//5095 5096//5096 5097//5097
f 5098//5098 5099//5099 5100//5100
f 5101//5101 5102//5102 5103//5103
f 5104//5104 5105//5105 5106//5106
f 5107//5107 5108//5108 5109//5109
f 5110//5110 5111//5111 5112//5112
f 5113//5113 5114//5114 5115//5115
f 5116//5116 5117//5117 5118//5118
f 5119//5119 5120//5120 5121//5121
f 5122//5122 5123//5123 5124//5124
f 5125//5125 5126//5126 5127//5127
f 5128//5128 5129//5129 5130//5130
f 5131//5131 5132//5132 5133//5133
f 5134//5134 5135//5135 5136//5136
f 5137//5137 5138//5138 5139//5139
f 5140//5140 5141//5141 5142//5142
f 5143//5143 5144//5144 5145//5145
f 5146//5146 5147//5147 5148//5148
f 5149//5149 5150//5150 5151//5151
f 5152//5152 5153//5153 5154//5154
f 5155//5155 5156//5156 5157//5157
f 5158//5158 5159//5159 5160//5160
f 5161//5161 5162//5162 5163//5163
f 5164//5164 5165//5165 5166//5166
f 5167//5167 5168//5168 5169//5169
f 5170//5170 5171//5171 5172//5172
f 5173//5173 5174//5174 5175//5175
f 5176//5176 5177//5177 5178//5178
f 5179//5179 5180//5180 5181//5181
f 5182//5182 5183//5183 5184//5184
f 5185//5185 5186//5186 5187//5187
f 5188//5188 5189//5189 5190//5190
f 5191//5191 5192//5192 5193//5193
f 5194//5194 5195//5195 5196//5196
f 5197//5197 5198//5198 5199//5199
f 5200//5200 5201//5201 5202//5202
f 5203//5203 5204//5204 5205//5205
f 5206//5206 5207//5207 5208//5208
f 5209//5209 5210//5210 5211//5211
f 5212//5212 5213//5213 5214//5214
f 5215//5215 5216//5216 5217//5217
f 5218//5218 5219//5219 5220//5220
f 5221//5221 5222//5222 5223//5223
f 5224//5224 5225//5225 5226//5226
f 5227//5227 5228//5228 5229//5229
f 5230//5230 5231//5231 5232//5232
f 5233//5233 5234//5234 5235//5235
f 5236//5236 5237//5237 5238//5238
f 5239//5239 5240//5240 5241//5241
f 5242//5242 5243//5243 5244//5244
f 5245//5245 5246//5246 5247//5247
f 5248//5248 5249//5249 5250//5250
f 5251//5251 5252//5252 5253//5253
f 5254//5254 5255//5255 5256//5256
f 5257//5257 5258//5258 5259//5259
f 5260//5260 5261//5261 5262//5262
f 5263//5263 5264//5264 5265//5265
f 5266//5266 5267//5267 5268//5268
f 5269//5269 5270//5270 5271//5271
f 5272//5272 5273//5273 5274//5274
f 5275//5275 5276//5276 5277//5277
f 5278//5278 5279//5279 5280//5280
f 5281//5281 5282//5282 5283//5283
f 5284//5284 5285//5285 5286//5286
f 5287//5287 5288//5288 5289//5289
f 5290//5290 5291//5291 5292//5292
f 5293//5293 5294//5294 5295//5295
f 5296//5296 5297//5297 5298//5298
f 5299//5299 5300//5300 5301//5301
f 5302//5302 5303//5303 5304//5304
f 5305//5305 5306//5306 5307//5307
f 5308//5308 5309//5309 5310//5310
f 5311//5311 5312//5312 5313//5313
f 5314//5314 5315//5315 5316//5316
f 5317//5317 5318//5318 5319//5319
f 5320//5320 5321//5321 5322//5322
f 5323//5323 5324//5324 5325//5325
f 5326//5326 5327//5327 5328//5328
f 5329//5329 5330//5330 5331//5331
f 5332//5332 5333//5333 5334//5334
f 5335//5335 5336//5336 5337//5337
f 5338//5338 5339//5339 5340//5340
f 5341//5341 5342//5342 5343//5343
f 5344//5344 5345//5345 5346//5346
f 5347//5347 5348//5348 5349//5349
f 5350//5350 5351//5351 5352//5352
f 5353//5353 5354//5354 5355//5355
f 5356//5356 5357//5357 5358//5358
f 5359//5359 5360//5360 5361//5361
f 5362//5362 5363//5363 5364//5364
f 5365//5365 5366//5366 5367//5367
f 5368//5368 5369//5369 5370//5370
f 5371//5371 5372//5372 5373//5373
f 5374//5374 5375//5375 5376//5376
f 5377//5377 5378//5378 5379//5379
f 5380//5380 5381//5381 5382//5382
f 5383//5383 5384//5384 5385//5385
f 5386//5386 5387//5387 5388//5388
f 5389//5389 5390//5390 5391//5391
f 5392//5392 5393//5393 5394//5394
f 5395//5395 5396//5396 5397//5397
f 5398//5398 5399//5399 5400//5400
f 5401//5401 5402//5402 5403//5403
f 5404//5404 5405//5405 5406//5406
f 5407//5407 5408//5408 5409//5409
f 5410//5410 5411//5411 5412//5412
f 5413//5413 5414//5414 5415//5415
f 5416//5416 5417//5417 5418//5418
f 5419//5419 5420//5420 5421//5421
f 5422//5422 5423//5423 5424//5424
f 5425//5425 5426//5426 5427//5427
f 5428//5428 5429//5429 5430//5430
f 5431//5431 5432//5432 5433//5433
f 5434//5434 5435//5435 5436//5436
f 5437//5437 5438//5438 5439//5439
f 5440//5440 5441//5441 5442//5442
f 5443//5443 5444//5444 5445//5445
f 5446//5446 5447//5447 5448//5448
f 5449//5449 5450//5450 5451//5451
f 5452//5452 5453//5453 5454//5454
f 5455//5455 5456//5456 5457//5457
f 5458//5458 5459//5459 5460//5460
f 5461//5461 5462//5462 5463//5463
f 5464//5464 5465//5465 5466//5466
f 5467//5467 5468//5468 5469//5469
f 5470//5470 5471//5471 5472//5472
f 5473//5473 5474//5474 5475//5475
f 5476//5476 5477//5477 5478//5478
f 5479//5479 5480//5480 5481//5481
f 5482//5482 5483//5483 5484//5484
f 5485//5485 5486//5486 5487//5487
f 5488//5488 5489//5489 5490//5490
f 5491//5491 5492//5492 5493//5493
f 5494//5494 5495//5495 5496//5496
f 5497//5497 5498//5498 5499//5499
f 5500//5500 5501//5501 5502//5502
f 5503//5503 5504//5504 5505//5505
f 5506//5506 5507//5507 5508//5508
f 5509//5509 5510//5510 5511//5511
f 5512//5512 5513//5513 5514//5514
f 5515//5515 5516//5516 5517//5517
f 5518//5518 5519//5519 5520//5520
f 5521//5521 5522//5522 5523//5523
f 5524//5524 5525//5525 5526//5526
f 5527//5527 5528//5528 5529//5529
f 5530//5530 5531//5531 5532//5532
f 5533//5533 5534//5534 5535//5535
f 5536//5536 5537//5537 5538//5538
f 5539//5539 5540//5540 5541//5541
f 5542//5542 5543//5543 5544//5544
f 5545//5545 5546//5546 5547//5547
f 5548//5548 5549//5549 5550//5550
f 5551//5551 5552//5552 5553//5553
f 5554//5554 5555//5555 5556//5556
f 5557//5557 5558//5558 5559//5559
f 5560//5560 5561//5561 5562//5562
f 5563//5563 5564//5564 5565//5565
f 5566//5566 5567//5567 5568//5568
f 5569//5569 5570//5570 5571//5571
f 5572//5572 5573//5573 5574//5574
f 5575//5575 5576//5576 5577//5577
f 5578//5578 5579//5579 5580//5580
f 5581//5581 5582//5582 5583//5583
f 5584//5584 5585//5585 5586//5586
f 5587//5587 5588//5588 5589//5589
f 5590//5590 5591//5591 5592//5592
f 5593//5593 5594//5594 5595//5595
f 5596//5596 5597//5597 5598//5598
f 5599//5599 5600//5600 5601//5601
f 5602//5602 5603//5603 5604//5604
f 5605//5605 5606//5606 5607//5607
f 5608//5608 5609//5609 5610//5610
f 5611//5611 5612//5612 5613//5613
f 5614//5614 5615//5615 5616//5616
f 5617//5617 5618//5618 5619//5619
f 5620//5620 5621//5621 5622//5622
f 5623//5623 5624//5624 5625//5625
f 5626//5626 5627//5627 5628//5628
f 5629//5629 5630//5630 5631//5631
f 5632//5632 5633//5633 5634//5634
f 5635//5635 5636//5636 5637//5637
f 5638//5638 5639//5639 5640//5640
f 5641//5641 5642//5642 5643//5643
f 5644//5644 5645//5645 5646//5646
f 5647//5647 5648//5648 5649//5649
f 5650//5650 5651//5651 5652//5652
f 5653//5653 5654//5654 5655//5655
f 5656//5656 5657//5657 5658//5658
f 5659//5659 5660//5660 5661//5661
f 5662//5662 5663//5663 5664//5664
f 5665//5665 5666//5666 5667//5667
f 5668//5668 5669//5669 5670//5670
f 5671//5671 5672//5672 5673//5673
f 5674//5674 5675//5675 5676//5676
f 5677//5677 5678//5678 5679//5679
f 5680//5680 5681//5681 5682//5682
f 5683//5683 5684//5684 5685//5685
f 5686//5686 5687//5687 5688//5688
f 5689//5689 5690//5690 5691//5691
f 5692//5692 5693//5693 5694//5694
f 5695//5695 5696//5696 5697//5697
f 5698//5698 5699//5699 5700//5700
f 5701//5701 5702//5702 5703//5703
f 5704//5704 5705//5705 5706//5706
f 5707//5707 5708//5708 5709//5709
f 5710//5710 5711//5711 5712//5712
f 5713//5713 5714//5714 5715//5715
f 5716//5716 5717//5717 5718//5718
f 5719//5719 5720//5720 5721//5721
f 5722//5722 5723//5723 5724//5724
f 5725//5725 5726//5726 5727//5727
f 5728//5728 5729//5729 5730//5730
f 5731//5731 5732//5732 5733//5733
f 5734//5734 5735//5735 5736//5736
f 5737//5737 5738//5738 5739//5739
f 5740//5740 5741//5741 5742//5742
f 5743//5743 5744//5744 5745//5745
f 5746//5746 5747//5747 5748//5748
f 5749//5749 5750//5750 5751//5751
f 5752//5752 5753//5753 5754//5754
f 5755//5755 5756//5756 5757//5757
f 5758//5758 5759//5759 5760//5760
f 5761//5761 5762//5762 5763//5763
f 5764//5764 5765//5765 5766//5766
f 5767//5767 5768//5768 5769//5769
f 5770//5770 5771//5771 5772//5772
f 5773//5773 5774//5774 5775//5775
f 5776//5776 5777//5777 5778//5778
f 5779//5779 5780//5780 5781//5781
f 5782//5782 5783//5783 5784//5784
f 5785//5785 5786//5786 5787//5787
f 5788//5788 5789//5789 5790//5790
f 5791//5791 5792//5792 5793//5793
f 5794//5794 5795//5795 5796//5796
f 5797//5797 5798//5798 5799//5799
f 5800//5800 5801//5801 5802//5802
f 5803//5803 5804//5804 5805//5805
f 5806//5806 5807//5807 5808//5808
f 5809//5809 5810//5810 5811//5811
f 5812//5812 5813//5813 5814//5814
f 5815//5815 5816//5816 5817//5817
f 5818//5818 5819//5819 5820//5820
f 5821//5821 5822//5822 5823//5823
f 5824//5824 5825//5825 5826//5826
f 5827//5827 5828//5828 5829//5829
f 5830//5830 5831//5831 5832//5832
f 5833//5833 5834//5834 5835//5835
f 5836//5836 5837//5837 5838//5838
f 5839//5839 5840//5840 5841//5841
f 5842//5842 5843//5843 5844//5844
f 5845//5845 5846//5846 5847//5847
f 5848//5848 5849//5849 5850//5850
f 5851//5851 5852//5852 5853//5853
f 5854//5854 5855//5855 5856//5856
f 5857//5857 5858//5858 5859//5859
f 5860//5860 5861//5861 5862//5862
f 5863//5863 5864//5864 5865//5865
f 5866//5866 5867//5867 5868//5868
f 5869//5869 5870//5870 5871//5871
f 5872//5872 5873//5873 5874//5874
f 5875//5875 5876//5876 5877//5877
f 5878//5878 5879//5879 5880//5880
f 5881//5881 5882//5882 5883//5883
f 5884//5884 5885//5885 5886//5886
f 5887//5887 5888//5888 5889//5889
f 5890//5890 5891//5891 5892//5892
f 5893//5893 5894//5894 5895//5895
f 5896//5896 5897//5897 5898//5898
f 5899//5899 5900//5900 5901//5901
f 5902//5902 5903//5903 5904//5904
f 5905//5905 5906//5906 5907//5907
f 5908//5908 5909//5909 5910//5910
f 5911//5911 5912//5912 5913//5913
f 5914//5914 5915//5915 5916//5916
f 5917//5917 5918//5918 5919//5919
f 5920//5920 5921//5921 5922//5922
f 5923//5923 5924//5924 5925//5925
f 5926//5926 5927//5927 5928//5928
f 5929//5929 5930//5930 5931//5931
f 5932//5932 5933//5933 5934//5934
f 5935//5935 5936//5936 5937//5937
f 5938//5938 5939//5939 5940//5940
f 5941//5941 5942//5942 5943//5943
f 5944//5944 5945//5945 5946//5946
f 5947//5947 5948//5948 5949//5949
f 5950//5950 5951//5951 5952//5952
f 5953//5953 5954//5954 5955//5955
f 5956//5956 5957//5957 5958//5958
f 5959//5959 5960//5960 5961//5961
f 5962//5962 5963//5963 5964//5964
f 5965//5965 5966//5966 5967//5967
f 5968//5968 5969//5969 5970//5970
f 5971//5971 5972//5972 5973//5973
f 5974//5974 5975//5975 5976//5976
f 5977//5977 5978//5978 5979//5979
f 5980//5980 5981//5981 5982//5982
f 5983//5983 5984//5984 5985//5985
f 5986//5986 5987//5987 5988//5988
f 5989//5989 5990//5990 5991//5991
f 5992//5992 5993//5993 5994//5994
f 5995//5995 5996//5996 5997//5997
f 5998//5998 5999//5999 6000//6000
f 6001//6001 6002//6002 6003//6003
f 6004//6004 6005//6005 6006//6006
f 6007//6007 6008//6008 6009//6009
f 6010//6010 6011//6011 6012//6012
f 6013//6013 6014//6014 6015//6015
f 6016//6016 6017//6017 6018//6018
f 6019//6019 6020//6020 6021//6021
f 6022//6022 6023//6023 6024//6024
f 6025//6025 6026//6026 6027//6027
f 6028//6028 6029//6029 6030//6030
f 6031//6031 6032//6032 6033//6033
f 6034//6034 6035//6035 6036//6036
f 6037//6037 6038//6038 6039//6039
f 6040//6040 6041//6041 6042//6042
f 6043//6043 6044//6044 6045//6045
f 6046//6046 6047//6047 6048//6048
f 6049//6049 6050//6050 6051//6051
f 6052//6052 6053//6053 6054//6054
f 6055//6055 6056//6056 6057//6057
f 6058//6058 6059//6059 6060//6060
f 6061//6061 6062//6062 6063//6063
f 6064//6064 6065//6065 6066//6066
f 6067//6067 6068//6068 6069//6069
f 6070//6070 6071//6071 6072//6072
f 6073//6073 6074//6074 6075//6075
f 6076//6076 6077//6077 6078//6078
f 6079//6079 6080//6080 6081//6081
f 6082//6082 6083//6083 6084//6084
f 6085//6085 6086//6086 6087//6087
f 6088//6088 6089//6089 6090//6090
f 6091//6091 6092//6092 6093//6093
f 6094//6094 6095//6095 6096//6096
f 6097//6097 6098//6098 6099//6099
f 6100//6100 6101//6101 6102//6102
f 6103//6103 6104//6104 6105//6105
f 6106//6106 6107//6107 6108//6108
f 6109//6109 6110//6110 6111//6111
f 6112//6112 6113//6113 6114//6114
f 6115//6115 6116//6116 6117//6117
f 6118//6118 6119//6119 6120//6120
f 6121//6121 6122//6122 6123//6123
f 6124//6124 6125//6125 6126//6126
f 6127//6127 6128//6128 6129//6129
f 6130//6130 6131//6131 6132//6132
f 6133//6133 6134//6134 6135//6135
f 6136//6136 6137//6137 6138//6138
f 6139//6139 6140//6140 6141//6141
f 6142//6142 6143//6143 6144//6144
f 6145//6145 6146//6146 6147//6147
f 6148//6148 6149//6149 6150//6150
f 6151//6151 6152//6152 6153//6153
f 6154//6154 6155//6155 6156//6156
f 6157//6157 6158//6158 6159//6159
f 6160//6160 6161//6161 6162//6162
f 6163//6163 6164//6164 6165//6165
f 6166//6166 6167//6167 6168//6168
f 6169//6169 6170//6170 6171//6171
f 6172//6172 6173//6173 6174//6174
f 6175//6175 6176//6176 6177//6177
f 6178//6178 6179//6179 6180//6180
f 6181//6181 6182//6182 6183//6183
f 6184//6184 6185//6185 6186//6186
f 6187//6187 6188//6188 6189//6189
f 6190//6190 6191//6191 6192//6192
f 6193//6193 6194//6194 6195//6195
f 6196//6196 6197//6197 6198//6198
f 6199//6199 6200//6200 6201//6201
f 6202//6202 6203//6203 6204//6204
f 6205//6205 6206//6206 6207//6207
f 6208//6208 6209//6209 6210//6210
f 6211//6211 6212//6212 6213//6213
f 6214//6214 6215//6215 6216//6216
f 6217//6217 6218//6218 6219//6219
f 6220//6220 6221//6221 6222//6222
f 6223//6223 6224//6224 6225//6225
f 6226//6226 6227//6227 6228//6228
f 6229//6229 6230//6230 6231//6231
f 6232//6232 6233//6233 6234//6234
f 6235//6235 6236//6236 6237//6237
f 6238//6238 6239//6239 6240//6240
# 2084 faces, 0 coords texture

# End of File
